Allele	variable	value
DQB1*03:01	USA NMDP Alaska Native or Aleut (n=1376)	0.381
DQB1*03:01	USA NMDP Vietnamese (n=43540)	0.333
DQB1*05:02	USA NMDP Filipino (n=50614)	0.305
DQB1*03:01	USA NMDP Middle Eastern or North Coast of Africa (n=70890)	0.287
DQB1*03:01	USA NMDP Hawaiian or other Pacific Islander (n=11499)	0.249
DQB1*03:01	USA NMDP American Indian South or Central America (n=5926)	0.237
DQB1*03:01	USA NMDP North American Indian (n=35791)	0.237
DQB1*03:01	USA NMDP Chinese (n=99672)	0.23
DQB1*02:01	USA NMDP European Caucasian (n=1242890)	0.228
DQB1*02:01	USA NMDP African (n=28557)	0.222
DQB1*02:01	USA NMDP Caribean Hispanic (n=115374)	0.218
DQB1*02:01	USA NMDP Caribean Indian (n=14339)	0.215
DQB1*02:01	USA NMDP African American (n=416581)	0.214
DQB1*06:02	USA NMDP Caribean Black (n=33328)	0.211
DQB1*03:01	USA NMDP Mexican or Chicano (n=261235)	0.211
DQB1*02:01	USA NMDP Caribean Black (n=33328)	0.207
DQB1*03:02	USA NMDP Mexican or Chicano (n=261235)	0.207
DQB1*03:01	USA NMDP Filipino (n=50614)	0.205
DQB1*06:02	USA NMDP African (n=28557)	0.203
DQB1*02:01	USA NMDP South Asian Indian (n=185391)	0.199
DQB1*02:01	USA NMDP Middle Eastern or North Coast of Africa (n=70890)	0.198
DQB1*06:02	USA NMDP African American (n=416581)	0.197
DQB1*03:01	USA NMDP European Caucasian (n=1242890)	0.195
DQB1*03:02	USA NMDP Hispanic South or Central American (n=146714)	0.194
DQB1*03:01	USA NMDP Hispanic South or Central American (n=146714)	0.193
DQB1*03:01	USA NMDP African American (n=416581)	0.187
DQB1*02:01	USA NMDP American Indian South or Central America (n=5926)	0.185
DQB1*02:01	USA NMDP Southeast Asian (n=27978)	0.182
DQB1*06:01	USA NMDP South Asian Indian (n=185391)	0.181
DQB1*03:01	USA NMDP Caribean Hispanic (n=115374)	0.18
DQB1*02:01	USA NMDP Hispanic South or Central American (n=146714)	0.178
DQB1*03:01	USA NMDP Southeast Asian (n=27978)	0.174
DQB1*03:01	USA NMDP Caribean Black (n=33328)	0.171
DQB1*06:01	USA NMDP Japanese (n=24582)	0.171
DQB1*03:01	USA NMDP African (n=28557)	0.168
DQB1*02:01	USA NMDP North American Indian (n=35791)	0.168
DQB1*06:01	USA NMDP Southeast Asian (n=27978)	0.168
DQB1*03:01	USA NMDP Caribean Indian (n=14339)	0.166
DQB1*02:01	USA NMDP Mexican or Chicano (n=261235)	0.162
DQB1*03:03	USA NMDP Chinese (n=99672)	0.16
DQB1*05:01	USA NMDP African (n=28557)	0.15
DQB1*05:01	USA NMDP African American (n=416581)	0.149
DQB1*03:01	USA NMDP Korean (n=77584)	0.148
DQB1*03:02	USA NMDP North American Indian (n=35791)	0.148
DQB1*03:03	USA NMDP Japanese (n=24582)	0.147
DQB1*04:01	USA NMDP Japanese (n=24582)	0.147
DQB1*05:01	USA NMDP Caribean Black (n=33328)	0.145
DQB1*03:03	USA NMDP Vietnamese (n=43540)	0.143
DQB1*05:01	USA NMDP Vietnamese (n=43540)	0.138
DQB1*03:03	USA NMDP Hawaiian or other Pacific Islander (n=11499)	0.137
DQB1*06:02	USA NMDP European Caucasian (n=1242890)	0.134
DQB1*03:01	USA NMDP South Asian Indian (n=185391)	0.134
DQB1*02:01	USA NMDP Alaska Native or Aleut (n=1376)	0.133
DQB1*03:02	USA NMDP Caribean Hispanic (n=115374)	0.133
DQB1*03:02	USA NMDP American Indian South or Central America (n=5926)	0.128
DQB1*03:02	USA NMDP Caribean Indian (n=14339)	0.127
DQB1*05:01	USA NMDP Caribean Hispanic (n=115374)	0.124
DQB1*06:01	USA NMDP Chinese (n=99672)	0.123
DQB1*04:02	USA NMDP Mexican or Chicano (n=261235)	0.119
DQB1*02:01	USA NMDP Chinese (n=99672)	0.117
DQB1*05:01	USA NMDP European Caucasian (n=1242890)	0.117
DQB1*03:01	USA NMDP Japanese (n=24582)	0.117
DQB1*05:01	USA NMDP Caribean Indian (n=14339)	0.115
DQB1*06:01	USA NMDP Hawaiian or other Pacific Islander (n=11499)	0.115
DQB1*03:03	USA NMDP Korean (n=77584)	0.113
DQB1*05:01	USA NMDP Hispanic South or Central American (n=146714)	0.112
DQB1*06:02	USA NMDP North American Indian (n=35791)	0.109
DQB1*03:02	USA NMDP Alaska Native or Aleut (n=1376)	0.107
DQB1*06:02	USA NMDP American Indian South or Central America (n=5926)	0.107
DQB1*05:01	USA NMDP American Indian South or Central America (n=5926)	0.105
DQB1*02:01	USA NMDP Vietnamese (n=43540)	0.104
DQB1*06:01	USA NMDP Korean (n=77584)	0.101
DQB1*05:01	USA NMDP Mexican or Chicano (n=261235)	0.1
DQB1*03:02	USA NMDP European Caucasian (n=1242890)	0.099
DQB1*05:01	USA NMDP Middle Eastern or North Coast of Africa (n=70890)	0.099
DQB1*05:01	USA NMDP South Asian Indian (n=185391)	0.098
DQB1*05:01	USA NMDP North American Indian (n=35791)	0.094
DQB1*03:02	USA NMDP South Asian Indian (n=185391)	0.093
DQB1*06:02	USA NMDP Caribean Indian (n=14339)	0.091
DQB1*02:01	USA NMDP Korean (n=77584)	0.091
DQB1*04:02	USA NMDP Hispanic South or Central American (n=146714)	0.09
DQB1*05:03	USA NMDP South Asian Indian (n=185391)	0.09
DQB1*05:01	USA NMDP Southeast Asian (n=27978)	0.09
DQB1*06:02	USA NMDP Caribean Hispanic (n=115374)	0.089
DQB1*03:03	USA NMDP Filipino (n=50614)	0.089
DQB1*04:01	USA NMDP Korean (n=77584)	0.089
DQB1*06:02	USA NMDP Alaska Native or Aleut (n=1376)	0.088
DQB1*03:02	USA NMDP Hawaiian or other Pacific Islander (n=11499)	0.088
DQB1*03:02	USA NMDP Korean (n=77584)	0.088
DQB1*05:01	USA NMDP Filipino (n=50614)	0.086
DQB1*03:02	USA NMDP Japanese (n=24582)	0.085
DQB1*06:02	USA NMDP Japanese (n=24582)	0.085
DQB1*03:02	USA NMDP Middle Eastern or North Coast of Africa (n=70890)	0.084
DQB1*02:01	USA NMDP Hawaiian or other Pacific Islander (n=11499)	0.08
DQB1*05:01	USA NMDP Korean (n=77584)	0.08
DQB1*05:02	USA NMDP Chinese (n=99672)	0.079
DQB1*04:02	USA NMDP Caribean Indian (n=14339)	0.078
DQB1*06:02	USA NMDP Korean (n=77584)	0.078
DQB1*04:02	USA NMDP Caribean Hispanic (n=115374)	0.075
DQB1*06:02	USA NMDP Hispanic South or Central American (n=146714)	0.075
DQB1*03:02	USA NMDP Southeast Asian (n=27978)	0.074
DQB1*04:02	USA NMDP Caribean Black (n=33328)	0.072
DQB1*04:02	USA NMDP African American (n=416581)	0.071
DQB1*06:02	USA NMDP Mexican or Chicano (n=261235)	0.071
DQB1*05:03	USA NMDP Southeast Asian (n=27978)	0.071
DQB1*04:02	USA NMDP North American Indian (n=35791)	0.07
DQB1*06:03	USA NMDP Caribean Hispanic (n=115374)	0.069
DQB1*06:03	USA NMDP South Asian Indian (n=185391)	0.069
DQB1*04:02	USA NMDP African (n=28557)	0.068
DQB1*03:03	USA NMDP Alaska Native or Aleut (n=1376)	0.068
DQB1*06:01	USA NMDP Vietnamese (n=43540)	0.067
DQB1*05:01	USA NMDP Alaska Native or Aleut (n=1376)	0.066
DQB1*06:02	USA NMDP Hawaiian or other Pacific Islander (n=11499)	0.066
DQB1*06:03	USA NMDP Caribean Indian (n=14339)	0.065
DQB1*03:62	USA NMDP Black South or Central American (n=4889)	0.064
DQB1*05:01	USA NMDP Japanese (n=24582)	0.063
DQB1*06:02	USA NMDP Middle Eastern or North Coast of Africa (n=70890)	0.063
DQB1*03:03	USA NMDP Southeast Asian (n=27978)	0.063
DQB1*03:02	USA NMDP Chinese (n=99672)	0.062
DQB1*05:01	USA NMDP Hawaiian or other Pacific Islander (n=11499)	0.061
DQB1*04:01	USA NMDP Chinese (n=99672)	0.06
DQB1*02:01	USA NMDP Filipino (n=50614)	0.059
DQB1*04:02	USA NMDP Hawaiian or other Pacific Islander (n=11499)	0.059
DQB1*06:03	USA NMDP European Caucasian (n=1242890)	0.058
DQB1*05:02	USA NMDP Vietnamese (n=43540)	0.058
DQB1*04:02	USA NMDP American Indian South or Central America (n=5926)	0.056
DQB1*05:03	USA NMDP Filipino (n=50614)	0.056
DQB1*05:02	USA NMDP Hawaiian or other Pacific Islander (n=11499)	0.055
DQB1*06:04	USA NMDP Japanese (n=24582)	0.055
DQB1*04:02	USA NMDP Alaska Native or Aleut (n=1376)	0.054
DQB1*03:03	USA NMDP South Asian Indian (n=185391)	0.052
DQB1*03:03	USA NMDP North American Indian (n=35791)	0.05
DQB1*05:02	USA NMDP Southeast Asian (n=27978)	0.05
DQB1*03:02	USA NMDP Filipino (n=50614)	0.049
DQB1*05:03	USA NMDP Hawaiian or other Pacific Islander (n=11499)	0.049
DQB1*06:03	USA NMDP Hispanic South or Central American (n=146714)	0.049
DQB1*06:03	USA NMDP Southeast Asian (n=27978)	0.049
DQB1*06:04	USA NMDP Korean (n=77584)	0.048
DQB1*06:02	USA NMDP Chinese (n=99672)	0.047
DQB1*03:87	USA NMDP Black South or Central American (n=4889)	0.046
DQB1*05:03	USA NMDP Middle Eastern or North Coast of Africa (n=70890)	0.046
DQB1*06:03	USA NMDP Middle Eastern or North Coast of Africa (n=70890)	0.046
DQB1*04:01	USA NMDP Vietnamese (n=43540)	0.046
DQB1*06:09	USA NMDP Caribean Black (n=33328)	0.044
DQB1*06:09	USA NMDP African (n=28557)	0.043
DQB1*03:03	USA NMDP American Indian South or Central America (n=5926)	0.043
DQB1*05:03	USA NMDP Korean (n=77584)	0.043
DQB1*06:03	USA NMDP North American Indian (n=35791)	0.043
DQB1*06:04	USA NMDP Middle Eastern or North Coast of Africa (n=70890)	0.042
DQB1*06:03	USA NMDP American Indian South or Central America (n=5926)	0.041
DQB1*05:03	USA NMDP Chinese (n=99672)	0.041
DQB1*06:01	USA NMDP Filipino (n=50614)	0.041
DQB1*04:02	USA NMDP Japanese (n=24582)	0.041
DQB1*05:03	USA NMDP Japanese (n=24582)	0.041
DQB1*06:09	USA NMDP African American (n=416581)	0.04
DQB1*03:03	USA NMDP European Caucasian (n=1242890)	0.04
DQB1*05:02	USA NMDP Middle Eastern or North Coast of Africa (n=70890)	0.04
DQB1*03:02	USA NMDP Caribean Black (n=33328)	0.038
DQB1*06:04	USA NMDP Caribean Indian (n=14339)	0.038
DQB1*06:09	USA NMDP Korean (n=77584)	0.038
DQB1*06:03	USA NMDP Mexican or Chicano (n=261235)	0.038
DQB1*03:02	USA NMDP African American (n=416581)	0.037
DQB1*05:01	USA NMDP Chinese (n=99672)	0.037
DQB1*04:01	USA NMDP Filipino (n=50614)	0.037
DQB1*05:03	USA NMDP Alaska Native or Aleut (n=1376)	0.036
DQB1*06:04	USA NMDP Caribean Hispanic (n=115374)	0.036
DQB1*06:04	USA NMDP European Caucasian (n=1242890)	0.036
DQB1*04:02	USA NMDP Korean (n=77584)	0.036
DQB1*06:03	USA NMDP Alaska Native or Aleut (n=1376)	0.033
DQB1*06:02	USA NMDP Black South or Central American (n=4889)	0.033
DQB1*03:02	USA NMDP Vietnamese (n=43540)	0.033
DQB1*03:02	USA NMDP African (n=28557)	0.032
DQB1*05:02	USA NMDP Caribean Black (n=33328)	0.032
DQB1*06:04	USA NMDP African (n=28557)	0.031
DQB1*06:01	USA NMDP Middle Eastern or North Coast of Africa (n=70890)	0.031
DQB1*06:04	USA NMDP Hispanic South or Central American (n=146714)	0.03
DQB1*05:03	USA NMDP Vietnamese (n=43540)	0.03
DQB1*05:46	USA NMDP Black South or Central American (n=4889)	0.029
DQB1*05:02	USA NMDP Korean (n=77584)	0.029
DQB1*05:03	USA NMDP American Indian South or Central America (n=5926)	0.028
DQB1*06:02	USA NMDP Filipino (n=50614)	0.028
DQB1*05:03	USA NMDP North American Indian (n=35791)	0.028
DQB1*06:04	USA NMDP North American Indian (n=35791)	0.028
DQB1*05:02	USA NMDP African (n=28557)	0.027
DQB1*06:01	USA NMDP Caribean Indian (n=14339)	0.027
DQB1*04:02	USA NMDP European Caucasian (n=1242890)	0.027
DQB1*05:03	USA NMDP European Caucasian (n=1242890)	0.027
DQB1*04:02	USA NMDP Filipino (n=50614)	0.027
DQB1*06:03	USA NMDP African American (n=416581)	0.026
DQB1*06:03	USA NMDP Caribean Black (n=33328)	0.026
DQB1*06:04	USA NMDP Mexican or Chicano (n=261235)	0.026
DQB1*06:03	USA NMDP African (n=28557)	0.025
DQB1*05:02	USA NMDP African American (n=416581)	0.025
DQB1*06:04	USA NMDP American Indian South or Central America (n=5926)	0.025
DQB1*04:02	USA NMDP Middle Eastern or North Coast of Africa (n=70890)	0.023
DQB1*03:03	USA NMDP Hispanic South or Central American (n=146714)	0.022
DQB1*05:02	USA NMDP South Asian Indian (n=185391)	0.022
DQB1*05:03	USA NMDP Caribean Indian (n=14339)	0.021
DQB1*05:02	USA NMDP Japanese (n=24582)	0.021
DQB1*05:03	USA NMDP Mexican or Chicano (n=261235)	0.021
DQB1*05:03	USA NMDP Hispanic South or Central American (n=146714)	0.02
DQB1*03:03	USA NMDP Middle Eastern or North Coast of Africa (n=70890)	0.02
DQB1*05:02	USA NMDP Caribean Hispanic (n=115374)	0.019
DQB1*05:02	USA NMDP Caribean Indian (n=14339)	0.019
DQB1*06:09	USA NMDP Chinese (n=99672)	0.019
DQB1*05:03	USA NMDP Caribean Black (n=33328)	0.018
DQB1*05:03	USA NMDP Caribean Hispanic (n=115374)	0.018
DQB1*06:03	USA NMDP Korean (n=77584)	0.018
DQB1*06:09	USA NMDP Vietnamese (n=43540)	0.018
DQB1*05:03	USA NMDP African American (n=416581)	0.017
DQB1*06:04	USA NMDP African American (n=416581)	0.017
DQB1*03:03	USA NMDP Caribean Indian (n=14339)	0.017
DQB1*06:03	USA NMDP Hawaiian or other Pacific Islander (n=11499)	0.017
DQB1*06:04	USA NMDP South Asian Indian (n=185391)	0.017
DQB1*05:11	USA NMDP Black South or Central American (n=4889)	0.016
DQB1*06:09	USA NMDP Caribean Indian (n=14339)	0.016
DQB1*05:02	USA NMDP European Caucasian (n=1242890)	0.016
DQB1*06:09	USA NMDP South Asian Indian (n=185391)	0.016
DQB1*06:02	USA NMDP Southeast Asian (n=27978)	0.016
DQB1*05:03	USA NMDP African (n=28557)	0.015
DQB1*03:03	USA NMDP African American (n=416581)	0.015
DQB1*05:02	USA NMDP Alaska Native or Aleut (n=1376)	0.015
DQB1*06:01	USA NMDP American Indian South or Central America (n=5926)	0.015
DQB1*06:04	USA NMDP Hawaiian or other Pacific Islander (n=11499)	0.015
DQB1*02:01	USA NMDP Japanese (n=24582)	0.015
DQB1*04:01	USA NMDP Southeast Asian (n=27978)	0.015
DQB1*04:02	USA NMDP Southeast Asian (n=27978)	0.015
DQB1*06:09	USA NMDP American Indian South or Central America (n=5926)	0.014
DQB1*06:04	USA NMDP Caribean Black (n=33328)	0.014
DQB1*03:03	USA NMDP Caribean Hispanic (n=115374)	0.014
DQB1*06:09	USA NMDP Caribean Hispanic (n=115374)	0.014
DQB1*05:02	USA NMDP Hispanic South or Central American (n=146714)	0.014
DQB1*03:03	USA NMDP Mexican or Chicano (n=261235)	0.014
DQB1*04:02	USA NMDP South Asian Indian (n=185391)	0.014
DQB1*06:04	USA NMDP Southeast Asian (n=27978)	0.014
DQB1*06:09	USA NMDP Southeast Asian (n=27978)	0.014
DQB1*05:37	USA NMDP Black South or Central American (n=4889)	0.013
DQB1*05:02	USA NMDP American Indian South or Central America (n=5926)	0.012
DQB1*03:03	USA NMDP Caribean Black (n=33328)	0.012
DQB1*06:09	USA NMDP European Caucasian (n=1242890)	0.012
DQB1*06:01	USA NMDP Mexican or Chicano (n=261235)	0.012
DQB1*06:02	USA NMDP Vietnamese (n=43540)	0.012
DQB1*06:01	USA NMDP Caribean Hispanic (n=115374)	0.011
DQB1*06:01	USA NMDP Hispanic South or Central American (n=146714)	0.011
DQB1*06:09	USA NMDP Middle Eastern or North Coast of Africa (n=70890)	0.011
DQB1*06:02	USA NMDP South Asian Indian (n=185391)	0.011
DQB1*04:02	USA NMDP Chinese (n=99672)	0.01
DQB1*06:09	USA NMDP Hispanic South or Central American (n=146714)	0.00925
DQB1*05:02	USA NMDP North American Indian (n=35791)	0.009
DQB1*06:09	USA NMDP North American Indian (n=35791)	0.009
DQB1*05:02	USA NMDP Mexican or Chicano (n=261235)	0.00892
DQB1*06:03	USA NMDP Vietnamese (n=43540)	0.00879
DQB1*06:01	USA NMDP Alaska Native or Aleut (n=1376)	0.008
DQB1*06:03	USA NMDP Japanese (n=24582)	0.00795
DQB1*06:09	USA NMDP Filipino (n=50614)	0.00787
DQB1*06:03	USA NMDP Chinese (n=99672)	0.00782
DQB1*06:01	USA NMDP European Caucasian (n=1242890)	0.00725
DQB1*06:03	USA NMDP Filipino (n=50614)	0.00696
DQB1*06:09	USA NMDP Mexican or Chicano (n=261235)	0.00677
DQB1*03:03	USA NMDP African (n=28557)	0.006
DQB1*04:02	USA NMDP Vietnamese (n=43540)	0.00598
DQB1*03:05	USA NMDP Middle Eastern or North Coast of Africa (n=70890)	0.0059
DQB1*04:01	USA NMDP Hawaiian or other Pacific Islander (n=11499)	0.00565
DQB1*06:04	USA NMDP Chinese (n=99672)	0.00554
DQB1*03:04	USA NMDP Alaska Native or Aleut (n=1376)	0.005
DQB1*05:28	USA NMDP Black South or Central American (n=4889)	0.00453
DQB1*06:01	USA NMDP African (n=28557)	0.004
DQB1*06:01	USA NMDP Caribean Black (n=33328)	0.004
DQB1*06:01	USA NMDP North American Indian (n=35791)	0.004
DQB1*05:24	USA NMDP Black South or Central American (n=4889)	0.00286
DQB1*06:09	USA NMDP Hawaiian or other Pacific Islander (n=11499)	0.00266
DQB1*06:09	USA NMDP Japanese (n=24582)	0.00265
DQB1*06:04	USA NMDP Filipino (n=50614)	0.00262
DQB1*03:04	USA NMDP Middle Eastern or North Coast of Africa (n=70890)	0.00201
DQB1*06:08	USA NMDP African (n=28557)	0.002
DQB1*06:01	USA NMDP African American (n=416581)	0.002
DQB1*06:08	USA NMDP African American (n=416581)	0.002
DQB1*03:05	USA NMDP Alaska Native or Aleut (n=1376)	0.002
DQB1*06:04	USA NMDP Alaska Native or Aleut (n=1376)	0.002
DQB1*06:09	USA NMDP Alaska Native or Aleut (n=1376)	0.002
DQB1*03:04	USA NMDP American Indian South or Central America (n=5926)	0.002
DQB1*06:08	USA NMDP Caribean Black (n=33328)	0.002
DQB1*05:04	USA NMDP Caribean Indian (n=14339)	0.002
DQB1*04:01	USA NMDP South Asian Indian (n=185391)	0.002
DQB1*03:04	USA NMDP European Caucasian (n=1242890)	0.00167
DQB1*06:04	USA NMDP Vietnamese (n=43540)	0.00143
DQB1*03:04	USA NMDP Hispanic South or Central American (n=146714)	0.00141
DQB1*03:05	USA NMDP Southeast Asian (n=27978)	0.00133
DQB1*03:05	USA NMDP European Caucasian (n=1242890)	0.00127
DQB1*05:04	USA NMDP Southeast Asian (n=27978)	0.00111
DQB1*03:13	USA NMDP Vietnamese (n=43540)	0.00108
DQB1*02:03	USA NMDP African (n=28557)	0.001
DQB1*05:04	USA NMDP African (n=28557)	0.001
DQB1*05:04	USA NMDP Alaska Native or Aleut (n=1376)	0.001
DQB1*03:05	USA NMDP American Indian South or Central America (n=5926)	0.001
DQB1*05:04	USA NMDP American Indian South or Central America (n=5926)	0.001
DQB1*02:03	USA NMDP Caribean Black (n=33328)	0.001
DQB1*05:04	USA NMDP Caribean Black (n=33328)	0.001
DQB1*06:11	USA NMDP Caribean Black (n=33328)	0.001
DQB1*02:03	USA NMDP Caribean Indian (n=14339)	0.001
DQB1*03:04	USA NMDP North American Indian (n=35791)	0.001
DQB1*03:05	USA NMDP South Asian Indian (n=185391)	0.001
DQB1*03:11	USA NMDP Southeast Asian (n=27978)	0.00099
DQB1*03:04	USA NMDP Mexican or Chicano (n=261235)	0.00089
DQB1*05:04	USA NMDP Middle Eastern or North Coast of Africa (n=70890)	0.00089
DQB1*06:10	USA NMDP Vietnamese (n=43540)	0.00074
DQB1*06:10	USA NMDP Hawaiian or other Pacific Islander (n=11499)	0.00066
DQB1*06:10	USA NMDP Chinese (n=99672)	0.00059
DQB1*03:04	USA NMDP Vietnamese (n=43540)	0.00039
DQB1*03:14	USA NMDP Korean (n=77584)	0.00038
DQB1*06:10	USA NMDP Southeast Asian (n=27978)	0.00035
DQB1*05:04	USA NMDP European Caucasian (n=1242890)	0.00031
DQB1*06:10	USA NMDP Japanese (n=24582)	3e-04
DQB1*03:13	USA NMDP Chinese (n=99672)	0.00026
DQB1*05:04	USA NMDP Hispanic South or Central American (n=146714)	0.00026
DQB1*04:01	USA NMDP Middle Eastern or North Coast of Africa (n=70890)	0.00024
DQB1*03:05	USA NMDP Filipino (n=50614)	0.00021
DQB1*03:05	USA NMDP Hispanic South or Central American (n=146714)	0.00021
DQB1*03:05	USA NMDP Chinese (n=99672)	0.00018
DQB1*06:10	USA NMDP Filipino (n=50614)	0.00017
DQB1*02:03	USA NMDP Hispanic South or Central American (n=146714)	0.00016
DQB1*06:05	USA NMDP Korean (n=77584)	0.00015
DQB1*06:11	USA NMDP Hispanic South or Central American (n=146714)	0.00011
DQB1*06:08	USA NMDP Hispanic South or Central American (n=146714)	1e-04
DQB1*03:13	USA NMDP Korean (n=77584)	1e-04
DQB1*06:10	USA NMDP Korean (n=77584)	1e-04
DQB1*03:05	USA NMDP Mexican or Chicano (n=261235)	1e-04
DQB1*03:04	USA NMDP Filipino (n=50614)	9e-05
DQB1*03:10	USA NMDP Hispanic South or Central American (n=146714)	9e-05
DQB1*06:05	USA NMDP Hispanic South or Central American (n=146714)	9e-05
DQB1*03:13	USA NMDP Filipino (n=50614)	8e-05
DQB1*03:25	USA NMDP Hispanic South or Central American (n=146714)	8e-05
DQB1*02:03	USA NMDP Mexican or Chicano (n=261235)	7e-05
DQB1*05:04	USA NMDP Mexican or Chicano (n=261235)	7e-05
DQB1*03:25	USA NMDP Mexican or Chicano (n=261235)	5e-05
DQB1*04:01	USA NMDP Mexican or Chicano (n=261235)	5e-05
DQB1*06:05	USA NMDP Mexican or Chicano (n=261235)	5e-05
DQB1*06:08	USA NMDP Mexican or Chicano (n=261235)	5e-05
DQB1*06:13	USA NMDP Mexican or Chicano (n=261235)	5e-05
DQB1*03:99Q	USA NMDP Black South or Central American (n=4889)	4e-05
DQB1*03:07	USA NMDP Mexican or Chicano (n=261235)	4e-05
DQB1*04:03	USA NMDP Mexican or Chicano (n=261235)	4e-05
DQB1*06:07	USA NMDP Mexican or Chicano (n=261235)	4e-05
DQB1*04:09	USA NMDP Black South or Central American (n=4889)	3e-05
DQB1*02:03	USA NMDP European Caucasian (n=1242890)	2e-05
DQB1*04:01	USA NMDP European Caucasian (n=1242890)	2e-05
DQB1*06:14	USA NMDP European Caucasian (n=1242890)	2e-05
DQB1*02:05	USA NMDP European Caucasian (n=1242890)	1e-05
DQB1*03:07	USA NMDP European Caucasian (n=1242890)	1e-05
DQB1*03:08	USA NMDP European Caucasian (n=1242890)	1e-05
DQB1*03:12	USA NMDP European Caucasian (n=1242890)	1e-05
DQB1*03:14	USA NMDP European Caucasian (n=1242890)	1e-05
DQB1*03:15	USA NMDP European Caucasian (n=1242890)	1e-05
DQB1*03:20	USA NMDP European Caucasian (n=1242890)	1e-05
DQB1*03:25	USA NMDP European Caucasian (n=1242890)	1e-05
DQB1*06:05	USA NMDP European Caucasian (n=1242890)	1e-05
DQB1*06:06	USA NMDP European Caucasian (n=1242890)	1e-05
DQB1*06:07	USA NMDP European Caucasian (n=1242890)	1e-05
DQB1*06:11	USA NMDP European Caucasian (n=1242890)	1e-05
DQB1*06:12	USA NMDP European Caucasian (n=1242890)	1e-05
DQB1*06:13	USA NMDP European Caucasian (n=1242890)	1e-05
DQB1*06:15	USA NMDP European Caucasian (n=1242890)	1e-05
DQB1*06:16	USA NMDP European Caucasian (n=1242890)	1e-05
DQB1*06:21	USA NMDP European Caucasian (n=1242890)	1e-05
DQB1*06:22	USA NMDP European Caucasian (n=1242890)	1e-05
DQB1*06:24	USA NMDP European Caucasian (n=1242890)	1e-05
DQB1*06:30	USA NMDP European Caucasian (n=1242890)	1e-05
DQB1*06:33	USA NMDP European Caucasian (n=1242890)	1e-05
DQB1*06:27	USA NMDP European Caucasian (n=1242890)	0
DQB1*02:05	USA NMDP African (n=28557)	NA
DQB1*03:04	USA NMDP African (n=28557)	NA
DQB1*03:05	USA NMDP African (n=28557)	NA
DQB1*03:07	USA NMDP African (n=28557)	NA
DQB1*03:08	USA NMDP African (n=28557)	NA
DQB1*03:10	USA NMDP African (n=28557)	NA
DQB1*03:11	USA NMDP African (n=28557)	NA
DQB1*03:12	USA NMDP African (n=28557)	NA
DQB1*03:13	USA NMDP African (n=28557)	NA
DQB1*03:14	USA NMDP African (n=28557)	NA
DQB1*03:15	USA NMDP African (n=28557)	NA
DQB1*03:20	USA NMDP African (n=28557)	NA
DQB1*03:25	USA NMDP African (n=28557)	NA
DQB1*03:62	USA NMDP African (n=28557)	NA
DQB1*03:87	USA NMDP African (n=28557)	NA
DQB1*03:99Q	USA NMDP African (n=28557)	NA
DQB1*04:01	USA NMDP African (n=28557)	NA
DQB1*04:03	USA NMDP African (n=28557)	NA
DQB1*04:09	USA NMDP African (n=28557)	NA
DQB1*05:11	USA NMDP African (n=28557)	NA
DQB1*05:24	USA NMDP African (n=28557)	NA
DQB1*05:28	USA NMDP African (n=28557)	NA
DQB1*05:37	USA NMDP African (n=28557)	NA
DQB1*05:46	USA NMDP African (n=28557)	NA
DQB1*06:05	USA NMDP African (n=28557)	NA
DQB1*06:06	USA NMDP African (n=28557)	NA
DQB1*06:07	USA NMDP African (n=28557)	NA
DQB1*06:10	USA NMDP African (n=28557)	NA
DQB1*06:11	USA NMDP African (n=28557)	NA
DQB1*06:12	USA NMDP African (n=28557)	NA
DQB1*06:13	USA NMDP African (n=28557)	NA
DQB1*06:14	USA NMDP African (n=28557)	NA
DQB1*06:15	USA NMDP African (n=28557)	NA
DQB1*06:16	USA NMDP African (n=28557)	NA
DQB1*06:21	USA NMDP African (n=28557)	NA
DQB1*06:22	USA NMDP African (n=28557)	NA
DQB1*06:24	USA NMDP African (n=28557)	NA
DQB1*06:27	USA NMDP African (n=28557)	NA
DQB1*06:30	USA NMDP African (n=28557)	NA
DQB1*06:33	USA NMDP African (n=28557)	NA
DQB1*02:03	USA NMDP African American (n=416581)	NA
DQB1*02:05	USA NMDP African American (n=416581)	NA
DQB1*03:04	USA NMDP African American (n=416581)	NA
DQB1*03:05	USA NMDP African American (n=416581)	NA
DQB1*03:07	USA NMDP African American (n=416581)	NA
DQB1*03:08	USA NMDP African American (n=416581)	NA
DQB1*03:10	USA NMDP African American (n=416581)	NA
DQB1*03:11	USA NMDP African American (n=416581)	NA
DQB1*03:12	USA NMDP African American (n=416581)	NA
DQB1*03:13	USA NMDP African American (n=416581)	NA
DQB1*03:14	USA NMDP African American (n=416581)	NA
DQB1*03:15	USA NMDP African American (n=416581)	NA
DQB1*03:20	USA NMDP African American (n=416581)	NA
DQB1*03:25	USA NMDP African American (n=416581)	NA
DQB1*03:62	USA NMDP African American (n=416581)	NA
DQB1*03:87	USA NMDP African American (n=416581)	NA
DQB1*03:99Q	USA NMDP African American (n=416581)	NA
DQB1*04:01	USA NMDP African American (n=416581)	NA
DQB1*04:03	USA NMDP African American (n=416581)	NA
DQB1*04:09	USA NMDP African American (n=416581)	NA
DQB1*05:04	USA NMDP African American (n=416581)	NA
DQB1*05:11	USA NMDP African American (n=416581)	NA
DQB1*05:24	USA NMDP African American (n=416581)	NA
DQB1*05:28	USA NMDP African American (n=416581)	NA
DQB1*05:37	USA NMDP African American (n=416581)	NA
DQB1*05:46	USA NMDP African American (n=416581)	NA
DQB1*06:05	USA NMDP African American (n=416581)	NA
DQB1*06:06	USA NMDP African American (n=416581)	NA
DQB1*06:07	USA NMDP African American (n=416581)	NA
DQB1*06:10	USA NMDP African American (n=416581)	NA
DQB1*06:11	USA NMDP African American (n=416581)	NA
DQB1*06:12	USA NMDP African American (n=416581)	NA
DQB1*06:13	USA NMDP African American (n=416581)	NA
DQB1*06:14	USA NMDP African American (n=416581)	NA
DQB1*06:15	USA NMDP African American (n=416581)	NA
DQB1*06:16	USA NMDP African American (n=416581)	NA
DQB1*06:21	USA NMDP African American (n=416581)	NA
DQB1*06:22	USA NMDP African American (n=416581)	NA
DQB1*06:24	USA NMDP African American (n=416581)	NA
DQB1*06:27	USA NMDP African American (n=416581)	NA
DQB1*06:30	USA NMDP African American (n=416581)	NA
DQB1*06:33	USA NMDP African American (n=416581)	NA
DQB1*02:03	USA NMDP Alaska Native or Aleut (n=1376)	NA
DQB1*02:05	USA NMDP Alaska Native or Aleut (n=1376)	NA
DQB1*03:07	USA NMDP Alaska Native or Aleut (n=1376)	NA
DQB1*03:08	USA NMDP Alaska Native or Aleut (n=1376)	NA
DQB1*03:10	USA NMDP Alaska Native or Aleut (n=1376)	NA
DQB1*03:11	USA NMDP Alaska Native or Aleut (n=1376)	NA
DQB1*03:12	USA NMDP Alaska Native or Aleut (n=1376)	NA
DQB1*03:13	USA NMDP Alaska Native or Aleut (n=1376)	NA
DQB1*03:14	USA NMDP Alaska Native or Aleut (n=1376)	NA
DQB1*03:15	USA NMDP Alaska Native or Aleut (n=1376)	NA
DQB1*03:20	USA NMDP Alaska Native or Aleut (n=1376)	NA
DQB1*03:25	USA NMDP Alaska Native or Aleut (n=1376)	NA
DQB1*03:62	USA NMDP Alaska Native or Aleut (n=1376)	NA
DQB1*03:87	USA NMDP Alaska Native or Aleut (n=1376)	NA
DQB1*03:99Q	USA NMDP Alaska Native or Aleut (n=1376)	NA
DQB1*04:01	USA NMDP Alaska Native or Aleut (n=1376)	NA
DQB1*04:03	USA NMDP Alaska Native or Aleut (n=1376)	NA
DQB1*04:09	USA NMDP Alaska Native or Aleut (n=1376)	NA
DQB1*05:11	USA NMDP Alaska Native or Aleut (n=1376)	NA
DQB1*05:24	USA NMDP Alaska Native or Aleut (n=1376)	NA
DQB1*05:28	USA NMDP Alaska Native or Aleut (n=1376)	NA
DQB1*05:37	USA NMDP Alaska Native or Aleut (n=1376)	NA
DQB1*05:46	USA NMDP Alaska Native or Aleut (n=1376)	NA
DQB1*06:05	USA NMDP Alaska Native or Aleut (n=1376)	NA
DQB1*06:06	USA NMDP Alaska Native or Aleut (n=1376)	NA
DQB1*06:07	USA NMDP Alaska Native or Aleut (n=1376)	NA
DQB1*06:08	USA NMDP Alaska Native or Aleut (n=1376)	NA
DQB1*06:10	USA NMDP Alaska Native or Aleut (n=1376)	NA
DQB1*06:11	USA NMDP Alaska Native or Aleut (n=1376)	NA
DQB1*06:12	USA NMDP Alaska Native or Aleut (n=1376)	NA
DQB1*06:13	USA NMDP Alaska Native or Aleut (n=1376)	NA
DQB1*06:14	USA NMDP Alaska Native or Aleut (n=1376)	NA
DQB1*06:15	USA NMDP Alaska Native or Aleut (n=1376)	NA
DQB1*06:16	USA NMDP Alaska Native or Aleut (n=1376)	NA
DQB1*06:21	USA NMDP Alaska Native or Aleut (n=1376)	NA
DQB1*06:22	USA NMDP Alaska Native or Aleut (n=1376)	NA
DQB1*06:24	USA NMDP Alaska Native or Aleut (n=1376)	NA
DQB1*06:27	USA NMDP Alaska Native or Aleut (n=1376)	NA
DQB1*06:30	USA NMDP Alaska Native or Aleut (n=1376)	NA
DQB1*06:33	USA NMDP Alaska Native or Aleut (n=1376)	NA
DQB1*02:03	USA NMDP American Indian South or Central America (n=5926)	NA
DQB1*02:05	USA NMDP American Indian South or Central America (n=5926)	NA
DQB1*03:07	USA NMDP American Indian South or Central America (n=5926)	NA
DQB1*03:08	USA NMDP American Indian South or Central America (n=5926)	NA
DQB1*03:10	USA NMDP American Indian South or Central America (n=5926)	NA
DQB1*03:11	USA NMDP American Indian South or Central America (n=5926)	NA
DQB1*03:12	USA NMDP American Indian South or Central America (n=5926)	NA
DQB1*03:13	USA NMDP American Indian South or Central America (n=5926)	NA
DQB1*03:14	USA NMDP American Indian South or Central America (n=5926)	NA
DQB1*03:15	USA NMDP American Indian South or Central America (n=5926)	NA
DQB1*03:20	USA NMDP American Indian South or Central America (n=5926)	NA
DQB1*03:25	USA NMDP American Indian South or Central America (n=5926)	NA
DQB1*03:62	USA NMDP American Indian South or Central America (n=5926)	NA
DQB1*03:87	USA NMDP American Indian South or Central America (n=5926)	NA
DQB1*03:99Q	USA NMDP American Indian South or Central America (n=5926)	NA
DQB1*04:01	USA NMDP American Indian South or Central America (n=5926)	NA
DQB1*04:03	USA NMDP American Indian South or Central America (n=5926)	NA
DQB1*04:09	USA NMDP American Indian South or Central America (n=5926)	NA
DQB1*05:11	USA NMDP American Indian South or Central America (n=5926)	NA
DQB1*05:24	USA NMDP American Indian South or Central America (n=5926)	NA
DQB1*05:28	USA NMDP American Indian South or Central America (n=5926)	NA
DQB1*05:37	USA NMDP American Indian South or Central America (n=5926)	NA
DQB1*05:46	USA NMDP American Indian South or Central America (n=5926)	NA
DQB1*06:05	USA NMDP American Indian South or Central America (n=5926)	NA
DQB1*06:06	USA NMDP American Indian South or Central America (n=5926)	NA
DQB1*06:07	USA NMDP American Indian South or Central America (n=5926)	NA
DQB1*06:08	USA NMDP American Indian South or Central America (n=5926)	NA
DQB1*06:10	USA NMDP American Indian South or Central America (n=5926)	NA
DQB1*06:11	USA NMDP American Indian South or Central America (n=5926)	NA
DQB1*06:12	USA NMDP American Indian South or Central America (n=5926)	NA
DQB1*06:13	USA NMDP American Indian South or Central America (n=5926)	NA
DQB1*06:14	USA NMDP American Indian South or Central America (n=5926)	NA
DQB1*06:15	USA NMDP American Indian South or Central America (n=5926)	NA
DQB1*06:16	USA NMDP American Indian South or Central America (n=5926)	NA
DQB1*06:21	USA NMDP American Indian South or Central America (n=5926)	NA
DQB1*06:22	USA NMDP American Indian South or Central America (n=5926)	NA
DQB1*06:24	USA NMDP American Indian South or Central America (n=5926)	NA
DQB1*06:27	USA NMDP American Indian South or Central America (n=5926)	NA
DQB1*06:30	USA NMDP American Indian South or Central America (n=5926)	NA
DQB1*06:33	USA NMDP American Indian South or Central America (n=5926)	NA
DQB1*02:01	USA NMDP Black South or Central American (n=4889)	NA
DQB1*02:03	USA NMDP Black South or Central American (n=4889)	NA
DQB1*02:05	USA NMDP Black South or Central American (n=4889)	NA
DQB1*03:01	USA NMDP Black South or Central American (n=4889)	NA
DQB1*03:02	USA NMDP Black South or Central American (n=4889)	NA
DQB1*03:03	USA NMDP Black South or Central American (n=4889)	NA
DQB1*03:04	USA NMDP Black South or Central American (n=4889)	NA
DQB1*03:05	USA NMDP Black South or Central American (n=4889)	NA
DQB1*03:07	USA NMDP Black South or Central American (n=4889)	NA
DQB1*03:08	USA NMDP Black South or Central American (n=4889)	NA
DQB1*03:10	USA NMDP Black South or Central American (n=4889)	NA
DQB1*03:11	USA NMDP Black South or Central American (n=4889)	NA
DQB1*03:12	USA NMDP Black South or Central American (n=4889)	NA
DQB1*03:13	USA NMDP Black South or Central American (n=4889)	NA
DQB1*03:14	USA NMDP Black South or Central American (n=4889)	NA
DQB1*03:15	USA NMDP Black South or Central American (n=4889)	NA
DQB1*03:20	USA NMDP Black South or Central American (n=4889)	NA
DQB1*03:25	USA NMDP Black South or Central American (n=4889)	NA
DQB1*04:01	USA NMDP Black South or Central American (n=4889)	NA
DQB1*04:02	USA NMDP Black South or Central American (n=4889)	NA
DQB1*04:03	USA NMDP Black South or Central American (n=4889)	NA
DQB1*05:01	USA NMDP Black South or Central American (n=4889)	NA
DQB1*05:02	USA NMDP Black South or Central American (n=4889)	NA
DQB1*05:03	USA NMDP Black South or Central American (n=4889)	NA
DQB1*05:04	USA NMDP Black South or Central American (n=4889)	NA
DQB1*06:01	USA NMDP Black South or Central American (n=4889)	NA
DQB1*06:03	USA NMDP Black South or Central American (n=4889)	NA
DQB1*06:04	USA NMDP Black South or Central American (n=4889)	NA
DQB1*06:05	USA NMDP Black South or Central American (n=4889)	NA
DQB1*06:06	USA NMDP Black South or Central American (n=4889)	NA
DQB1*06:07	USA NMDP Black South or Central American (n=4889)	NA
DQB1*06:08	USA NMDP Black South or Central American (n=4889)	NA
DQB1*06:09	USA NMDP Black South or Central American (n=4889)	NA
DQB1*06:10	USA NMDP Black South or Central American (n=4889)	NA
DQB1*06:11	USA NMDP Black South or Central American (n=4889)	NA
DQB1*06:12	USA NMDP Black South or Central American (n=4889)	NA
DQB1*06:13	USA NMDP Black South or Central American (n=4889)	NA
DQB1*06:14	USA NMDP Black South or Central American (n=4889)	NA
DQB1*06:15	USA NMDP Black South or Central American (n=4889)	NA
DQB1*06:16	USA NMDP Black South or Central American (n=4889)	NA
DQB1*06:21	USA NMDP Black South or Central American (n=4889)	NA
DQB1*06:22	USA NMDP Black South or Central American (n=4889)	NA
DQB1*06:24	USA NMDP Black South or Central American (n=4889)	NA
DQB1*06:27	USA NMDP Black South or Central American (n=4889)	NA
DQB1*06:30	USA NMDP Black South or Central American (n=4889)	NA
DQB1*06:33	USA NMDP Black South or Central American (n=4889)	NA
DQB1*02:05	USA NMDP Caribean Black (n=33328)	NA
DQB1*03:04	USA NMDP Caribean Black (n=33328)	NA
DQB1*03:05	USA NMDP Caribean Black (n=33328)	NA
DQB1*03:07	USA NMDP Caribean Black (n=33328)	NA
DQB1*03:08	USA NMDP Caribean Black (n=33328)	NA
DQB1*03:10	USA NMDP Caribean Black (n=33328)	NA
DQB1*03:11	USA NMDP Caribean Black (n=33328)	NA
DQB1*03:12	USA NMDP Caribean Black (n=33328)	NA
DQB1*03:13	USA NMDP Caribean Black (n=33328)	NA
DQB1*03:14	USA NMDP Caribean Black (n=33328)	NA
DQB1*03:15	USA NMDP Caribean Black (n=33328)	NA
DQB1*03:20	USA NMDP Caribean Black (n=33328)	NA
DQB1*03:25	USA NMDP Caribean Black (n=33328)	NA
DQB1*03:62	USA NMDP Caribean Black (n=33328)	NA
DQB1*03:87	USA NMDP Caribean Black (n=33328)	NA
DQB1*03:99Q	USA NMDP Caribean Black (n=33328)	NA
DQB1*04:01	USA NMDP Caribean Black (n=33328)	NA
DQB1*04:03	USA NMDP Caribean Black (n=33328)	NA
DQB1*04:09	USA NMDP Caribean Black (n=33328)	NA
DQB1*05:11	USA NMDP Caribean Black (n=33328)	NA
DQB1*05:24	USA NMDP Caribean Black (n=33328)	NA
DQB1*05:28	USA NMDP Caribean Black (n=33328)	NA
DQB1*05:37	USA NMDP Caribean Black (n=33328)	NA
DQB1*05:46	USA NMDP Caribean Black (n=33328)	NA
DQB1*06:05	USA NMDP Caribean Black (n=33328)	NA
DQB1*06:06	USA NMDP Caribean Black (n=33328)	NA
DQB1*06:07	USA NMDP Caribean Black (n=33328)	NA
DQB1*06:10	USA NMDP Caribean Black (n=33328)	NA
DQB1*06:12	USA NMDP Caribean Black (n=33328)	NA
DQB1*06:13	USA NMDP Caribean Black (n=33328)	NA
DQB1*06:14	USA NMDP Caribean Black (n=33328)	NA
DQB1*06:15	USA NMDP Caribean Black (n=33328)	NA
DQB1*06:16	USA NMDP Caribean Black (n=33328)	NA
DQB1*06:21	USA NMDP Caribean Black (n=33328)	NA
DQB1*06:22	USA NMDP Caribean Black (n=33328)	NA
DQB1*06:24	USA NMDP Caribean Black (n=33328)	NA
DQB1*06:27	USA NMDP Caribean Black (n=33328)	NA
DQB1*06:30	USA NMDP Caribean Black (n=33328)	NA
DQB1*06:33	USA NMDP Caribean Black (n=33328)	NA
DQB1*02:03	USA NMDP Caribean Hispanic (n=115374)	NA
DQB1*02:05	USA NMDP Caribean Hispanic (n=115374)	NA
DQB1*03:04	USA NMDP Caribean Hispanic (n=115374)	NA
DQB1*03:05	USA NMDP Caribean Hispanic (n=115374)	NA
DQB1*03:07	USA NMDP Caribean Hispanic (n=115374)	NA
DQB1*03:08	USA NMDP Caribean Hispanic (n=115374)	NA
DQB1*03:10	USA NMDP Caribean Hispanic (n=115374)	NA
DQB1*03:11	USA NMDP Caribean Hispanic (n=115374)	NA
DQB1*03:12	USA NMDP Caribean Hispanic (n=115374)	NA
DQB1*03:13	USA NMDP Caribean Hispanic (n=115374)	NA
DQB1*03:14	USA NMDP Caribean Hispanic (n=115374)	NA
DQB1*03:15	USA NMDP Caribean Hispanic (n=115374)	NA
DQB1*03:20	USA NMDP Caribean Hispanic (n=115374)	NA
DQB1*03:25	USA NMDP Caribean Hispanic (n=115374)	NA
DQB1*03:62	USA NMDP Caribean Hispanic (n=115374)	NA
DQB1*03:87	USA NMDP Caribean Hispanic (n=115374)	NA
DQB1*03:99Q	USA NMDP Caribean Hispanic (n=115374)	NA
DQB1*04:01	USA NMDP Caribean Hispanic (n=115374)	NA
DQB1*04:03	USA NMDP Caribean Hispanic (n=115374)	NA
DQB1*04:09	USA NMDP Caribean Hispanic (n=115374)	NA
DQB1*05:04	USA NMDP Caribean Hispanic (n=115374)	NA
DQB1*05:11	USA NMDP Caribean Hispanic (n=115374)	NA
DQB1*05:24	USA NMDP Caribean Hispanic (n=115374)	NA
DQB1*05:28	USA NMDP Caribean Hispanic (n=115374)	NA
DQB1*05:37	USA NMDP Caribean Hispanic (n=115374)	NA
DQB1*05:46	USA NMDP Caribean Hispanic (n=115374)	NA
DQB1*06:05	USA NMDP Caribean Hispanic (n=115374)	NA
DQB1*06:06	USA NMDP Caribean Hispanic (n=115374)	NA
DQB1*06:07	USA NMDP Caribean Hispanic (n=115374)	NA
DQB1*06:08	USA NMDP Caribean Hispanic (n=115374)	NA
DQB1*06:10	USA NMDP Caribean Hispanic (n=115374)	NA
DQB1*06:11	USA NMDP Caribean Hispanic (n=115374)	NA
DQB1*06:12	USA NMDP Caribean Hispanic (n=115374)	NA
DQB1*06:13	USA NMDP Caribean Hispanic (n=115374)	NA
DQB1*06:14	USA NMDP Caribean Hispanic (n=115374)	NA
DQB1*06:15	USA NMDP Caribean Hispanic (n=115374)	NA
DQB1*06:16	USA NMDP Caribean Hispanic (n=115374)	NA
DQB1*06:21	USA NMDP Caribean Hispanic (n=115374)	NA
DQB1*06:22	USA NMDP Caribean Hispanic (n=115374)	NA
DQB1*06:24	USA NMDP Caribean Hispanic (n=115374)	NA
DQB1*06:27	USA NMDP Caribean Hispanic (n=115374)	NA
DQB1*06:30	USA NMDP Caribean Hispanic (n=115374)	NA
DQB1*06:33	USA NMDP Caribean Hispanic (n=115374)	NA
DQB1*02:05	USA NMDP Caribean Indian (n=14339)	NA
DQB1*03:04	USA NMDP Caribean Indian (n=14339)	NA
DQB1*03:05	USA NMDP Caribean Indian (n=14339)	NA
DQB1*03:07	USA NMDP Caribean Indian (n=14339)	NA
DQB1*03:08	USA NMDP Caribean Indian (n=14339)	NA
DQB1*03:10	USA NMDP Caribean Indian (n=14339)	NA
DQB1*03:11	USA NMDP Caribean Indian (n=14339)	NA
DQB1*03:12	USA NMDP Caribean Indian (n=14339)	NA
DQB1*03:13	USA NMDP Caribean Indian (n=14339)	NA
DQB1*03:14	USA NMDP Caribean Indian (n=14339)	NA
DQB1*03:15	USA NMDP Caribean Indian (n=14339)	NA
DQB1*03:20	USA NMDP Caribean Indian (n=14339)	NA
DQB1*03:25	USA NMDP Caribean Indian (n=14339)	NA
DQB1*03:62	USA NMDP Caribean Indian (n=14339)	NA
DQB1*03:87	USA NMDP Caribean Indian (n=14339)	NA
DQB1*03:99Q	USA NMDP Caribean Indian (n=14339)	NA
DQB1*04:01	USA NMDP Caribean Indian (n=14339)	NA
DQB1*04:03	USA NMDP Caribean Indian (n=14339)	NA
DQB1*04:09	USA NMDP Caribean Indian (n=14339)	NA
DQB1*05:11	USA NMDP Caribean Indian (n=14339)	NA
DQB1*05:24	USA NMDP Caribean Indian (n=14339)	NA
DQB1*05:28	USA NMDP Caribean Indian (n=14339)	NA
DQB1*05:37	USA NMDP Caribean Indian (n=14339)	NA
DQB1*05:46	USA NMDP Caribean Indian (n=14339)	NA
DQB1*06:05	USA NMDP Caribean Indian (n=14339)	NA
DQB1*06:06	USA NMDP Caribean Indian (n=14339)	NA
DQB1*06:07	USA NMDP Caribean Indian (n=14339)	NA
DQB1*06:08	USA NMDP Caribean Indian (n=14339)	NA
DQB1*06:10	USA NMDP Caribean Indian (n=14339)	NA
DQB1*06:11	USA NMDP Caribean Indian (n=14339)	NA
DQB1*06:12	USA NMDP Caribean Indian (n=14339)	NA
DQB1*06:13	USA NMDP Caribean Indian (n=14339)	NA
DQB1*06:14	USA NMDP Caribean Indian (n=14339)	NA
DQB1*06:15	USA NMDP Caribean Indian (n=14339)	NA
DQB1*06:16	USA NMDP Caribean Indian (n=14339)	NA
DQB1*06:21	USA NMDP Caribean Indian (n=14339)	NA
DQB1*06:22	USA NMDP Caribean Indian (n=14339)	NA
DQB1*06:24	USA NMDP Caribean Indian (n=14339)	NA
DQB1*06:27	USA NMDP Caribean Indian (n=14339)	NA
DQB1*06:30	USA NMDP Caribean Indian (n=14339)	NA
DQB1*06:33	USA NMDP Caribean Indian (n=14339)	NA
DQB1*02:03	USA NMDP Chinese (n=99672)	NA
DQB1*02:05	USA NMDP Chinese (n=99672)	NA
DQB1*03:04	USA NMDP Chinese (n=99672)	NA
DQB1*03:07	USA NMDP Chinese (n=99672)	NA
DQB1*03:08	USA NMDP Chinese (n=99672)	NA
DQB1*03:10	USA NMDP Chinese (n=99672)	NA
DQB1*03:11	USA NMDP Chinese (n=99672)	NA
DQB1*03:12	USA NMDP Chinese (n=99672)	NA
DQB1*03:14	USA NMDP Chinese (n=99672)	NA
DQB1*03:15	USA NMDP Chinese (n=99672)	NA
DQB1*03:20	USA NMDP Chinese (n=99672)	NA
DQB1*03:25	USA NMDP Chinese (n=99672)	NA
DQB1*03:62	USA NMDP Chinese (n=99672)	NA
DQB1*03:87	USA NMDP Chinese (n=99672)	NA
DQB1*03:99Q	USA NMDP Chinese (n=99672)	NA
DQB1*04:03	USA NMDP Chinese (n=99672)	NA
DQB1*04:09	USA NMDP Chinese (n=99672)	NA
DQB1*05:04	USA NMDP Chinese (n=99672)	NA
DQB1*05:11	USA NMDP Chinese (n=99672)	NA
DQB1*05:24	USA NMDP Chinese (n=99672)	NA
DQB1*05:28	USA NMDP Chinese (n=99672)	NA
DQB1*05:37	USA NMDP Chinese (n=99672)	NA
DQB1*05:46	USA NMDP Chinese (n=99672)	NA
DQB1*06:05	USA NMDP Chinese (n=99672)	NA
DQB1*06:06	USA NMDP Chinese (n=99672)	NA
DQB1*06:07	USA NMDP Chinese (n=99672)	NA
DQB1*06:08	USA NMDP Chinese (n=99672)	NA
DQB1*06:11	USA NMDP Chinese (n=99672)	NA
DQB1*06:12	USA NMDP Chinese (n=99672)	NA
DQB1*06:13	USA NMDP Chinese (n=99672)	NA
DQB1*06:14	USA NMDP Chinese (n=99672)	NA
DQB1*06:15	USA NMDP Chinese (n=99672)	NA
DQB1*06:16	USA NMDP Chinese (n=99672)	NA
DQB1*06:21	USA NMDP Chinese (n=99672)	NA
DQB1*06:22	USA NMDP Chinese (n=99672)	NA
DQB1*06:24	USA NMDP Chinese (n=99672)	NA
DQB1*06:27	USA NMDP Chinese (n=99672)	NA
DQB1*06:30	USA NMDP Chinese (n=99672)	NA
DQB1*06:33	USA NMDP Chinese (n=99672)	NA
DQB1*03:10	USA NMDP European Caucasian (n=1242890)	NA
DQB1*03:11	USA NMDP European Caucasian (n=1242890)	NA
DQB1*03:13	USA NMDP European Caucasian (n=1242890)	NA
DQB1*03:62	USA NMDP European Caucasian (n=1242890)	NA
DQB1*03:87	USA NMDP European Caucasian (n=1242890)	NA
DQB1*03:99Q	USA NMDP European Caucasian (n=1242890)	NA
DQB1*04:03	USA NMDP European Caucasian (n=1242890)	NA
DQB1*04:09	USA NMDP European Caucasian (n=1242890)	NA
DQB1*05:11	USA NMDP European Caucasian (n=1242890)	NA
DQB1*05:24	USA NMDP European Caucasian (n=1242890)	NA
DQB1*05:28	USA NMDP European Caucasian (n=1242890)	NA
DQB1*05:37	USA NMDP European Caucasian (n=1242890)	NA
DQB1*05:46	USA NMDP European Caucasian (n=1242890)	NA
DQB1*06:08	USA NMDP European Caucasian (n=1242890)	NA
DQB1*06:10	USA NMDP European Caucasian (n=1242890)	NA
DQB1*02:03	USA NMDP Filipino (n=50614)	NA
DQB1*02:05	USA NMDP Filipino (n=50614)	NA
DQB1*03:07	USA NMDP Filipino (n=50614)	NA
DQB1*03:08	USA NMDP Filipino (n=50614)	NA
DQB1*03:10	USA NMDP Filipino (n=50614)	NA
DQB1*03:11	USA NMDP Filipino (n=50614)	NA
DQB1*03:12	USA NMDP Filipino (n=50614)	NA
DQB1*03:14	USA NMDP Filipino (n=50614)	NA
DQB1*03:15	USA NMDP Filipino (n=50614)	NA
DQB1*03:20	USA NMDP Filipino (n=50614)	NA
DQB1*03:25	USA NMDP Filipino (n=50614)	NA
DQB1*03:62	USA NMDP Filipino (n=50614)	NA
DQB1*03:87	USA NMDP Filipino (n=50614)	NA
DQB1*03:99Q	USA NMDP Filipino (n=50614)	NA
DQB1*04:03	USA NMDP Filipino (n=50614)	NA
DQB1*04:09	USA NMDP Filipino (n=50614)	NA
DQB1*05:04	USA NMDP Filipino (n=50614)	NA
DQB1*05:11	USA NMDP Filipino (n=50614)	NA
DQB1*05:24	USA NMDP Filipino (n=50614)	NA
DQB1*05:28	USA NMDP Filipino (n=50614)	NA
DQB1*05:37	USA NMDP Filipino (n=50614)	NA
DQB1*05:46	USA NMDP Filipino (n=50614)	NA
DQB1*06:05	USA NMDP Filipino (n=50614)	NA
DQB1*06:06	USA NMDP Filipino (n=50614)	NA
DQB1*06:07	USA NMDP Filipino (n=50614)	NA
DQB1*06:08	USA NMDP Filipino (n=50614)	NA
DQB1*06:11	USA NMDP Filipino (n=50614)	NA
DQB1*06:12	USA NMDP Filipino (n=50614)	NA
DQB1*06:13	USA NMDP Filipino (n=50614)	NA
DQB1*06:14	USA NMDP Filipino (n=50614)	NA
DQB1*06:15	USA NMDP Filipino (n=50614)	NA
DQB1*06:16	USA NMDP Filipino (n=50614)	NA
DQB1*06:21	USA NMDP Filipino (n=50614)	NA
DQB1*06:22	USA NMDP Filipino (n=50614)	NA
DQB1*06:24	USA NMDP Filipino (n=50614)	NA
DQB1*06:27	USA NMDP Filipino (n=50614)	NA
DQB1*06:30	USA NMDP Filipino (n=50614)	NA
DQB1*06:33	USA NMDP Filipino (n=50614)	NA
DQB1*02:03	USA NMDP Hawaiian or other Pacific Islander (n=11499)	NA
DQB1*02:05	USA NMDP Hawaiian or other Pacific Islander (n=11499)	NA
DQB1*03:04	USA NMDP Hawaiian or other Pacific Islander (n=11499)	NA
DQB1*03:05	USA NMDP Hawaiian or other Pacific Islander (n=11499)	NA
DQB1*03:07	USA NMDP Hawaiian or other Pacific Islander (n=11499)	NA
DQB1*03:08	USA NMDP Hawaiian or other Pacific Islander (n=11499)	NA
DQB1*03:10	USA NMDP Hawaiian or other Pacific Islander (n=11499)	NA
DQB1*03:11	USA NMDP Hawaiian or other Pacific Islander (n=11499)	NA
DQB1*03:12	USA NMDP Hawaiian or other Pacific Islander (n=11499)	NA
DQB1*03:13	USA NMDP Hawaiian or other Pacific Islander (n=11499)	NA
DQB1*03:14	USA NMDP Hawaiian or other Pacific Islander (n=11499)	NA
DQB1*03:15	USA NMDP Hawaiian or other Pacific Islander (n=11499)	NA
DQB1*03:20	USA NMDP Hawaiian or other Pacific Islander (n=11499)	NA
DQB1*03:25	USA NMDP Hawaiian or other Pacific Islander (n=11499)	NA
DQB1*03:62	USA NMDP Hawaiian or other Pacific Islander (n=11499)	NA
DQB1*03:87	USA NMDP Hawaiian or other Pacific Islander (n=11499)	NA
DQB1*03:99Q	USA NMDP Hawaiian or other Pacific Islander (n=11499)	NA
DQB1*04:03	USA NMDP Hawaiian or other Pacific Islander (n=11499)	NA
DQB1*04:09	USA NMDP Hawaiian or other Pacific Islander (n=11499)	NA
DQB1*05:04	USA NMDP Hawaiian or other Pacific Islander (n=11499)	NA
DQB1*05:11	USA NMDP Hawaiian or other Pacific Islander (n=11499)	NA
DQB1*05:24	USA NMDP Hawaiian or other Pacific Islander (n=11499)	NA
DQB1*05:28	USA NMDP Hawaiian or other Pacific Islander (n=11499)	NA
DQB1*05:37	USA NMDP Hawaiian or other Pacific Islander (n=11499)	NA
DQB1*05:46	USA NMDP Hawaiian or other Pacific Islander (n=11499)	NA
DQB1*06:05	USA NMDP Hawaiian or other Pacific Islander (n=11499)	NA
DQB1*06:06	USA NMDP Hawaiian or other Pacific Islander (n=11499)	NA
DQB1*06:07	USA NMDP Hawaiian or other Pacific Islander (n=11499)	NA
DQB1*06:08	USA NMDP Hawaiian or other Pacific Islander (n=11499)	NA
DQB1*06:11	USA NMDP Hawaiian or other Pacific Islander (n=11499)	NA
DQB1*06:12	USA NMDP Hawaiian or other Pacific Islander (n=11499)	NA
DQB1*06:13	USA NMDP Hawaiian or other Pacific Islander (n=11499)	NA
DQB1*06:14	USA NMDP Hawaiian or other Pacific Islander (n=11499)	NA
DQB1*06:15	USA NMDP Hawaiian or other Pacific Islander (n=11499)	NA
DQB1*06:16	USA NMDP Hawaiian or other Pacific Islander (n=11499)	NA
DQB1*06:21	USA NMDP Hawaiian or other Pacific Islander (n=11499)	NA
DQB1*06:22	USA NMDP Hawaiian or other Pacific Islander (n=11499)	NA
DQB1*06:24	USA NMDP Hawaiian or other Pacific Islander (n=11499)	NA
DQB1*06:27	USA NMDP Hawaiian or other Pacific Islander (n=11499)	NA
DQB1*06:30	USA NMDP Hawaiian or other Pacific Islander (n=11499)	NA
DQB1*06:33	USA NMDP Hawaiian or other Pacific Islander (n=11499)	NA
DQB1*02:05	USA NMDP Hispanic South or Central American (n=146714)	NA
DQB1*03:07	USA NMDP Hispanic South or Central American (n=146714)	NA
DQB1*03:08	USA NMDP Hispanic South or Central American (n=146714)	NA
DQB1*03:11	USA NMDP Hispanic South or Central American (n=146714)	NA
DQB1*03:12	USA NMDP Hispanic South or Central American (n=146714)	NA
DQB1*03:13	USA NMDP Hispanic South or Central American (n=146714)	NA
DQB1*03:14	USA NMDP Hispanic South or Central American (n=146714)	NA
DQB1*03:15	USA NMDP Hispanic South or Central American (n=146714)	NA
DQB1*03:20	USA NMDP Hispanic South or Central American (n=146714)	NA
DQB1*03:62	USA NMDP Hispanic South or Central American (n=146714)	NA
DQB1*03:87	USA NMDP Hispanic South or Central American (n=146714)	NA
DQB1*03:99Q	USA NMDP Hispanic South or Central American (n=146714)	NA
DQB1*04:01	USA NMDP Hispanic South or Central American (n=146714)	NA
DQB1*04:03	USA NMDP Hispanic South or Central American (n=146714)	NA
DQB1*04:09	USA NMDP Hispanic South or Central American (n=146714)	NA
DQB1*05:11	USA NMDP Hispanic South or Central American (n=146714)	NA
DQB1*05:24	USA NMDP Hispanic South or Central American (n=146714)	NA
DQB1*05:28	USA NMDP Hispanic South or Central American (n=146714)	NA
DQB1*05:37	USA NMDP Hispanic South or Central American (n=146714)	NA
DQB1*05:46	USA NMDP Hispanic South or Central American (n=146714)	NA
DQB1*06:06	USA NMDP Hispanic South or Central American (n=146714)	NA
DQB1*06:07	USA NMDP Hispanic South or Central American (n=146714)	NA
DQB1*06:10	USA NMDP Hispanic South or Central American (n=146714)	NA
DQB1*06:12	USA NMDP Hispanic South or Central American (n=146714)	NA
DQB1*06:13	USA NMDP Hispanic South or Central American (n=146714)	NA
DQB1*06:14	USA NMDP Hispanic South or Central American (n=146714)	NA
DQB1*06:15	USA NMDP Hispanic South or Central American (n=146714)	NA
DQB1*06:16	USA NMDP Hispanic South or Central American (n=146714)	NA
DQB1*06:21	USA NMDP Hispanic South or Central American (n=146714)	NA
DQB1*06:22	USA NMDP Hispanic South or Central American (n=146714)	NA
DQB1*06:24	USA NMDP Hispanic South or Central American (n=146714)	NA
DQB1*06:27	USA NMDP Hispanic South or Central American (n=146714)	NA
DQB1*06:30	USA NMDP Hispanic South or Central American (n=146714)	NA
DQB1*06:33	USA NMDP Hispanic South or Central American (n=146714)	NA
DQB1*02:03	USA NMDP Japanese (n=24582)	NA
DQB1*02:05	USA NMDP Japanese (n=24582)	NA
DQB1*03:04	USA NMDP Japanese (n=24582)	NA
DQB1*03:05	USA NMDP Japanese (n=24582)	NA
DQB1*03:07	USA NMDP Japanese (n=24582)	NA
DQB1*03:08	USA NMDP Japanese (n=24582)	NA
DQB1*03:10	USA NMDP Japanese (n=24582)	NA
DQB1*03:11	USA NMDP Japanese (n=24582)	NA
DQB1*03:12	USA NMDP Japanese (n=24582)	NA
DQB1*03:13	USA NMDP Japanese (n=24582)	NA
DQB1*03:14	USA NMDP Japanese (n=24582)	NA
DQB1*03:15	USA NMDP Japanese (n=24582)	NA
DQB1*03:20	USA NMDP Japanese (n=24582)	NA
DQB1*03:25	USA NMDP Japanese (n=24582)	NA
DQB1*03:62	USA NMDP Japanese (n=24582)	NA
DQB1*03:87	USA NMDP Japanese (n=24582)	NA
DQB1*03:99Q	USA NMDP Japanese (n=24582)	NA
DQB1*04:03	USA NMDP Japanese (n=24582)	NA
DQB1*04:09	USA NMDP Japanese (n=24582)	NA
DQB1*05:04	USA NMDP Japanese (n=24582)	NA
DQB1*05:11	USA NMDP Japanese (n=24582)	NA
DQB1*05:24	USA NMDP Japanese (n=24582)	NA
DQB1*05:28	USA NMDP Japanese (n=24582)	NA
DQB1*05:37	USA NMDP Japanese (n=24582)	NA
DQB1*05:46	USA NMDP Japanese (n=24582)	NA
DQB1*06:05	USA NMDP Japanese (n=24582)	NA
DQB1*06:06	USA NMDP Japanese (n=24582)	NA
DQB1*06:07	USA NMDP Japanese (n=24582)	NA
DQB1*06:08	USA NMDP Japanese (n=24582)	NA
DQB1*06:11	USA NMDP Japanese (n=24582)	NA
DQB1*06:12	USA NMDP Japanese (n=24582)	NA
DQB1*06:13	USA NMDP Japanese (n=24582)	NA
DQB1*06:14	USA NMDP Japanese (n=24582)	NA
DQB1*06:15	USA NMDP Japanese (n=24582)	NA
DQB1*06:16	USA NMDP Japanese (n=24582)	NA
DQB1*06:21	USA NMDP Japanese (n=24582)	NA
DQB1*06:22	USA NMDP Japanese (n=24582)	NA
DQB1*06:24	USA NMDP Japanese (n=24582)	NA
DQB1*06:27	USA NMDP Japanese (n=24582)	NA
DQB1*06:30	USA NMDP Japanese (n=24582)	NA
DQB1*06:33	USA NMDP Japanese (n=24582)	NA
DQB1*02:03	USA NMDP Korean (n=77584)	NA
DQB1*02:05	USA NMDP Korean (n=77584)	NA
DQB1*03:04	USA NMDP Korean (n=77584)	NA
DQB1*03:05	USA NMDP Korean (n=77584)	NA
DQB1*03:07	USA NMDP Korean (n=77584)	NA
DQB1*03:08	USA NMDP Korean (n=77584)	NA
DQB1*03:10	USA NMDP Korean (n=77584)	NA
DQB1*03:11	USA NMDP Korean (n=77584)	NA
DQB1*03:12	USA NMDP Korean (n=77584)	NA
DQB1*03:15	USA NMDP Korean (n=77584)	NA
DQB1*03:20	USA NMDP Korean (n=77584)	NA
DQB1*03:25	USA NMDP Korean (n=77584)	NA
DQB1*03:62	USA NMDP Korean (n=77584)	NA
DQB1*03:87	USA NMDP Korean (n=77584)	NA
DQB1*03:99Q	USA NMDP Korean (n=77584)	NA
DQB1*04:03	USA NMDP Korean (n=77584)	NA
DQB1*04:09	USA NMDP Korean (n=77584)	NA
DQB1*05:04	USA NMDP Korean (n=77584)	NA
DQB1*05:11	USA NMDP Korean (n=77584)	NA
DQB1*05:24	USA NMDP Korean (n=77584)	NA
DQB1*05:28	USA NMDP Korean (n=77584)	NA
DQB1*05:37	USA NMDP Korean (n=77584)	NA
DQB1*05:46	USA NMDP Korean (n=77584)	NA
DQB1*06:06	USA NMDP Korean (n=77584)	NA
DQB1*06:07	USA NMDP Korean (n=77584)	NA
DQB1*06:08	USA NMDP Korean (n=77584)	NA
DQB1*06:11	USA NMDP Korean (n=77584)	NA
DQB1*06:12	USA NMDP Korean (n=77584)	NA
DQB1*06:13	USA NMDP Korean (n=77584)	NA
DQB1*06:14	USA NMDP Korean (n=77584)	NA
DQB1*06:15	USA NMDP Korean (n=77584)	NA
DQB1*06:16	USA NMDP Korean (n=77584)	NA
DQB1*06:21	USA NMDP Korean (n=77584)	NA
DQB1*06:22	USA NMDP Korean (n=77584)	NA
DQB1*06:24	USA NMDP Korean (n=77584)	NA
DQB1*06:27	USA NMDP Korean (n=77584)	NA
DQB1*06:30	USA NMDP Korean (n=77584)	NA
DQB1*06:33	USA NMDP Korean (n=77584)	NA
DQB1*02:05	USA NMDP Mexican or Chicano (n=261235)	NA
DQB1*03:08	USA NMDP Mexican or Chicano (n=261235)	NA
DQB1*03:10	USA NMDP Mexican or Chicano (n=261235)	NA
DQB1*03:11	USA NMDP Mexican or Chicano (n=261235)	NA
DQB1*03:12	USA NMDP Mexican or Chicano (n=261235)	NA
DQB1*03:13	USA NMDP Mexican or Chicano (n=261235)	NA
DQB1*03:14	USA NMDP Mexican or Chicano (n=261235)	NA
DQB1*03:15	USA NMDP Mexican or Chicano (n=261235)	NA
DQB1*03:20	USA NMDP Mexican or Chicano (n=261235)	NA
DQB1*03:62	USA NMDP Mexican or Chicano (n=261235)	NA
DQB1*03:87	USA NMDP Mexican or Chicano (n=261235)	NA
DQB1*03:99Q	USA NMDP Mexican or Chicano (n=261235)	NA
DQB1*04:09	USA NMDP Mexican or Chicano (n=261235)	NA
DQB1*05:11	USA NMDP Mexican or Chicano (n=261235)	NA
DQB1*05:24	USA NMDP Mexican or Chicano (n=261235)	NA
DQB1*05:28	USA NMDP Mexican or Chicano (n=261235)	NA
DQB1*05:37	USA NMDP Mexican or Chicano (n=261235)	NA
DQB1*05:46	USA NMDP Mexican or Chicano (n=261235)	NA
DQB1*06:06	USA NMDP Mexican or Chicano (n=261235)	NA
DQB1*06:10	USA NMDP Mexican or Chicano (n=261235)	NA
DQB1*06:11	USA NMDP Mexican or Chicano (n=261235)	NA
DQB1*06:12	USA NMDP Mexican or Chicano (n=261235)	NA
DQB1*06:14	USA NMDP Mexican or Chicano (n=261235)	NA
DQB1*06:15	USA NMDP Mexican or Chicano (n=261235)	NA
DQB1*06:16	USA NMDP Mexican or Chicano (n=261235)	NA
DQB1*06:21	USA NMDP Mexican or Chicano (n=261235)	NA
DQB1*06:22	USA NMDP Mexican or Chicano (n=261235)	NA
DQB1*06:24	USA NMDP Mexican or Chicano (n=261235)	NA
DQB1*06:27	USA NMDP Mexican or Chicano (n=261235)	NA
DQB1*06:30	USA NMDP Mexican or Chicano (n=261235)	NA
DQB1*06:33	USA NMDP Mexican or Chicano (n=261235)	NA
DQB1*02:03	USA NMDP Middle Eastern or North Coast of Africa (n=70890)	NA
DQB1*02:05	USA NMDP Middle Eastern or North Coast of Africa (n=70890)	NA
DQB1*03:07	USA NMDP Middle Eastern or North Coast of Africa (n=70890)	NA
DQB1*03:08	USA NMDP Middle Eastern or North Coast of Africa (n=70890)	NA
DQB1*03:10	USA NMDP Middle Eastern or North Coast of Africa (n=70890)	NA
DQB1*03:11	USA NMDP Middle Eastern or North Coast of Africa (n=70890)	NA
DQB1*03:12	USA NMDP Middle Eastern or North Coast of Africa (n=70890)	NA
DQB1*03:13	USA NMDP Middle Eastern or North Coast of Africa (n=70890)	NA
DQB1*03:14	USA NMDP Middle Eastern or North Coast of Africa (n=70890)	NA
DQB1*03:15	USA NMDP Middle Eastern or North Coast of Africa (n=70890)	NA
DQB1*03:20	USA NMDP Middle Eastern or North Coast of Africa (n=70890)	NA
DQB1*03:25	USA NMDP Middle Eastern or North Coast of Africa (n=70890)	NA
DQB1*03:62	USA NMDP Middle Eastern or North Coast of Africa (n=70890)	NA
DQB1*03:87	USA NMDP Middle Eastern or North Coast of Africa (n=70890)	NA
DQB1*03:99Q	USA NMDP Middle Eastern or North Coast of Africa (n=70890)	NA
DQB1*04:03	USA NMDP Middle Eastern or North Coast of Africa (n=70890)	NA
DQB1*04:09	USA NMDP Middle Eastern or North Coast of Africa (n=70890)	NA
DQB1*05:11	USA NMDP Middle Eastern or North Coast of Africa (n=70890)	NA
DQB1*05:24	USA NMDP Middle Eastern or North Coast of Africa (n=70890)	NA
DQB1*05:28	USA NMDP Middle Eastern or North Coast of Africa (n=70890)	NA
DQB1*05:37	USA NMDP Middle Eastern or North Coast of Africa (n=70890)	NA
DQB1*05:46	USA NMDP Middle Eastern or North Coast of Africa (n=70890)	NA
DQB1*06:05	USA NMDP Middle Eastern or North Coast of Africa (n=70890)	NA
DQB1*06:06	USA NMDP Middle Eastern or North Coast of Africa (n=70890)	NA
DQB1*06:07	USA NMDP Middle Eastern or North Coast of Africa (n=70890)	NA
DQB1*06:08	USA NMDP Middle Eastern or North Coast of Africa (n=70890)	NA
DQB1*06:10	USA NMDP Middle Eastern or North Coast of Africa (n=70890)	NA
DQB1*06:11	USA NMDP Middle Eastern or North Coast of Africa (n=70890)	NA
DQB1*06:12	USA NMDP Middle Eastern or North Coast of Africa (n=70890)	NA
DQB1*06:13	USA NMDP Middle Eastern or North Coast of Africa (n=70890)	NA
DQB1*06:14	USA NMDP Middle Eastern or North Coast of Africa (n=70890)	NA
DQB1*06:15	USA NMDP Middle Eastern or North Coast of Africa (n=70890)	NA
DQB1*06:16	USA NMDP Middle Eastern or North Coast of Africa (n=70890)	NA
DQB1*06:21	USA NMDP Middle Eastern or North Coast of Africa (n=70890)	NA
DQB1*06:22	USA NMDP Middle Eastern or North Coast of Africa (n=70890)	NA
DQB1*06:24	USA NMDP Middle Eastern or North Coast of Africa (n=70890)	NA
DQB1*06:27	USA NMDP Middle Eastern or North Coast of Africa (n=70890)	NA
DQB1*06:30	USA NMDP Middle Eastern or North Coast of Africa (n=70890)	NA
DQB1*06:33	USA NMDP Middle Eastern or North Coast of Africa (n=70890)	NA
DQB1*02:03	USA NMDP North American Indian (n=35791)	NA
DQB1*02:05	USA NMDP North American Indian (n=35791)	NA
DQB1*03:05	USA NMDP North American Indian (n=35791)	NA
DQB1*03:07	USA NMDP North American Indian (n=35791)	NA
DQB1*03:08	USA NMDP North American Indian (n=35791)	NA
DQB1*03:10	USA NMDP North American Indian (n=35791)	NA
DQB1*03:11	USA NMDP North American Indian (n=35791)	NA
DQB1*03:12	USA NMDP North American Indian (n=35791)	NA
DQB1*03:13	USA NMDP North American Indian (n=35791)	NA
DQB1*03:14	USA NMDP North American Indian (n=35791)	NA
DQB1*03:15	USA NMDP North American Indian (n=35791)	NA
DQB1*03:20	USA NMDP North American Indian (n=35791)	NA
DQB1*03:25	USA NMDP North American Indian (n=35791)	NA
DQB1*03:62	USA NMDP North American Indian (n=35791)	NA
DQB1*03:87	USA NMDP North American Indian (n=35791)	NA
DQB1*03:99Q	USA NMDP North American Indian (n=35791)	NA
DQB1*04:01	USA NMDP North American Indian (n=35791)	NA
DQB1*04:03	USA NMDP North American Indian (n=35791)	NA
DQB1*04:09	USA NMDP North American Indian (n=35791)	NA
DQB1*05:04	USA NMDP North American Indian (n=35791)	NA
DQB1*05:11	USA NMDP North American Indian (n=35791)	NA
DQB1*05:24	USA NMDP North American Indian (n=35791)	NA
DQB1*05:28	USA NMDP North American Indian (n=35791)	NA
DQB1*05:37	USA NMDP North American Indian (n=35791)	NA
DQB1*05:46	USA NMDP North American Indian (n=35791)	NA
DQB1*06:05	USA NMDP North American Indian (n=35791)	NA
DQB1*06:06	USA NMDP North American Indian (n=35791)	NA
DQB1*06:07	USA NMDP North American Indian (n=35791)	NA
DQB1*06:08	USA NMDP North American Indian (n=35791)	NA
DQB1*06:10	USA NMDP North American Indian (n=35791)	NA
DQB1*06:11	USA NMDP North American Indian (n=35791)	NA
DQB1*06:12	USA NMDP North American Indian (n=35791)	NA
DQB1*06:13	USA NMDP North American Indian (n=35791)	NA
DQB1*06:14	USA NMDP North American Indian (n=35791)	NA
DQB1*06:15	USA NMDP North American Indian (n=35791)	NA
DQB1*06:16	USA NMDP North American Indian (n=35791)	NA
DQB1*06:21	USA NMDP North American Indian (n=35791)	NA
DQB1*06:22	USA NMDP North American Indian (n=35791)	NA
DQB1*06:24	USA NMDP North American Indian (n=35791)	NA
DQB1*06:27	USA NMDP North American Indian (n=35791)	NA
DQB1*06:30	USA NMDP North American Indian (n=35791)	NA
DQB1*06:33	USA NMDP North American Indian (n=35791)	NA
DQB1*02:03	USA NMDP South Asian Indian (n=185391)	NA
DQB1*02:05	USA NMDP South Asian Indian (n=185391)	NA
DQB1*03:04	USA NMDP South Asian Indian (n=185391)	NA
DQB1*03:07	USA NMDP South Asian Indian (n=185391)	NA
DQB1*03:08	USA NMDP South Asian Indian (n=185391)	NA
DQB1*03:10	USA NMDP South Asian Indian (n=185391)	NA
DQB1*03:11	USA NMDP South Asian Indian (n=185391)	NA
DQB1*03:12	USA NMDP South Asian Indian (n=185391)	NA
DQB1*03:13	USA NMDP South Asian Indian (n=185391)	NA
DQB1*03:14	USA NMDP South Asian Indian (n=185391)	NA
DQB1*03:15	USA NMDP South Asian Indian (n=185391)	NA
DQB1*03:20	USA NMDP South Asian Indian (n=185391)	NA
DQB1*03:25	USA NMDP South Asian Indian (n=185391)	NA
DQB1*03:62	USA NMDP South Asian Indian (n=185391)	NA
DQB1*03:87	USA NMDP South Asian Indian (n=185391)	NA
DQB1*03:99Q	USA NMDP South Asian Indian (n=185391)	NA
DQB1*04:03	USA NMDP South Asian Indian (n=185391)	NA
DQB1*04:09	USA NMDP South Asian Indian (n=185391)	NA
DQB1*05:04	USA NMDP South Asian Indian (n=185391)	NA
DQB1*05:11	USA NMDP South Asian Indian (n=185391)	NA
DQB1*05:24	USA NMDP South Asian Indian (n=185391)	NA
DQB1*05:28	USA NMDP South Asian Indian (n=185391)	NA
DQB1*05:37	USA NMDP South Asian Indian (n=185391)	NA
DQB1*05:46	USA NMDP South Asian Indian (n=185391)	NA
DQB1*06:05	USA NMDP South Asian Indian (n=185391)	NA
DQB1*06:06	USA NMDP South Asian Indian (n=185391)	NA
DQB1*06:07	USA NMDP South Asian Indian (n=185391)	NA
DQB1*06:08	USA NMDP South Asian Indian (n=185391)	NA
DQB1*06:10	USA NMDP South Asian Indian (n=185391)	NA
DQB1*06:11	USA NMDP South Asian Indian (n=185391)	NA
DQB1*06:12	USA NMDP South Asian Indian (n=185391)	NA
DQB1*06:13	USA NMDP South Asian Indian (n=185391)	NA
DQB1*06:14	USA NMDP South Asian Indian (n=185391)	NA
DQB1*06:15	USA NMDP South Asian Indian (n=185391)	NA
DQB1*06:16	USA NMDP South Asian Indian (n=185391)	NA
DQB1*06:21	USA NMDP South Asian Indian (n=185391)	NA
DQB1*06:22	USA NMDP South Asian Indian (n=185391)	NA
DQB1*06:24	USA NMDP South Asian Indian (n=185391)	NA
DQB1*06:27	USA NMDP South Asian Indian (n=185391)	NA
DQB1*06:30	USA NMDP South Asian Indian (n=185391)	NA
DQB1*06:33	USA NMDP South Asian Indian (n=185391)	NA
DQB1*02:03	USA NMDP Southeast Asian (n=27978)	NA
DQB1*02:05	USA NMDP Southeast Asian (n=27978)	NA
DQB1*03:04	USA NMDP Southeast Asian (n=27978)	NA
DQB1*03:07	USA NMDP Southeast Asian (n=27978)	NA
DQB1*03:08	USA NMDP Southeast Asian (n=27978)	NA
DQB1*03:10	USA NMDP Southeast Asian (n=27978)	NA
DQB1*03:12	USA NMDP Southeast Asian (n=27978)	NA
DQB1*03:13	USA NMDP Southeast Asian (n=27978)	NA
DQB1*03:14	USA NMDP Southeast Asian (n=27978)	NA
DQB1*03:15	USA NMDP Southeast Asian (n=27978)	NA
DQB1*03:20	USA NMDP Southeast Asian (n=27978)	NA
DQB1*03:25	USA NMDP Southeast Asian (n=27978)	NA
DQB1*03:62	USA NMDP Southeast Asian (n=27978)	NA
DQB1*03:87	USA NMDP Southeast Asian (n=27978)	NA
DQB1*03:99Q	USA NMDP Southeast Asian (n=27978)	NA
DQB1*04:03	USA NMDP Southeast Asian (n=27978)	NA
DQB1*04:09	USA NMDP Southeast Asian (n=27978)	NA
DQB1*05:11	USA NMDP Southeast Asian (n=27978)	NA
DQB1*05:24	USA NMDP Southeast Asian (n=27978)	NA
DQB1*05:28	USA NMDP Southeast Asian (n=27978)	NA
DQB1*05:37	USA NMDP Southeast Asian (n=27978)	NA
DQB1*05:46	USA NMDP Southeast Asian (n=27978)	NA
DQB1*06:05	USA NMDP Southeast Asian (n=27978)	NA
DQB1*06:06	USA NMDP Southeast Asian (n=27978)	NA
DQB1*06:07	USA NMDP Southeast Asian (n=27978)	NA
DQB1*06:08	USA NMDP Southeast Asian (n=27978)	NA
DQB1*06:11	USA NMDP Southeast Asian (n=27978)	NA
DQB1*06:12	USA NMDP Southeast Asian (n=27978)	NA
DQB1*06:13	USA NMDP Southeast Asian (n=27978)	NA
DQB1*06:14	USA NMDP Southeast Asian (n=27978)	NA
DQB1*06:15	USA NMDP Southeast Asian (n=27978)	NA
DQB1*06:16	USA NMDP Southeast Asian (n=27978)	NA
DQB1*06:21	USA NMDP Southeast Asian (n=27978)	NA
DQB1*06:22	USA NMDP Southeast Asian (n=27978)	NA
DQB1*06:24	USA NMDP Southeast Asian (n=27978)	NA
DQB1*06:27	USA NMDP Southeast Asian (n=27978)	NA
DQB1*06:30	USA NMDP Southeast Asian (n=27978)	NA
DQB1*06:33	USA NMDP Southeast Asian (n=27978)	NA
DQB1*02:03	USA NMDP Vietnamese (n=43540)	NA
DQB1*02:05	USA NMDP Vietnamese (n=43540)	NA
DQB1*03:05	USA NMDP Vietnamese (n=43540)	NA
DQB1*03:07	USA NMDP Vietnamese (n=43540)	NA
DQB1*03:08	USA NMDP Vietnamese (n=43540)	NA
DQB1*03:10	USA NMDP Vietnamese (n=43540)	NA
DQB1*03:11	USA NMDP Vietnamese (n=43540)	NA
DQB1*03:12	USA NMDP Vietnamese (n=43540)	NA
DQB1*03:14	USA NMDP Vietnamese (n=43540)	NA
DQB1*03:15	USA NMDP Vietnamese (n=43540)	NA
DQB1*03:20	USA NMDP Vietnamese (n=43540)	NA
DQB1*03:25	USA NMDP Vietnamese (n=43540)	NA
DQB1*03:62	USA NMDP Vietnamese (n=43540)	NA
DQB1*03:87	USA NMDP Vietnamese (n=43540)	NA
DQB1*03:99Q	USA NMDP Vietnamese (n=43540)	NA
DQB1*04:03	USA NMDP Vietnamese (n=43540)	NA
DQB1*04:09	USA NMDP Vietnamese (n=43540)	NA
DQB1*05:04	USA NMDP Vietnamese (n=43540)	NA
DQB1*05:11	USA NMDP Vietnamese (n=43540)	NA
DQB1*05:24	USA NMDP Vietnamese (n=43540)	NA
DQB1*05:28	USA NMDP Vietnamese (n=43540)	NA
DQB1*05:37	USA NMDP Vietnamese (n=43540)	NA
DQB1*05:46	USA NMDP Vietnamese (n=43540)	NA
DQB1*06:05	USA NMDP Vietnamese (n=43540)	NA
DQB1*06:06	USA NMDP Vietnamese (n=43540)	NA
DQB1*06:07	USA NMDP Vietnamese (n=43540)	NA
DQB1*06:08	USA NMDP Vietnamese (n=43540)	NA
DQB1*06:11	USA NMDP Vietnamese (n=43540)	NA
DQB1*06:12	USA NMDP Vietnamese (n=43540)	NA
DQB1*06:13	USA NMDP Vietnamese (n=43540)	NA
DQB1*06:14	USA NMDP Vietnamese (n=43540)	NA
DQB1*06:15	USA NMDP Vietnamese (n=43540)	NA
DQB1*06:16	USA NMDP Vietnamese (n=43540)	NA
DQB1*06:21	USA NMDP Vietnamese (n=43540)	NA
DQB1*06:22	USA NMDP Vietnamese (n=43540)	NA
DQB1*06:24	USA NMDP Vietnamese (n=43540)	NA
DQB1*06:27	USA NMDP Vietnamese (n=43540)	NA
DQB1*06:30	USA NMDP Vietnamese (n=43540)	NA
DQB1*06:33	USA NMDP Vietnamese (n=43540)	NA
