Allele	USA NMDP African (n=28557)	USA NMDP African American (n=416581)	USA NMDP Alaska Native or Aleut (n=1376)	USA NMDP American Indian South or Central America (n=5926)	USA NMDP Black South or Central American (n=4889)	USA NMDP Caribean Black (n=33328)	USA NMDP Caribean Hispanic (n=115374)	USA NMDP Caribean Indian (n=14339)	USA NMDP Chinese (n=99672)	USA NMDP European Caucasian (n=1242890)	USA NMDP Filipino (n=50614)	USA NMDP Hawaiian or other Pacific Islander (n=11499)	USA NMDP Hispanic South or Central American (n=146714)	USA NMDP Japanese (n=24582)	USA NMDP Korean (n=77584)	USA NMDP Mexican or Chicano (n=261235)	USA NMDP Middle Eastern or North Coast of Africa (n=70890)	USA NMDP North American Indian (n=35791)	USA NMDP South Asian Indian (n=185391)	USA NMDP Southeast Asian (n=27978)	USA NMDP Vietnamese (n=43540)
DRB1*01:01	0.019	0.026	0.055	0.067	NA	0.024	0.049	0.043	0.00929	0.086	0.00667	0.019	0.044	0.058	0.058	0.043	0.045	0.07	0.032	0.024	0.00276
DRB1*01:02	0.048	0.039	0.005	0.015	NA	0.044	0.037	0.033	0.00071	0.014	0.00167	0.00457	0.036	0.00057	0.00019	0.033	0.029	0.01	0.001	0.00266	0.00078
DRB1*01:03	0.002	0.003	0.004	0.009	NA	0.002	0.004	0.002	7e-05	0.012	0.00071	0.00236	0.00787	0.00067	0.00012	0.00756	0.00366	0.01	NA	2e-04	0.00018
DRB1*01:04	NA	NA	NA	NA	NA	NA	NA	NA	NA	0	NA	NA	NA	NA	NA	NA	NA	NA	NA	NA	NA
DRB1*01:05	NA	NA	NA	NA	NA	NA	NA	NA	NA	NA	NA	NA	NA	NA	NA	NA	NA	NA	NA	NA	NA
DRB1*01:06	NA	NA	NA	NA	0.00072	NA	NA	NA	1e-05	0	NA	NA	NA	NA	NA	NA	NA	NA	NA	NA	NA
DRB1*01:07	NA	NA	NA	NA	NA	NA	NA	NA	NA	1e-05	NA	NA	NA	NA	NA	NA	NA	NA	NA	NA	NA
DRB1*01:08	NA	NA	NA	NA	NA	NA	NA	NA	NA	NA	NA	NA	NA	NA	NA	NA	NA	NA	NA	NA	NA
DRB1*01:09	NA	NA	NA	NA	NA	NA	NA	NA	NA	NA	NA	NA	NA	NA	NA	NA	NA	NA	NA	NA	NA
DRB1*01:10	NA	NA	NA	NA	0.05	NA	NA	NA	NA	0	NA	NA	NA	NA	NA	NA	1e-05	NA	NA	NA	NA
DRB1*01:16	NA	NA	NA	NA	NA	NA	NA	NA	NA	0	NA	NA	NA	NA	NA	NA	NA	NA	NA	NA	NA
DRB1*01:17	NA	NA	NA	NA	0.0056	NA	NA	NA	NA	NA	NA	NA	0	NA	NA	NA	NA	NA	NA	NA	NA
DRB1*01:18	NA	NA	NA	NA	0.00021	NA	NA	NA	NA	0	NA	NA	NA	NA	NA	NA	NA	NA	NA	NA	NA
DRB1*01:19	NA	NA	NA	NA	NA	NA	NA	NA	NA	0	NA	NA	NA	NA	1e-05	NA	NA	NA	NA	NA	NA
DRB1*01:20	NA	NA	NA	NA	NA	NA	NA	NA	NA	NA	NA	NA	NA	NA	NA	0	NA	NA	NA	NA	NA
DRB1*01:22	NA	NA	NA	NA	NA	NA	NA	NA	NA	0	NA	NA	NA	NA	NA	NA	NA	NA	NA	NA	NA
DRB1*01:26	NA	NA	NA	NA	NA	NA	NA	NA	NA	NA	NA	NA	NA	NA	NA	NA	1e-05	NA	NA	NA	NA
DRB1*01:31	NA	NA	NA	NA	NA	NA	NA	NA	NA	0	NA	NA	NA	NA	NA	NA	NA	NA	NA	NA	NA
DRB1*03:01	0.073	0.07	0.076	0.095	NA	0.065	0.072	0.064	0.068	0.122	0.036	0.038	0.07	0.0068	0.022	0.07	0.089	0.09	0.075	0.075	0.053
DRB1*03:02	0.06	0.063	0.001	0.004	NA	0.066	0.033	0.043	4e-05	0.00034	2e-04	0.00109	0.01	8e-05	3e-05	0.00501	0.00157	0.002	NA	0.00013	1e-04
DRB1*03:03	NA	NA	NA	NA	NA	NA	NA	NA	NA	NA	NA	NA	0	NA	NA	NA	NA	NA	NA	NA	NA
DRB1*03:04	NA	NA	NA	NA	NA	NA	NA	NA	0	9e-05	0	NA	7e-05	NA	NA	3e-05	4e-05	NA	NA	NA	NA
DRB1*03:05	NA	NA	NA	NA	NA	NA	NA	NA	NA	4e-05	2e-05	NA	1e-05	NA	NA	1e-05	1e-05	NA	NA	2e-05	NA
DRB1*03:06	NA	NA	NA	NA	NA	NA	NA	NA	0	1e-05	NA	NA	0	NA	NA	1e-05	1e-05	NA	NA	NA	NA
DRB1*03:07	NA	NA	NA	NA	NA	NA	NA	NA	NA	1e-05	NA	NA	3e-05	NA	NA	4e-05	NA	NA	NA	NA	NA
DRB1*03:08	NA	NA	NA	NA	NA	NA	NA	NA	NA	0	NA	NA	NA	NA	NA	NA	NA	NA	NA	NA	NA
DRB1*03:09	NA	NA	NA	NA	NA	NA	NA	NA	NA	NA	0	NA	NA	NA	NA	NA	NA	NA	NA	NA	NA
DRB1*03:10	NA	NA	NA	NA	0.021	NA	NA	NA	NA	0	NA	NA	NA	NA	NA	NA	NA	NA	NA	NA	NA
DRB1*03:11	NA	NA	NA	NA	NA	NA	NA	NA	NA	0	NA	NA	NA	NA	NA	NA	1e-05	NA	NA	NA	NA
DRB1*03:12	NA	NA	NA	NA	NA	NA	NA	NA	NA	NA	NA	NA	NA	NA	NA	NA	NA	NA	NA	NA	NA
DRB1*03:13	NA	NA	NA	NA	NA	NA	NA	NA	NA	0	NA	NA	1e-05	NA	NA	NA	1e-05	NA	NA	NA	NA
DRB1*03:14	NA	NA	NA	NA	NA	NA	NA	NA	NA	0	NA	NA	NA	NA	NA	NA	1e-05	NA	NA	NA	NA
DRB1*03:15	NA	NA	NA	NA	NA	NA	NA	NA	NA	1e-05	NA	NA	0.00012	NA	NA	5e-05	NA	NA	NA	2e-05	NA
DRB1*03:16	NA	NA	NA	NA	NA	NA	NA	NA	0	NA	NA	0	2e-05	NA	NA	0	1e-05	NA	NA	NA	NA
DRB1*03:17	NA	NA	NA	NA	NA	NA	NA	NA	NA	0	NA	NA	NA	NA	NA	NA	NA	NA	NA	NA	NA
DRB1*03:18	NA	NA	NA	NA	NA	NA	NA	NA	0	0	NA	1e-05	NA	NA	NA	NA	1e-05	NA	NA	NA	NA
DRB1*03:19	NA	NA	NA	NA	0.073	NA	NA	NA	NA	0	NA	NA	1e-05	NA	NA	NA	NA	NA	NA	NA	NA
DRB1*03:20	NA	NA	NA	NA	NA	NA	NA	NA	NA	NA	NA	NA	NA	NA	NA	NA	NA	NA	NA	NA	NA
DRB1*03:22	NA	NA	NA	NA	NA	NA	NA	NA	NA	0	NA	NA	NA	NA	NA	NA	1e-05	NA	NA	NA	NA
DRB1*03:23	NA	NA	NA	NA	NA	NA	NA	NA	0	1e-05	0	NA	NA	NA	NA	NA	1e-05	NA	NA	NA	NA
DRB1*03:24	NA	NA	NA	NA	NA	NA	NA	NA	NA	0	NA	NA	NA	NA	NA	NA	NA	NA	NA	NA	NA
DRB1*03:25	NA	NA	NA	NA	NA	NA	NA	NA	NA	NA	0	NA	NA	NA	NA	NA	NA	NA	NA	NA	NA
DRB1*03:26	NA	NA	NA	NA	NA	NA	NA	NA	NA	NA	0	NA	0	NA	NA	NA	NA	NA	NA	NA	NA
DRB1*03:27	NA	NA	NA	NA	NA	NA	NA	NA	4e-05	NA	NA	NA	NA	NA	NA	NA	NA	NA	NA	NA	NA
DRB1*03:28	NA	NA	NA	NA	NA	NA	NA	NA	0	0	NA	2e-05	NA	NA	NA	NA	NA	NA	NA	NA	NA
DRB1*03:31	NA	NA	NA	NA	NA	NA	NA	NA	NA	NA	0	NA	NA	NA	NA	NA	NA	NA	NA	NA	NA
DRB1*03:33	NA	NA	NA	NA	NA	NA	NA	NA	0	NA	0	NA	NA	NA	NA	NA	NA	NA	NA	NA	NA
DRB1*03:34	NA	NA	NA	NA	NA	NA	NA	NA	NA	0	NA	NA	NA	NA	NA	NA	NA	NA	NA	NA	NA
DRB1*03:36	NA	NA	NA	NA	NA	NA	NA	NA	0	NA	0	NA	NA	NA	NA	NA	NA	NA	NA	NA	NA
DRB1*03:37	NA	NA	NA	NA	NA	NA	NA	NA	NA	0	NA	NA	NA	NA	NA	NA	NA	NA	NA	NA	NA
DRB1*03:39	NA	NA	NA	NA	NA	NA	NA	NA	NA	0	NA	NA	NA	NA	NA	NA	NA	NA	NA	NA	NA
DRB1*03:41	NA	NA	NA	NA	0.029	NA	NA	NA	NA	NA	NA	NA	NA	NA	NA	NA	NA	NA	NA	NA	NA
DRB1*03:43	NA	NA	NA	NA	NA	NA	NA	NA	0	NA	NA	NA	NA	NA	NA	NA	NA	NA	NA	NA	NA
DRB1*03:44	NA	NA	NA	NA	0.00174	NA	NA	NA	0	NA	0	NA	NA	NA	NA	NA	NA	NA	NA	NA	NA
DRB1*03:45	NA	NA	NA	NA	0.011	NA	NA	NA	NA	NA	NA	NA	NA	NA	NA	NA	NA	NA	NA	NA	NA
DRB1*03:48	NA	NA	NA	NA	NA	NA	NA	NA	NA	0	NA	NA	NA	NA	NA	NA	NA	NA	NA	NA	NA
DRB1*03:49	NA	NA	NA	NA	NA	NA	NA	NA	NA	0	NA	NA	NA	NA	NA	NA	NA	NA	NA	NA	NA
DRB1*03:52	NA	NA	NA	NA	NA	NA	NA	NA	0	NA	0	NA	NA	NA	NA	0	NA	NA	NA	NA	NA
DRB1*03:58	NA	NA	NA	NA	0.00031	NA	NA	NA	NA	NA	NA	NA	NA	NA	NA	NA	NA	NA	NA	NA	NA
DRB1*03:60	NA	NA	NA	NA	NA	NA	NA	NA	NA	0	NA	NA	NA	NA	NA	NA	NA	NA	NA	NA	NA
DRB1*03:64	NA	NA	NA	NA	NA	NA	NA	NA	0	NA	NA	1e-05	NA	NA	NA	NA	NA	NA	NA	NA	NA
DRB1*03:67N	NA	NA	NA	NA	0.00082	NA	NA	NA	NA	NA	NA	NA	NA	NA	NA	NA	NA	NA	NA	NA	NA
DRB1*03:73	NA	NA	NA	NA	1e-04	NA	NA	NA	NA	NA	NA	NA	NA	NA	NA	NA	NA	NA	NA	NA	NA
DRB1*03:84	NA	NA	NA	NA	0.00041	NA	NA	NA	NA	NA	NA	NA	NA	NA	NA	NA	NA	NA	NA	NA	NA
DRB1*04:01	0.013	0.02	0.114	0.066	NA	0.014	0.023	0.023	0.00513	0.088	0.0037	0.017	0.015	0.012	0.00776	0.018	0.025	0.066	0.009	0.00777	0.00246
DRB1*04:02	0.001	0.001	0.005	0.005	NA	0.002	0.013	0.01	0.00051	0.011	0.00122	0.00226	0.014	0.00048	9e-05	0.012	0.023	0.004	0.006	0.00594	5e-05
DRB1*04:03	0.004	0.002	0.028	0.014	NA	0.003	0.01	0.01	0.023	0.00789	0.035	0.068	0.017	0.024	0.026	0.018	0.032	0.011	0.053	0.04	0.02
DRB1*04:04	0.007	0.008	0.025	0.042	NA	0.006	0.021	0.019	0.00879	0.039	0.00413	0.00775	0.042	0.00317	0.014	0.058	0.021	0.051	0.02	0.014	0.00307
DRB1*04:05	0.02	0.015	0.009	0.01	NA	0.017	0.035	0.036	0.061	0.00672	0.089	0.047	0.024	0.147	0.089	0.022	0.017	0.01	0.007	0.021	0.048
DRB1*04:06	0.001	NA	NA	0.001	NA	NA	0.002	0.001	0.025	0.00044	0.00582	0.00087	0.00132	0.025	0.042	0.00086	0.00109	NA	0.002	0.00572	0.00734
DRB1*04:07	0.002	0.004	0.02	0.046	NA	0.003	0.022	0.018	0.00081	0.011	9e-04	0.00803	0.075	0.00642	0.00441	0.075	0.00711	0.049	0.001	0.00132	0.00092
DRB1*04:08	NA	0.001	NA	0.002	NA	NA	0.001	NA	0.00031	0.00386	0.00017	0.00017	0.00156	6e-05	0.00041	0.00108	0.00176	0.003	0.002	0.00159	0.00098
DRB1*04:09	NA	NA	NA	NA	NA	NA	NA	NA	NA	0.00011	NA	0.00017	7e-05	1e-05	NA	2e-05	4e-05	NA	NA	4e-05	NA
DRB1*04:10	NA	NA	0.003	0.002	NA	NA	NA	NA	0.00153	6e-05	0.00082	0.0022	0.00351	0.018	0.0085	0.00195	9e-05	0.002	0.002	0.00137	0.00137
DRB1*04:11	NA	NA	NA	0.004	NA	0.002	0.033	0.035	2e-05	0.00013	0.00014	3e-04	0.021	6e-05	1e-05	0.016	0.00021	NA	NA	2e-05	3e-05
DRB1*04:12	NA	NA	NA	NA	NA	NA	NA	NA	NA	NA	NA	NA	NA	NA	NA	NA	NA	NA	NA	NA	NA
DRB1*04:13	NA	NA	NA	NA	NA	NA	NA	NA	1e-05	2e-05	NA	NA	0	NA	1e-05	NA	6e-05	NA	NA	7e-05	NA
DRB1*04:14	NA	NA	NA	NA	NA	NA	NA	NA	NA	1e-05	NA	NA	1e-05	2e-05	NA	0	1e-05	NA	NA	NA	NA
DRB1*04:140	NA	NA	NA	NA	0.05	NA	NA	NA	NA	NA	NA	NA	NA	NA	NA	NA	NA	NA	NA	NA	NA
DRB1*04:15	NA	NA	NA	NA	NA	NA	NA	NA	NA	1e-05	NA	NA	1e-05	NA	NA	0	2e-05	NA	NA	NA	NA
DRB1*04:155	NA	NA	NA	NA	0.058	NA	NA	NA	NA	NA	NA	NA	NA	NA	NA	NA	NA	NA	NA	NA	NA
DRB1*04:16	NA	NA	NA	NA	NA	NA	NA	NA	NA	1e-05	NA	NA	NA	NA	NA	NA	1e-05	NA	NA	NA	NA
DRB1*04:165	NA	NA	NA	NA	0.027	NA	NA	NA	NA	NA	NA	NA	NA	NA	NA	NA	NA	NA	NA	NA	NA
DRB1*04:17	NA	NA	NA	NA	NA	NA	NA	NA	NA	0	NA	NA	0.00028	NA	NA	9e-05	NA	NA	NA	2e-05	NA
DRB1*04:172	NA	NA	NA	NA	0.00963	NA	NA	NA	NA	NA	NA	NA	NA	NA	NA	NA	NA	NA	NA	NA	NA
DRB1*04:18	NA	NA	NA	NA	NA	NA	NA	NA	1e-05	NA	NA	NA	NA	NA	NA	0	1e-05	NA	0.001	5e-04	NA
DRB1*04:19	NA	NA	NA	NA	NA	NA	NA	NA	NA	0	NA	NA	1e-05	NA	NA	1e-05	1e-05	NA	NA	NA	NA
DRB1*04:20	NA	NA	NA	NA	NA	NA	NA	NA	NA	NA	NA	NA	NA	NA	NA	NA	NA	NA	NA	NA	NA
DRB1*04:21	NA	NA	NA	NA	NA	NA	NA	NA	NA	0	NA	NA	NA	NA	NA	NA	NA	NA	NA	NA	NA
DRB1*04:22	NA	NA	NA	NA	NA	NA	NA	NA	0	NA	NA	NA	NA	NA	NA	NA	NA	NA	NA	1e-05	NA
DRB1*04:23	NA	NA	NA	NA	NA	NA	NA	NA	NA	0	NA	NA	0	NA	NA	1e-05	NA	NA	NA	NA	NA
DRB1*04:24	NA	NA	NA	NA	NA	NA	NA	NA	NA	0	NA	NA	NA	NA	NA	0	NA	NA	NA	NA	NA
DRB1*04:25	NA	NA	NA	NA	NA	NA	NA	NA	NA	0	NA	NA	1e-05	NA	NA	3e-05	NA	NA	NA	NA	NA
DRB1*04:26	NA	NA	NA	NA	NA	NA	NA	NA	NA	2e-05	NA	NA	NA	NA	NA	NA	NA	NA	NA	NA	NA
DRB1*04:27	NA	NA	NA	NA	NA	NA	NA	NA	NA	0	NA	NA	NA	NA	NA	1e-05	NA	NA	NA	NA	NA
DRB1*04:28	NA	NA	NA	NA	NA	NA	NA	NA	NA	NA	NA	NA	NA	NA	NA	NA	NA	NA	NA	NA	NA
DRB1*04:31	NA	NA	NA	NA	NA	NA	NA	NA	NA	NA	NA	NA	NA	NA	NA	0	1e-05	NA	NA	NA	NA
DRB1*04:32	NA	NA	NA	NA	NA	NA	NA	NA	0	0	NA	NA	NA	NA	NA	0	NA	NA	NA	1e-05	NA
DRB1*04:33	NA	NA	NA	NA	NA	NA	NA	NA	NA	0	1e-05	NA	NA	NA	NA	0	NA	NA	NA	NA	NA
DRB1*04:34	NA	NA	NA	NA	NA	NA	NA	NA	NA	0	NA	NA	NA	NA	NA	NA	NA	NA	NA	NA	NA
DRB1*04:35	NA	NA	NA	NA	NA	NA	NA	NA	NA	1e-05	NA	NA	NA	NA	NA	0	NA	NA	NA	NA	NA
DRB1*04:36	NA	NA	NA	NA	NA	NA	NA	NA	NA	NA	3e-05	NA	NA	NA	NA	NA	NA	NA	NA	NA	NA
DRB1*04:37	NA	NA	NA	NA	NA	NA	NA	NA	NA	NA	NA	NA	0	NA	NA	NA	NA	NA	NA	NA	NA
DRB1*04:38	NA	NA	NA	NA	NA	NA	NA	NA	NA	1e-05	1e-05	NA	0	NA	NA	NA	0	NA	NA	NA	NA
DRB1*04:39	NA	NA	NA	NA	NA	NA	NA	NA	NA	0	NA	NA	NA	NA	NA	NA	NA	NA	NA	NA	NA
DRB1*04:40	NA	NA	NA	NA	NA	NA	NA	NA	NA	2e-05	NA	NA	NA	NA	NA	NA	1e-05	NA	NA	NA	NA
DRB1*04:41	NA	NA	NA	NA	NA	NA	NA	NA	1e-05	NA	0.00034	0.00026	0	2e-05	NA	0	NA	NA	NA	NA	NA
DRB1*04:42	NA	NA	NA	NA	NA	NA	NA	NA	NA	0	NA	NA	NA	NA	NA	NA	NA	NA	NA	NA	NA
DRB1*04:43	NA	NA	NA	NA	NA	NA	NA	NA	NA	0	NA	NA	NA	NA	NA	NA	NA	NA	NA	NA	NA
DRB1*04:44	NA	NA	NA	NA	NA	NA	NA	NA	NA	0	NA	NA	NA	NA	NA	NA	NA	NA	NA	2e-05	NA
DRB1*04:48	NA	NA	NA	NA	NA	NA	NA	NA	NA	0	NA	NA	NA	NA	NA	NA	NA	NA	NA	NA	NA
DRB1*04:50	NA	NA	NA	NA	NA	NA	NA	NA	NA	1e-05	NA	NA	NA	NA	NA	NA	1e-05	NA	NA	NA	NA
DRB1*04:51	NA	NA	NA	NA	NA	NA	NA	NA	NA	NA	NA	NA	NA	NA	3e-05	NA	NA	NA	NA	NA	1e-05
DRB1*04:54	NA	NA	NA	NA	NA	NA	NA	NA	NA	NA	NA	NA	1e-05	NA	NA	2e-05	NA	NA	NA	NA	NA
DRB1*04:55	NA	NA	NA	NA	NA	NA	NA	NA	1e-05	NA	NA	NA	NA	NA	NA	NA	NA	NA	NA	NA	NA
DRB1*04:59	NA	NA	NA	NA	NA	NA	NA	NA	1e-05	NA	NA	NA	NA	NA	1e-05	NA	NA	NA	NA	NA	NA
DRB1*04:60	NA	NA	NA	NA	NA	NA	NA	NA	NA	NA	NA	NA	0	NA	NA	NA	NA	NA	NA	NA	NA
DRB1*04:67	NA	NA	NA	NA	NA	NA	NA	NA	NA	NA	NA	NA	NA	1e-05	NA	NA	NA	NA	NA	NA	NA
DRB1*04:68	NA	NA	NA	NA	NA	NA	NA	NA	NA	0	NA	NA	NA	NA	NA	0	NA	NA	NA	NA	NA
DRB1*04:71	NA	NA	NA	NA	NA	NA	NA	NA	NA	0	NA	NA	NA	NA	NA	NA	NA	NA	NA	NA	NA
DRB1*04:72	NA	NA	NA	NA	NA	NA	NA	NA	NA	1e-05	NA	NA	0	NA	NA	NA	0	NA	NA	NA	NA
DRB1*04:74	NA	NA	NA	NA	NA	NA	NA	NA	NA	NA	NA	4e-05	NA	NA	NA	NA	NA	NA	NA	NA	NA
DRB1*04:77	NA	NA	NA	NA	NA	NA	NA	NA	NA	0	NA	NA	NA	NA	NA	NA	NA	NA	NA	NA	NA
DRB1*04:79	NA	NA	NA	NA	NA	NA	NA	NA	NA	NA	NA	NA	NA	NA	NA	0	NA	NA	NA	NA	NA
DRB1*04:83	NA	NA	NA	NA	NA	NA	NA	NA	NA	0	NA	NA	NA	NA	NA	NA	NA	NA	NA	NA	NA
DRB1*04:84	NA	NA	NA	NA	NA	NA	NA	NA	1e-05	NA	NA	NA	NA	NA	NA	NA	NA	NA	NA	NA	NA
DRB1*04:86	NA	NA	NA	NA	0.027	NA	NA	NA	NA	NA	NA	NA	NA	NA	NA	NA	NA	NA	NA	NA	NA
DRB1*04:88	NA	NA	NA	NA	NA	NA	NA	NA	NA	NA	NA	NA	NA	NA	NA	NA	NA	NA	NA	2e-05	NA
DRB1*04:89	NA	NA	NA	NA	NA	NA	NA	NA	NA	NA	NA	NA	NA	NA	1e-05	NA	NA	NA	NA	NA	NA
DRB1*04:92	NA	NA	NA	NA	0.00266	NA	NA	NA	NA	NA	NA	NA	NA	NA	NA	NA	NA	NA	NA	NA	NA
DRB1*04:95	NA	NA	NA	NA	NA	NA	NA	NA	NA	NA	NA	0.00013	NA	NA	NA	NA	NA	NA	NA	NA	NA
DRB1*04:96	NA	NA	NA	NA	1e-04	NA	NA	NA	NA	NA	NA	NA	NA	NA	NA	NA	NA	NA	NA	NA	NA
DRB1*07:01	0.098	0.101	0.076	0.108	NA	0.096	0.139	0.142	0.053	0.134	0.047	0.06	0.109	0.00938	0.071	0.096	0.115	0.101	0.17	0.136	0.064
DRB1*07:03	NA	NA	NA	NA	NA	NA	NA	NA	NA	NA	NA	4e-05	NA	NA	NA	NA	NA	NA	0.001	0.00055	NA
DRB1*07:04	NA	NA	NA	NA	NA	NA	NA	NA	NA	0	NA	NA	NA	NA	NA	NA	NA	NA	NA	NA	NA
DRB1*07:05	NA	NA	NA	NA	NA	NA	NA	NA	NA	1e-05	1e-05	NA	NA	NA	NA	NA	NA	NA	NA	NA	NA
DRB1*07:07	NA	NA	NA	NA	NA	NA	NA	NA	NA	1e-05	NA	NA	NA	NA	NA	0	NA	NA	NA	NA	NA
DRB1*07:08	NA	NA	NA	NA	NA	NA	NA	NA	NA	0	NA	NA	NA	NA	NA	NA	NA	NA	NA	NA	NA
DRB1*07:09	NA	NA	NA	NA	NA	NA	NA	NA	NA	0	NA	NA	NA	NA	NA	NA	NA	NA	NA	NA	0
DRB1*07:10N	NA	NA	NA	NA	NA	NA	NA	NA	NA	0	NA	NA	NA	NA	NA	NA	NA	NA	NA	NA	1e-05
DRB1*07:11	NA	NA	NA	NA	NA	NA	NA	NA	NA	0	NA	NA	9e-05	NA	NA	0	NA	NA	NA	NA	NA
DRB1*07:13	NA	NA	NA	NA	NA	NA	NA	NA	1e-05	NA	NA	NA	NA	NA	NA	NA	NA	NA	NA	2e-05	0
DRB1*07:14	NA	NA	NA	NA	NA	NA	NA	NA	NA	0	NA	NA	NA	NA	NA	NA	NA	NA	NA	NA	NA
DRB1*07:15	NA	NA	NA	NA	0.00051	NA	NA	NA	NA	NA	NA	NA	1e-05	NA	NA	0	NA	NA	NA	NA	NA
DRB1*07:16	NA	NA	NA	NA	NA	NA	NA	NA	NA	NA	NA	NA	0	NA	NA	0	NA	NA	NA	NA	NA
DRB1*07:17	NA	NA	NA	NA	NA	NA	NA	NA	NA	NA	NA	NA	0	NA	NA	NA	NA	NA	NA	NA	NA
DRB1*08:01	0.002	0.004	0.012	0.017	NA	0.003	0.015	0.013	0.00021	0.023	0.00114	0.00379	0.012	0.00081	0.00043	0.0088	0.01	0.016	0.003	0.00279	3e-04
DRB1*08:02	0.001	0.001	0.031	0.024	NA	0.001	0.012	0.009	0.00549	0.00082	0.00131	0.00981	0.056	0.043	0.025	0.096	0.00103	0.016	0.005	0.00447	0.00161
DRB1*08:03	NA	NA	0.002	0.003	NA	NA	0.001	0.001	0.068	0.00238	0.031	0.072	0.00183	0.074	0.076	0.00269	0.00241	0.002	0.007	0.018	0.04
DRB1*08:04	0.058	0.054	0.018	0.014	NA	0.057	0.016	0.016	0.00013	0.00196	0.00022	0.00061	0.00937	0.00016	3e-05	0.00682	0.00844	0.031	0.001	0.00118	3e-04
DRB1*08:05	NA	NA	NA	NA	NA	NA	NA	NA	1e-05	2e-05	NA	NA	NA	NA	NA	1e-05	NA	NA	NA	NA	NA
DRB1*08:06	0.005	0.005	NA	NA	NA	0.005	0.001	0.001	1e-05	0.00024	3e-05	0.00013	0.00084	NA	NA	0.00058	0.00023	NA	NA	1e-05	1e-05
DRB1*08:07	NA	NA	NA	NA	NA	NA	0.001	0.001	0	0	NA	NA	0.00108	NA	0	3e-05	NA	NA	NA	NA	NA
DRB1*08:08	NA	NA	NA	NA	NA	NA	NA	NA	NA	NA	NA	NA	NA	NA	NA	NA	1e-05	NA	NA	NA	NA
DRB1*08:09	NA	NA	NA	NA	NA	NA	NA	NA	0.00378	0	0.00105	9e-05	3e-05	0.00059	6e-05	3e-05	0	NA	NA	5e-04	0.00078
DRB1*08:10	NA	NA	NA	NA	NA	NA	NA	NA	NA	0.00015	3e-05	NA	7e-05	NA	NA	0.00012	0.00016	NA	NA	2e-05	NA
DRB1*08:11	NA	0.001	0.006	0.003	NA	NA	NA	NA	0	0.00014	2e-05	4e-05	1e-05	NA	0	0.00017	1e-05	0.007	NA	NA	NA
DRB1*08:12	NA	NA	NA	NA	NA	NA	NA	NA	NA	NA	NA	NA	NA	NA	NA	NA	1e-05	NA	NA	0.00011	NA
DRB1*08:13	NA	NA	NA	NA	NA	NA	NA	NA	NA	0	NA	NA	6e-05	NA	1e-05	5e-05	1e-05	NA	NA	NA	NA
DRB1*08:14	NA	NA	NA	NA	NA	NA	NA	NA	4e-05	NA	NA	NA	NA	NA	NA	NA	NA	NA	NA	NA	8e-05
DRB1*08:15	NA	NA	NA	NA	NA	NA	NA	NA	NA	NA	NA	NA	NA	NA	NA	NA	NA	NA	NA	NA	NA
DRB1*08:16	NA	NA	NA	NA	NA	NA	NA	NA	NA	0	NA	NA	NA	NA	NA	NA	NA	NA	NA	NA	NA
DRB1*08:17	NA	NA	NA	NA	NA	NA	NA	NA	NA	1e-05	NA	NA	NA	NA	NA	0	NA	NA	NA	NA	NA
DRB1*08:18	NA	NA	NA	NA	NA	NA	NA	NA	NA	0	6e-04	3e-04	2e-05	NA	NA	NA	2e-05	NA	NA	2e-05	NA
DRB1*08:19	NA	NA	NA	NA	NA	NA	NA	NA	1e-05	NA	2e-05	NA	NA	NA	NA	NA	NA	NA	NA	0.00013	8e-05
DRB1*08:20	NA	NA	NA	NA	NA	NA	NA	NA	NA	0	NA	NA	NA	NA	NA	0	NA	NA	NA	NA	NA
DRB1*08:21	NA	NA	NA	NA	NA	NA	NA	NA	NA	NA	NA	NA	NA	NA	NA	NA	0	NA	NA	NA	NA
DRB1*08:22	NA	NA	NA	NA	NA	NA	NA	NA	NA	0	NA	NA	NA	NA	NA	NA	NA	NA	NA	NA	NA
DRB1*08:23	NA	NA	NA	NA	NA	NA	NA	NA	NA	NA	1e-05	NA	NA	2e-05	NA	NA	NA	NA	NA	NA	NA
DRB1*08:24	NA	NA	NA	NA	NA	NA	NA	NA	NA	0	NA	NA	NA	NA	NA	0	1e-05	NA	NA	NA	NA
DRB1*08:26	NA	NA	NA	NA	NA	NA	NA	NA	NA	0	NA	NA	NA	NA	NA	NA	NA	NA	NA	NA	NA
DRB1*08:27	NA	NA	NA	NA	NA	NA	NA	NA	1e-05	NA	NA	NA	NA	NA	NA	NA	NA	NA	NA	NA	NA
DRB1*08:28	NA	NA	NA	NA	NA	NA	NA	NA	NA	0	NA	NA	NA	NA	NA	NA	NA	NA	NA	NA	NA
DRB1*08:30	NA	NA	NA	NA	NA	NA	NA	NA	1e-05	NA	NA	NA	NA	NA	NA	NA	NA	NA	NA	NA	NA
DRB1*08:32	NA	NA	NA	NA	NA	NA	NA	NA	1e-05	NA	NA	4e-05	NA	NA	NA	NA	NA	NA	NA	NA	NA
DRB1*08:34	NA	NA	NA	NA	NA	NA	NA	NA	1e-05	NA	NA	NA	NA	NA	NA	NA	1e-05	NA	NA	NA	NA
DRB1*08:35	NA	NA	NA	NA	NA	NA	NA	NA	NA	NA	1e-05	NA	NA	NA	NA	NA	NA	NA	NA	NA	NA
DRB1*08:39	NA	NA	NA	NA	NA	NA	NA	NA	NA	NA	NA	NA	NA	NA	NA	NA	NA	NA	NA	1e-05	NA
DRB1*08:41	NA	NA	NA	NA	NA	NA	NA	NA	1e-05	NA	NA	NA	NA	NA	NA	NA	NA	NA	NA	NA	NA
DRB1*08:50	NA	NA	NA	NA	9e-05	NA	NA	NA	NA	NA	NA	NA	NA	NA	NA	NA	NA	NA	NA	NA	NA
DRB1*09:01	0.028	0.03	0.036	0.018	NA	0.031	0.013	0.014	0.155	0.01	0.065	0.118	0.018	0.139	0.097	0.00817	0.00524	0.027	0.009	0.034	0.128
DRB1*09:02	NA	NA	NA	NA	NA	NA	NA	NA	3e-05	0	1e-05	NA	NA	NA	1e-05	NA	1e-05	NA	NA	NA	3e-05
DRB1*09:04	NA	NA	NA	NA	NA	NA	NA	NA	3e-05	NA	NA	NA	NA	NA	3e-05	NA	NA	NA	NA	2e-05	NA
DRB1*09:06	NA	NA	NA	NA	NA	NA	NA	NA	NA	0	NA	NA	7e-05	NA	NA	1e-05	NA	NA	NA	NA	NA
DRB1*09:09	NA	NA	NA	NA	NA	NA	NA	NA	1e-05	NA	NA	NA	NA	NA	NA	NA	NA	NA	NA	NA	NA
DRB1*10:01	0.023	0.019	0.005	0.011	NA	0.019	0.023	0.026	0.013	0.00847	0.00677	0.013	0.018	0.00399	0.017	0.013	0.021	0.007	0.063	0.048	0.073
DRB1*10:02	NA	NA	NA	NA	NA	NA	NA	NA	NA	0	NA	NA	NA	NA	NA	NA	NA	NA	NA	NA	NA
DRB1*10:03	NA	NA	NA	NA	NA	NA	NA	NA	NA	0	NA	NA	NA	NA	NA	NA	NA	NA	NA	NA	NA
DRB1*11:01	0.083	0.085	0.038	0.044	NA	0.079	0.051	0.047	0.063	0.056	0.062	0.083	0.044	0.026	0.047	0.036	0.087	0.044	0.06	0.057	0.018
DRB1*11:02	0.037	0.039	0.002	0.007	NA	0.037	0.023	0.023	6e-05	0.00279	0.00026	0.00144	0.011	1e-04	3e-05	0.00988	0.00286	0.004	NA	0.00022	8e-05
DRB1*11:03	NA	0.001	0.003	0.004	NA	0.001	0.003	0.003	1e-04	0.00608	0.00027	0.00235	0.00341	0.00012	0.00018	0.00408	0.0086	0.003	NA	5e-04	6e-05
DRB1*11:04	0.009	0.006	0.014	0.02	NA	0.009	0.026	0.021	0.00247	0.029	0.00277	0.013	0.028	0.00115	7e-04	0.032	0.12	0.016	0.02	0.024	0.00118
DRB1*11:05	NA	NA	NA	NA	NA	NA	NA	NA	1e-05	NA	0.00099	2e-05	NA	1e-05	NA	NA	1e-05	NA	NA	0.00013	NA
DRB1*11:06	NA	NA	NA	0.001	NA	NA	NA	0.002	0.00165	2e-05	0.00081	0.00078	1e-05	2e-05	0.00088	1e-05	6e-05	NA	0.002	0.0034	0.00796
DRB1*11:07	NA	NA	NA	NA	NA	NA	NA	NA	NA	1e-05	NA	NA	2e-05	NA	NA	1e-05	1e-05	NA	NA	NA	NA
DRB1*11:08	NA	NA	NA	NA	0.00215	NA	NA	NA	NA	2e-05	NA	0.00017	NA	NA	7e-05	1e-05	2e-05	NA	0.001	0.00064	5e-05
DRB1*11:09	NA	NA	NA	NA	NA	NA	NA	NA	NA	3e-05	NA	NA	3e-05	NA	NA	0	1e-05	NA	NA	NA	NA
DRB1*11:10	0.001	0.001	NA	NA	NA	0.001	NA	NA	0	0	NA	NA	1e-05	NA	NA	5e-05	NA	NA	NA	1e-05	NA
DRB1*11:102	NA	NA	NA	NA	NA	NA	NA	NA	NA	0	NA	NA	NA	NA	NA	NA	1e-05	NA	NA	NA	NA
DRB1*11:103	NA	NA	NA	NA	NA	NA	NA	NA	NA	NA	NA	NA	NA	NA	NA	NA	1e-05	NA	NA	NA	NA
DRB1*11:104	NA	NA	NA	NA	NA	NA	NA	NA	NA	NA	1e-05	NA	NA	1e-05	NA	NA	NA	NA	NA	NA	NA
DRB1*11:108	NA	NA	NA	NA	NA	NA	NA	NA	NA	NA	NA	NA	NA	NA	NA	0	NA	NA	NA	NA	NA
DRB1*11:11	NA	NA	NA	NA	NA	NA	NA	NA	3e-05	9e-05	2e-05	0.00013	3e-05	NA	6e-05	1e-05	0.00014	NA	0.001	0.00088	NA
DRB1*11:12	NA	NA	NA	NA	NA	NA	NA	NA	0	6e-05	NA	NA	7e-05	NA	NA	0	0.00018	NA	NA	1e-05	NA
DRB1*11:13	NA	NA	NA	NA	NA	NA	NA	NA	NA	6e-05	NA	4e-05	6e-05	1e-05	NA	2e-05	3e-05	NA	NA	NA	NA
DRB1*11:137	NA	NA	NA	NA	0.037	NA	NA	NA	NA	NA	NA	NA	NA	NA	NA	NA	NA	NA	NA	NA	NA
DRB1*11:14	NA	NA	NA	NA	NA	NA	NA	NA	NA	9e-05	NA	NA	0.00012	NA	NA	5e-05	1e-04	NA	NA	NA	NA
DRB1*11:15	NA	NA	NA	NA	NA	NA	NA	NA	NA	5e-05	NA	NA	1e-04	NA	NA	3e-05	0.00051	NA	NA	0.00043	NA
DRB1*11:16	NA	NA	NA	NA	NA	NA	NA	NA	NA	1e-05	NA	NA	0	NA	NA	NA	6e-05	NA	NA	2e-05	NA
DRB1*11:17	NA	NA	NA	NA	NA	NA	NA	NA	NA	0	NA	NA	1e-05	NA	0	0	NA	NA	NA	NA	NA
DRB1*11:18	NA	NA	NA	NA	NA	NA	NA	NA	NA	1e-05	NA	NA	1e-05	NA	NA	0	2e-05	NA	NA	4e-05	NA
DRB1*11:19	NA	NA	NA	NA	NA	NA	NA	NA	1e-05	1e-05	NA	NA	5e-05	2e-05	1e-05	1e-05	NA	NA	NA	2e-05	NA
DRB1*11:20	NA	NA	NA	NA	NA	NA	NA	NA	NA	0	NA	NA	NA	NA	NA	0	NA	NA	NA	NA	NA
DRB1*11:21	NA	NA	NA	NA	NA	NA	NA	NA	NA	NA	NA	NA	NA	NA	NA	NA	NA	NA	NA	NA	NA
DRB1*11:22	NA	NA	NA	NA	NA	NA	NA	NA	NA	NA	1e-05	NA	NA	NA	NA	NA	NA	NA	NA	NA	NA
DRB1*11:23	NA	NA	NA	NA	NA	NA	NA	NA	NA	0	NA	NA	NA	4e-05	NA	0	NA	NA	NA	NA	NA
DRB1*11:24	NA	NA	NA	NA	NA	NA	NA	NA	NA	1e-05	NA	NA	1e-05	NA	1e-05	1e-05	3e-05	NA	NA	NA	NA
DRB1*11:25	NA	NA	NA	NA	NA	NA	NA	NA	NA	0	NA	NA	NA	NA	NA	0	1e-05	NA	NA	NA	NA
DRB1*11:26	NA	NA	NA	NA	1e-04	NA	NA	NA	NA	NA	0	NA	NA	NA	NA	0	NA	NA	NA	NA	NA
DRB1*11:27	NA	NA	NA	NA	NA	NA	NA	NA	NA	1e-05	NA	4e-05	2e-05	NA	NA	0	1e-05	NA	NA	NA	NA
DRB1*11:28	NA	NA	NA	NA	NA	NA	NA	NA	2e-05	1e-05	NA	NA	NA	NA	NA	0	5e-05	NA	NA	NA	NA
DRB1*11:29	NA	NA	NA	NA	NA	NA	NA	NA	NA	1e-05	NA	NA	NA	NA	NA	0	1e-05	NA	NA	NA	NA
DRB1*11:30	NA	NA	NA	NA	NA	NA	NA	NA	NA	NA	NA	NA	NA	0	NA	NA	NA	NA	NA	NA	NA
DRB1*11:31	NA	NA	NA	NA	NA	NA	NA	NA	1e-05	NA	NA	NA	NA	NA	NA	NA	NA	NA	NA	NA	NA
DRB1*11:32	NA	NA	NA	NA	NA	NA	NA	NA	NA	1e-05	NA	NA	NA	NA	NA	NA	NA	NA	NA	NA	NA
DRB1*11:33	NA	NA	NA	NA	NA	NA	NA	NA	NA	1e-05	NA	NA	NA	NA	NA	NA	1e-05	NA	NA	NA	NA
DRB1*11:34	NA	NA	NA	NA	NA	NA	NA	NA	NA	1e-05	1e-05	NA	NA	NA	NA	0	7e-05	NA	NA	NA	NA
DRB1*11:35	NA	NA	NA	NA	NA	NA	NA	NA	NA	0	NA	NA	0	NA	NA	0	1e-05	NA	NA	NA	NA
DRB1*11:36	NA	NA	NA	NA	NA	NA	NA	NA	NA	1e-05	NA	NA	0	NA	NA	1e-05	1e-05	NA	NA	NA	NA
DRB1*11:37	NA	NA	NA	NA	NA	NA	NA	NA	1e-05	0	NA	NA	NA	NA	NA	0	1e-05	NA	NA	NA	NA
DRB1*11:39	NA	NA	NA	NA	NA	NA	NA	NA	NA	1e-05	NA	NA	0	NA	1e-05	0	2e-05	NA	NA	NA	NA
DRB1*11:40	NA	NA	NA	NA	NA	NA	NA	NA	NA	0	NA	NA	NA	NA	NA	0	1e-05	NA	NA	NA	NA
DRB1*11:41	NA	NA	NA	NA	NA	NA	NA	NA	NA	0	NA	NA	NA	NA	NA	0	NA	NA	NA	NA	NA
DRB1*11:42	NA	NA	NA	NA	NA	NA	NA	NA	NA	0	NA	NA	NA	NA	NA	NA	NA	NA	NA	4e-05	NA
DRB1*11:43	NA	NA	NA	NA	NA	NA	NA	NA	NA	2e-05	NA	NA	NA	NA	NA	0	3e-05	NA	NA	NA	NA
DRB1*11:45	NA	NA	NA	NA	NA	NA	NA	NA	1e-05	0	NA	NA	4e-05	NA	NA	1e-05	NA	NA	NA	NA	NA
DRB1*11:46	NA	NA	NA	NA	NA	NA	NA	NA	NA	0	NA	NA	NA	NA	NA	NA	NA	NA	NA	NA	NA
DRB1*11:47	NA	NA	NA	NA	NA	NA	NA	NA	NA	NA	NA	NA	8e-05	NA	NA	0	NA	NA	NA	NA	NA
DRB1*11:49	NA	NA	NA	NA	NA	NA	NA	NA	NA	0	NA	NA	NA	NA	NA	NA	NA	NA	NA	NA	NA
DRB1*11:52	NA	NA	NA	NA	NA	NA	NA	NA	NA	NA	NA	4e-05	NA	NA	0	NA	NA	NA	NA	NA	NA
DRB1*11:53	NA	NA	NA	NA	NA	NA	NA	NA	NA	NA	NA	NA	NA	NA	NA	NA	1e-05	NA	NA	NA	NA
DRB1*11:54	NA	NA	NA	NA	NA	NA	NA	NA	4e-05	NA	NA	NA	NA	NA	NA	NA	NA	NA	NA	NA	NA
DRB1*11:56	NA	NA	NA	NA	NA	NA	NA	NA	NA	0	NA	NA	NA	NA	NA	0	NA	NA	NA	NA	NA
DRB1*11:57	NA	NA	NA	NA	NA	NA	NA	NA	1e-05	NA	NA	NA	NA	NA	NA	NA	NA	NA	NA	2e-05	NA
DRB1*11:58	NA	NA	NA	NA	NA	NA	NA	NA	NA	0	NA	NA	NA	NA	NA	NA	1e-05	NA	NA	NA	NA
DRB1*11:60	NA	NA	NA	NA	NA	NA	NA	NA	NA	0	NA	NA	NA	NA	NA	0	NA	NA	NA	NA	NA
DRB1*11:65	NA	NA	NA	NA	NA	NA	NA	NA	NA	NA	NA	NA	NA	NA	5e-05	NA	NA	NA	NA	NA	NA
DRB1*11:66	NA	NA	NA	NA	NA	NA	NA	NA	NA	NA	NA	NA	NA	NA	NA	NA	NA	NA	NA	NA	1e-05
DRB1*11:69	NA	NA	NA	NA	NA	NA	NA	NA	NA	0	NA	NA	NA	NA	NA	NA	NA	NA	NA	NA	NA
DRB1*11:73	NA	NA	NA	NA	NA	NA	NA	NA	NA	NA	NA	NA	0	NA	NA	NA	NA	NA	NA	NA	NA
DRB1*11:75	NA	NA	NA	NA	NA	NA	NA	NA	1e-05	NA	NA	NA	NA	NA	NA	NA	NA	NA	NA	NA	NA
DRB1*11:76	NA	NA	NA	NA	NA	NA	NA	NA	NA	0	NA	NA	NA	NA	NA	NA	NA	NA	NA	NA	NA
DRB1*11:83	NA	NA	NA	NA	NA	NA	NA	NA	NA	NA	NA	4e-05	NA	NA	NA	0	NA	NA	NA	NA	NA
DRB1*11:84	NA	NA	NA	NA	NA	NA	NA	NA	NA	NA	NA	NA	0	NA	NA	0	NA	NA	NA	NA	NA
DRB1*11:85	NA	NA	NA	NA	NA	NA	NA	NA	NA	0	NA	NA	NA	NA	NA	NA	NA	NA	NA	NA	NA
DRB1*11:87	NA	NA	NA	NA	NA	NA	NA	NA	NA	NA	NA	NA	NA	NA	NA	0	NA	NA	NA	NA	NA
DRB1*11:89	NA	NA	NA	NA	NA	NA	NA	NA	NA	0	NA	NA	NA	NA	NA	NA	NA	NA	NA	NA	NA
DRB1*11:95	NA	NA	NA	NA	NA	NA	NA	NA	NA	NA	NA	2e-05	NA	1e-05	NA	NA	NA	NA	NA	NA	NA
DRB1*11:98	NA	NA	NA	NA	NA	NA	NA	NA	NA	NA	NA	NA	NA	1e-05	NA	NA	NA	NA	NA	NA	NA
DRB1*12:01	0.032	0.038	0.017	0.015	NA	0.034	0.019	0.022	0.034	0.016	0.01	0.047	0.011	0.038	0.048	0.00909	0.014	0.013	0.006	0.00944	0.00544
DRB1*12:02	0.002	0.003	0.001	0.002	NA	0.003	0.001	0.003	0.115	0.00017	0.131	0.081	0.00084	0.017	0.035	0.00154	0.00056	NA	0.03	0.066	0.284
DRB1*12:03	NA	NA	NA	NA	NA	NA	NA	NA	4e-05	4e-05	3e-05	NA	1e-05	NA	2e-05	2e-05	4e-05	NA	NA	NA	1e-05
DRB1*12:04	NA	NA	NA	NA	NA	NA	NA	NA	NA	NA	1e-05	NA	1e-05	NA	NA	NA	NA	NA	NA	NA	NA
DRB1*12:05	NA	NA	NA	NA	NA	NA	NA	NA	2e-05	NA	NA	NA	0	0.00024	0.00011	NA	NA	NA	NA	NA	NA
DRB1*12:08	NA	NA	NA	NA	NA	NA	NA	NA	8e-05	NA	2e-05	NA	NA	NA	1e-05	NA	NA	NA	NA	NA	NA
DRB1*12:09	NA	NA	NA	NA	0.096	NA	NA	NA	NA	NA	NA	NA	NA	NA	NA	NA	NA	NA	NA	NA	NA
DRB1*12:11	NA	NA	NA	NA	NA	NA	NA	NA	NA	0	NA	NA	NA	NA	NA	NA	NA	NA	NA	NA	NA
DRB1*12:14	NA	NA	NA	NA	NA	NA	NA	NA	NA	NA	NA	NA	0	NA	NA	NA	NA	NA	NA	NA	NA
DRB1*12:15	NA	NA	NA	NA	NA	NA	NA	NA	NA	NA	NA	NA	0	NA	NA	NA	NA	NA	NA	NA	NA
DRB1*12:19	NA	NA	NA	NA	NA	NA	NA	NA	1e-05	NA	NA	NA	NA	NA	NA	NA	NA	NA	NA	NA	6e-05
DRB1*12:20	NA	NA	NA	NA	NA	NA	NA	NA	1e-05	NA	NA	NA	NA	NA	NA	NA	NA	NA	NA	NA	NA
DRB1*12:24N	NA	NA	NA	NA	NA	NA	NA	NA	NA	0	NA	NA	NA	NA	NA	NA	NA	NA	NA	NA	NA
DRB1*13:01	0.053	0.054	0.031	0.044	NA	0.053	0.07	0.068	0.00776	0.056	0.00678	0.018	0.048	0.00759	0.017	0.037	0.043	0.043	0.067	0.047	0.00837
DRB1*13:02	0.084	0.073	0.024	0.04	NA	0.07	0.055	0.057	0.024	0.049	0.01	0.016	0.042	0.058	0.086	0.035	0.052	0.038	0.034	0.028	0.019
DRB1*13:03	0.038	0.033	0.007	0.01	NA	0.036	0.021	0.023	0.00019	0.011	0.00071	0.00287	0.013	0.00045	1e-04	0.011	0.02	0.009	0.001	0.00186	0.00022
DRB1*13:04	0.011	0.014	NA	0.001	NA	0.007	0.009	0.01	2e-05	1e-04	9e-05	9e-05	0.00401	NA	NA	0.00332	8e-05	0.001	NA	2e-05	NA
DRB1*13:05	NA	NA	0.001	0.002	NA	NA	0.002	0.001	1e-05	0.00253	0.00029	0.00113	0.00358	4e-05	NA	0.00412	0.00446	0.001	NA	3e-04	2e-05
DRB1*13:06	NA	NA	NA	NA	NA	NA	NA	NA	NA	6e-05	1e-05	NA	1e-05	NA	NA	1e-05	1e-05	NA	NA	NA	NA
DRB1*13:07	NA	NA	NA	NA	NA	NA	NA	NA	0.00038	NA	NA	NA	NA	0.00047	0.00059	NA	4e-05	NA	NA	NA	0.00029
DRB1*13:08	NA	NA	NA	NA	NA	NA	NA	NA	NA	0	NA	NA	0	NA	NA	NA	1e-05	NA	NA	9e-05	NA
DRB1*13:09	NA	NA	NA	NA	NA	NA	NA	NA	NA	0	NA	NA	2e-05	NA	NA	4e-05	NA	NA	NA	NA	NA
DRB1*13:10	NA	NA	NA	NA	NA	NA	NA	NA	NA	4e-05	NA	NA	0	NA	NA	NA	7e-05	NA	NA	NA	NA
DRB1*13:11	NA	NA	NA	NA	NA	NA	NA	NA	NA	1e-05	NA	NA	7e-05	NA	NA	6e-05	4e-05	NA	NA	NA	NA
DRB1*13:111	NA	NA	NA	NA	NA	NA	NA	NA	NA	NA	NA	NA	NA	NA	NA	NA	NA	NA	NA	1e-05	NA
DRB1*13:12	NA	NA	NA	NA	NA	NA	NA	NA	0.00808	0	0.00035	0.00013	6e-05	2e-04	5e-05	1e-05	NA	NA	NA	0.00236	0.015
DRB1*13:13	NA	NA	NA	NA	NA	NA	NA	NA	5e-05	0	NA	4e-05	NA	NA	1e-05	NA	NA	NA	NA	2e-05	7e-05
DRB1*13:14	NA	NA	NA	NA	NA	NA	NA	NA	1e-05	2e-05	NA	NA	1e-05	NA	1e-05	NA	1e-05	NA	NA	NA	NA
DRB1*13:15	NA	NA	NA	NA	NA	NA	NA	NA	NA	3e-05	NA	NA	NA	NA	0	NA	4e-05	NA	NA	2e-05	NA
DRB1*13:16	NA	NA	NA	NA	NA	NA	NA	NA	NA	0	NA	NA	4e-05	NA	NA	2e-05	NA	NA	NA	NA	NA
DRB1*13:17	NA	NA	NA	NA	NA	NA	NA	NA	NA	NA	NA	NA	1e-05	NA	NA	NA	NA	NA	NA	NA	NA
DRB1*13:18	NA	NA	NA	NA	NA	NA	NA	NA	0	2e-05	NA	NA	NA	NA	NA	NA	2e-05	NA	NA	NA	NA
DRB1*13:19	NA	NA	NA	NA	NA	NA	NA	NA	NA	1e-05	NA	NA	2e-05	NA	NA	2e-05	1e-05	NA	NA	2e-05	NA
DRB1*13:20	NA	NA	NA	NA	NA	NA	NA	NA	NA	2e-05	NA	NA	NA	0	NA	NA	1e-05	NA	NA	NA	NA
DRB1*13:21	NA	NA	NA	NA	NA	NA	NA	NA	1e-05	2e-05	NA	4e-05	1e-05	NA	NA	NA	0.00025	NA	NA	4e-05	1e-05
DRB1*13:22	NA	NA	NA	NA	NA	NA	NA	NA	NA	1e-05	NA	NA	1e-05	NA	NA	0	NA	NA	NA	NA	NA
DRB1*13:23	NA	NA	NA	NA	NA	NA	NA	NA	NA	0	NA	NA	NA	NA	NA	NA	NA	NA	NA	NA	NA
DRB1*13:24	NA	NA	NA	NA	NA	NA	NA	NA	NA	1e-05	NA	NA	NA	NA	NA	0	1e-05	NA	NA	1e-05	NA
DRB1*13:25	NA	NA	NA	NA	NA	NA	NA	NA	0	0	NA	NA	NA	NA	NA	0	NA	NA	NA	NA	NA
DRB1*13:26	NA	NA	NA	NA	NA	NA	NA	NA	NA	0	NA	NA	NA	NA	NA	NA	NA	NA	NA	NA	NA
DRB1*13:27	NA	NA	NA	NA	0.00368	NA	NA	NA	NA	0	NA	NA	NA	NA	NA	NA	NA	NA	NA	NA	NA
DRB1*13:28	NA	NA	NA	NA	NA	NA	NA	NA	NA	0	NA	NA	NA	NA	NA	0	1e-05	NA	NA	NA	NA
DRB1*13:29	NA	NA	NA	NA	NA	NA	NA	NA	NA	0	NA	NA	NA	1e-05	1e-05	NA	NA	NA	NA	NA	NA
DRB1*13:30	NA	NA	NA	NA	NA	NA	NA	NA	1e-05	NA	1e-05	9e-05	NA	NA	NA	NA	NA	NA	NA	NA	NA
DRB1*13:31	NA	NA	NA	NA	NA	NA	NA	NA	NA	0	NA	NA	1e-05	NA	NA	0	NA	NA	NA	NA	NA
DRB1*13:32	NA	NA	NA	NA	NA	NA	NA	NA	0	NA	NA	NA	NA	NA	NA	NA	NA	NA	NA	NA	NA
DRB1*13:33	NA	NA	NA	NA	0.018	NA	NA	NA	NA	0	NA	NA	NA	NA	NA	NA	1e-05	NA	NA	NA	NA
DRB1*13:36	NA	NA	NA	NA	NA	NA	NA	NA	NA	3e-05	NA	4e-05	NA	NA	NA	1e-05	NA	NA	NA	NA	NA
DRB1*13:37	NA	NA	NA	NA	NA	NA	NA	NA	NA	0	NA	NA	0	NA	NA	NA	NA	NA	NA	NA	NA
DRB1*13:38	NA	NA	NA	NA	NA	NA	NA	NA	NA	0	NA	NA	NA	NA	NA	NA	NA	NA	NA	NA	NA
DRB1*13:39	NA	NA	NA	NA	NA	NA	NA	NA	NA	0	NA	NA	NA	NA	8e-05	NA	NA	NA	NA	NA	NA
DRB1*13:40	NA	NA	NA	NA	NA	NA	NA	NA	NA	1e-05	NA	4e-05	8e-05	NA	NA	2e-05	NA	NA	NA	NA	NA
DRB1*13:41	NA	NA	NA	NA	NA	NA	NA	NA	NA	0	NA	NA	NA	NA	NA	NA	NA	NA	NA	NA	NA
DRB1*13:42	NA	NA	NA	NA	NA	NA	NA	NA	NA	1e-05	NA	NA	0	NA	NA	NA	1e-05	NA	NA	NA	NA
DRB1*13:44	NA	NA	NA	NA	NA	NA	NA	NA	NA	0	NA	NA	NA	NA	NA	NA	1e-05	NA	NA	NA	NA
DRB1*13:47	NA	NA	NA	NA	NA	NA	NA	NA	NA	NA	NA	NA	NA	2e-05	NA	NA	NA	NA	NA	NA	NA
DRB1*13:48	NA	NA	NA	NA	NA	NA	NA	NA	NA	0	NA	NA	NA	NA	NA	NA	NA	NA	NA	NA	NA
DRB1*13:49	NA	NA	NA	NA	NA	NA	NA	NA	1e-05	0	NA	NA	0	NA	NA	0	1e-05	NA	NA	0.00027	NA
DRB1*13:50	NA	NA	NA	NA	NA	NA	NA	NA	0.00012	0	2e-05	NA	NA	NA	NA	NA	NA	NA	NA	NA	NA
DRB1*13:51	NA	NA	NA	NA	NA	NA	NA	NA	NA	0	NA	NA	NA	NA	NA	NA	NA	NA	NA	NA	NA
DRB1*13:52	NA	NA	NA	NA	NA	NA	NA	NA	NA	0	NA	NA	NA	NA	NA	NA	NA	NA	NA	NA	NA
DRB1*13:53	NA	NA	NA	NA	NA	NA	NA	NA	NA	0	NA	NA	NA	NA	NA	0	NA	NA	NA	NA	NA
DRB1*13:54	NA	NA	NA	NA	NA	NA	NA	NA	NA	NA	NA	NA	NA	NA	NA	NA	1e-05	NA	NA	NA	NA
DRB1*13:56	NA	NA	NA	NA	NA	NA	NA	NA	NA	0	NA	NA	3e-05	NA	NA	0	NA	NA	NA	NA	NA
DRB1*13:59	NA	NA	NA	NA	NA	NA	NA	NA	NA	0	NA	NA	4e-05	NA	NA	2e-05	NA	NA	NA	NA	NA
DRB1*13:60	NA	NA	NA	NA	NA	NA	NA	NA	NA	NA	NA	NA	0	0	NA	NA	NA	NA	NA	NA	NA
DRB1*13:65	NA	NA	NA	NA	NA	NA	NA	NA	NA	0	NA	NA	NA	NA	NA	NA	1e-05	NA	NA	NA	NA
DRB1*13:66	NA	NA	NA	NA	NA	NA	NA	NA	NA	0	NA	NA	NA	NA	NA	NA	NA	NA	NA	NA	NA
DRB1*13:69	NA	NA	NA	NA	NA	NA	NA	NA	NA	0	NA	NA	NA	NA	NA	NA	NA	NA	NA	NA	NA
DRB1*13:71	NA	NA	NA	NA	NA	NA	NA	NA	NA	NA	NA	NA	NA	0	NA	NA	NA	NA	NA	NA	NA
DRB1*13:77	NA	NA	NA	NA	NA	NA	NA	NA	NA	0	NA	NA	0	NA	NA	NA	NA	NA	NA	NA	NA
DRB1*13:78	NA	NA	NA	NA	NA	NA	NA	NA	NA	NA	NA	NA	NA	1e-05	NA	NA	NA	NA	NA	NA	NA
DRB1*13:79	NA	NA	NA	NA	NA	NA	NA	NA	NA	0	NA	NA	NA	NA	NA	NA	NA	NA	NA	NA	NA
DRB1*13:81	NA	NA	NA	NA	NA	NA	NA	NA	NA	NA	NA	NA	0	NA	NA	0	NA	NA	NA	NA	NA
DRB1*13:82	NA	NA	NA	NA	NA	NA	NA	NA	NA	NA	NA	NA	NA	NA	NA	NA	NA	NA	NA	4e-05	NA
DRB1*13:84	NA	NA	NA	NA	NA	NA	NA	NA	NA	0	NA	NA	NA	NA	NA	NA	NA	NA	NA	NA	NA
DRB1*13:86	NA	NA	NA	NA	NA	NA	NA	NA	NA	NA	NA	NA	NA	NA	NA	NA	1e-05	NA	NA	NA	NA
DRB1*13:88	NA	NA	NA	NA	NA	NA	NA	NA	NA	0	NA	NA	NA	NA	NA	NA	NA	NA	NA	2e-05	NA
DRB1*13:90	NA	NA	NA	NA	NA	NA	NA	NA	NA	NA	NA	NA	0	NA	NA	NA	NA	NA	NA	NA	NA
DRB1*13:93	NA	NA	NA	NA	NA	NA	NA	NA	NA	0	NA	NA	NA	NA	NA	NA	1e-05	NA	NA	NA	NA
DRB1*13:94	NA	NA	NA	NA	NA	NA	NA	NA	NA	0	NA	NA	NA	NA	NA	NA	NA	NA	NA	NA	NA
DRB1*13:95	NA	NA	NA	NA	NA	NA	NA	NA	NA	NA	NA	NA	0	NA	NA	NA	NA	NA	NA	NA	NA
DRB1*13:97	NA	NA	NA	NA	NA	NA	NA	NA	NA	0	NA	NA	NA	NA	NA	NA	NA	NA	NA	NA	NA
DRB1*14:01	0.018	0.019	0.032	0.023	NA	0.02	0.016	0.013	0.033	0.026	0.016	0.029	0.019	0.03	0.027	0.018	0.041	0.028	0.011	0.023	0.03
DRB1*14:02	0.001	0.001	0.17	0.04	NA	0.001	0.006	0.005	0.00021	0.00033	0.00046	0.00061	0.026	0.00024	0.00037	0.024	0.00029	0.063	NA	0.00066	0.00029
DRB1*14:03	NA	NA	0.001	NA	NA	NA	NA	NA	0.00255	2e-05	0.00017	0.00065	1e-05	0.017	0.013	0	0.00011	NA	NA	0.00023	0.00046
DRB1*14:04	NA	0.001	0.001	0.004	NA	0.002	0.002	0.008	0.00508	0.00075	0.013	0.00515	0.00076	0.00018	0.00058	0.00032	0.00406	0.001	0.071	0.053	0.013
DRB1*14:05	NA	NA	NA	NA	NA	NA	NA	NA	0.023	3e-05	0.00646	0.00595	5e-05	0.024	0.032	3e-05	4e-05	NA	0.001	0.00375	0.00902
DRB1*14:06	NA	NA	0.001	0.007	NA	NA	0.003	0.002	0.00016	0.00021	0.00054	0.00414	0.017	0.014	0.00677	0.043	0.00067	0.003	NA	0.00061	2e-05
DRB1*14:07	NA	NA	NA	0.001	NA	NA	NA	NA	0.00103	0.00021	3e-04	0.00037	0.00023	0.00093	0.0025	0.00222	0.00048	NA	0.002	0.00116	0.00059
DRB1*14:08	NA	NA	NA	NA	NA	NA	NA	NA	2e-05	0	8e-05	0.025	NA	4e-05	NA	1e-05	NA	NA	NA	1e-05	1e-05
DRB1*14:09	NA	NA	NA	NA	NA	NA	NA	NA	NA	0	NA	NA	NA	NA	0	NA	NA	NA	NA	5e-05	NA
DRB1*14:10	NA	NA	NA	NA	NA	NA	NA	NA	3e-05	0	0	NA	NA	NA	0.00045	NA	1e-05	NA	0.001	0.00072	0.00029
DRB1*14:100	NA	NA	NA	NA	NA	NA	NA	NA	NA	NA	1e-05	9e-05	NA	NA	NA	NA	NA	NA	NA	NA	NA
DRB1*14:101	NA	NA	NA	NA	NA	NA	NA	NA	NA	NA	0	NA	NA	NA	NA	NA	NA	NA	NA	3e-05	NA
DRB1*14:102	NA	NA	NA	NA	NA	NA	NA	NA	1e-04	NA	NA	NA	NA	NA	NA	NA	NA	NA	NA	NA	NA
DRB1*14:103	NA	NA	NA	NA	NA	NA	NA	NA	NA	NA	NA	NA	NA	NA	NA	NA	4e-05	NA	NA	NA	NA
DRB1*14:104	NA	NA	NA	NA	NA	NA	NA	NA	NA	0	0	NA	NA	NA	NA	NA	NA	NA	NA	NA	NA
DRB1*14:105	NA	NA	NA	NA	NA	NA	NA	NA	NA	NA	0	NA	NA	NA	NA	NA	NA	NA	NA	NA	NA
DRB1*14:106	NA	NA	NA	NA	NA	NA	NA	NA	NA	NA	0	NA	1e-05	NA	NA	0	NA	NA	NA	NA	NA
DRB1*14:107	NA	NA	NA	NA	NA	NA	NA	NA	NA	0	1e-05	NA	NA	NA	NA	NA	NA	NA	NA	NA	NA
DRB1*14:108	NA	NA	NA	NA	NA	NA	NA	NA	NA	NA	0	NA	NA	NA	NA	NA	NA	NA	NA	NA	NA
DRB1*14:109	NA	NA	NA	NA	NA	NA	NA	NA	NA	NA	NA	NA	0	NA	NA	NA	NA	NA	NA	NA	NA
DRB1*14:11	NA	NA	NA	NA	NA	NA	NA	NA	NA	1e-05	NA	NA	NA	NA	0	NA	2e-05	NA	NA	2e-04	NA
DRB1*14:110	NA	NA	NA	NA	NA	NA	NA	NA	NA	NA	NA	NA	NA	NA	0	NA	NA	NA	NA	NA	NA
DRB1*14:111	NA	NA	NA	NA	NA	NA	NA	NA	NA	NA	NA	NA	NA	NA	0	NA	NA	NA	NA	NA	NA
DRB1*14:112	NA	NA	NA	NA	NA	NA	NA	NA	0	NA	NA	NA	0	NA	0	NA	NA	NA	NA	NA	NA
DRB1*14:113	NA	NA	NA	NA	NA	NA	NA	NA	0	NA	NA	NA	1e-05	NA	0	NA	NA	NA	NA	NA	NA
DRB1*14:12	NA	NA	NA	NA	NA	NA	NA	NA	8e-05	0	NA	NA	NA	0.00018	0.00065	0	1e-05	NA	NA	5e-05	NA
DRB1*14:13	NA	NA	NA	NA	NA	NA	NA	NA	NA	0	NA	NA	5e-05	NA	NA	NA	NA	NA	NA	NA	NA
DRB1*14:14	NA	NA	NA	NA	NA	NA	NA	NA	NA	NA	NA	NA	NA	NA	NA	NA	NA	NA	NA	NA	NA
DRB1*14:15	NA	NA	NA	NA	NA	NA	NA	NA	NA	0	NA	9e-05	0	NA	NA	1e-05	2e-05	NA	0.001	0.00122	NA
DRB1*14:16	NA	NA	NA	NA	NA	NA	NA	NA	NA	2e-05	NA	NA	0	NA	NA	0	0.00011	NA	NA	NA	NA
DRB1*14:17	NA	NA	NA	NA	NA	NA	NA	NA	NA	4e-05	NA	NA	6e-05	NA	0	5e-05	0.00013	NA	NA	2e-05	NA
DRB1*14:18	NA	NA	NA	NA	NA	NA	NA	NA	0.0011	0	0.00046	4e-05	NA	NA	NA	NA	NA	NA	NA	0.00032	0.00105
DRB1*14:19	NA	NA	NA	NA	NA	NA	NA	NA	NA	0	2e-05	NA	NA	NA	NA	NA	1e-05	NA	NA	0.00013	NA
DRB1*14:20	NA	NA	NA	NA	NA	NA	NA	NA	NA	1e-05	NA	NA	NA	NA	NA	0	3e-05	NA	NA	NA	NA
DRB1*14:21	NA	NA	NA	NA	NA	NA	NA	NA	NA	0	NA	NA	1e-05	NA	NA	NA	NA	NA	NA	NA	NA
DRB1*14:22	NA	NA	NA	NA	NA	NA	NA	NA	2e-05	NA	3e-05	NA	NA	NA	NA	NA	1e-05	NA	NA	0.00036	0.00013
DRB1*14:23	NA	NA	NA	NA	NA	NA	NA	NA	1e-05	0	NA	NA	NA	NA	NA	NA	NA	NA	NA	1e-05	NA
DRB1*14:24	NA	NA	NA	NA	NA	NA	NA	NA	NA	0	NA	NA	0.00018	NA	NA	0.00051	NA	NA	NA	NA	NA
DRB1*14:25	NA	NA	NA	NA	NA	NA	NA	NA	0.00014	0	NA	NA	NA	NA	NA	NA	1e-05	NA	NA	4e-05	0.00021
DRB1*14:26	NA	NA	NA	NA	NA	NA	NA	NA	NA	NA	NA	NA	NA	NA	NA	NA	NA	NA	NA	NA	NA
DRB1*14:27	NA	NA	NA	NA	NA	NA	NA	NA	NA	NA	NA	NA	2e-05	NA	0	NA	NA	NA	NA	NA	NA
DRB1*14:28	NA	NA	NA	NA	NA	NA	NA	NA	NA	NA	NA	NA	0	NA	NA	NA	NA	NA	NA	4e-05	NA
DRB1*14:29	NA	NA	NA	NA	NA	NA	NA	NA	NA	NA	NA	4e-05	NA	0.00026	1e-05	0	NA	NA	NA	NA	NA
DRB1*14:30	NA	NA	NA	NA	NA	NA	NA	NA	NA	NA	NA	NA	NA	NA	0	NA	NA	NA	NA	NA	NA
DRB1*14:31	NA	NA	NA	NA	NA	NA	NA	NA	NA	NA	NA	NA	NA	NA	NA	NA	NA	NA	NA	NA	NA
DRB1*14:32	NA	NA	NA	NA	NA	NA	NA	NA	NA	NA	NA	NA	NA	NA	NA	NA	NA	NA	NA	NA	NA
DRB1*14:33	NA	NA	NA	NA	NA	NA	NA	NA	1e-05	0	NA	NA	0	NA	0	NA	2e-05	NA	NA	9e-05	NA
DRB1*14:34	NA	NA	NA	NA	NA	NA	NA	NA	NA	0	NA	NA	NA	NA	NA	NA	NA	NA	NA	NA	NA
DRB1*14:35	NA	NA	NA	NA	NA	NA	NA	NA	1e-05	0	NA	NA	NA	NA	NA	NA	NA	NA	NA	NA	NA
DRB1*14:36	NA	NA	NA	NA	NA	NA	NA	NA	NA	0	NA	NA	NA	NA	NA	NA	NA	NA	NA	NA	NA
DRB1*14:37	NA	NA	NA	NA	NA	NA	NA	NA	NA	NA	NA	NA	NA	NA	NA	NA	NA	NA	NA	NA	NA
DRB1*14:38	NA	NA	NA	NA	NA	NA	NA	NA	NA	NA	NA	NA	NA	NA	NA	0	NA	NA	NA	NA	NA
DRB1*14:39	NA	NA	NA	NA	NA	NA	NA	NA	NA	NA	1e-05	NA	NA	NA	1e-05	NA	NA	NA	NA	NA	NA
DRB1*14:40	NA	NA	NA	NA	NA	NA	NA	NA	NA	NA	NA	NA	NA	NA	NA	NA	NA	NA	NA	NA	NA
DRB1*14:41	NA	NA	NA	NA	NA	NA	NA	NA	NA	NA	NA	NA	0	NA	NA	0	NA	NA	NA	NA	NA
DRB1*14:42	NA	NA	NA	NA	NA	NA	NA	NA	NA	NA	NA	NA	NA	NA	NA	NA	NA	NA	NA	NA	NA
DRB1*14:43	NA	NA	NA	NA	NA	NA	NA	NA	NA	NA	NA	NA	NA	NA	NA	NA	NA	NA	NA	NA	NA
DRB1*14:44	NA	NA	NA	NA	NA	NA	NA	NA	3e-05	0	NA	NA	NA	2e-05	3e-05	NA	NA	NA	NA	NA	3e-05
DRB1*14:45	NA	NA	NA	NA	NA	NA	NA	NA	NA	NA	NA	NA	NA	NA	NA	NA	NA	NA	NA	NA	NA
DRB1*14:46	NA	NA	NA	NA	NA	NA	NA	NA	NA	NA	NA	NA	0	NA	NA	NA	NA	NA	NA	NA	NA
DRB1*14:47	NA	NA	NA	NA	NA	NA	NA	NA	NA	0	NA	NA	0	NA	NA	NA	NA	NA	NA	NA	NA
DRB1*14:48	NA	NA	NA	NA	NA	NA	NA	NA	NA	0	NA	NA	9e-05	NA	NA	9e-05	NA	NA	NA	NA	NA
DRB1*14:52	NA	NA	NA	NA	NA	NA	NA	NA	NA	NA	NA	NA	1e-05	NA	NA	1e-05	NA	NA	NA	NA	2e-05
DRB1*14:53	NA	NA	NA	NA	NA	NA	NA	NA	NA	NA	NA	NA	NA	NA	NA	NA	0	NA	NA	NA	NA
DRB1*14:58	NA	NA	NA	NA	NA	NA	NA	NA	NA	0	NA	NA	NA	NA	NA	NA	NA	NA	NA	NA	NA
DRB1*14:61	NA	NA	NA	NA	NA	NA	NA	NA	2e-05	NA	1e-05	NA	NA	NA	NA	NA	NA	NA	NA	NA	9e-05
DRB1*14:62	NA	NA	NA	NA	NA	NA	NA	NA	NA	NA	NA	NA	NA	NA	NA	NA	NA	NA	NA	3e-05	NA
DRB1*14:67	NA	NA	NA	NA	NA	NA	NA	NA	NA	NA	NA	NA	NA	NA	0	NA	NA	NA	NA	NA	NA
DRB1*14:68	NA	NA	NA	NA	NA	NA	NA	NA	NA	NA	NA	NA	NA	NA	NA	NA	NA	NA	NA	4e-05	NA
DRB1*14:70	NA	NA	NA	NA	NA	NA	NA	NA	NA	0	NA	NA	NA	NA	NA	NA	NA	NA	NA	NA	NA
DRB1*14:72	NA	NA	NA	NA	NA	NA	NA	NA	NA	0	NA	NA	NA	NA	NA	0	NA	NA	NA	NA	NA
DRB1*14:75	NA	NA	NA	NA	NA	NA	NA	NA	NA	0	NA	NA	NA	NA	NA	NA	NA	NA	NA	NA	NA
DRB1*14:81	NA	NA	NA	NA	NA	NA	NA	NA	NA	NA	NA	NA	NA	NA	0	0	NA	NA	NA	NA	NA
DRB1*14:83	NA	NA	NA	NA	NA	NA	NA	NA	NA	NA	NA	NA	0	NA	NA	NA	NA	NA	NA	NA	NA
DRB1*14:94	NA	NA	NA	NA	NA	NA	NA	NA	NA	0	NA	NA	1e-05	NA	NA	1e-05	NA	NA	NA	NA	NA
DRB1*14:96	NA	NA	NA	NA	NA	NA	NA	NA	NA	NA	NA	NA	NA	NA	1e-05	NA	NA	NA	NA	NA	NA
DRB1*14:99	NA	NA	NA	NA	NA	NA	NA	NA	NA	NA	NA	NA	0	NA	NA	NA	NA	NA	NA	NA	NA
DRB1*15:01	0.018	0.028	0.084	0.101	NA	0.023	0.054	0.052	0.101	0.135	0.031	0.071	0.059	0.087	0.079	0.064	0.069	0.104	0.09	0.087	0.039
DRB1*15:02	0.004	0.002	0.011	0.011	NA	0.005	0.011	0.02	0.027	0.00723	0.353	0.084	0.011	0.097	0.032	0.012	0.029	0.005	0.107	0.105	0.071
DRB1*15:03	0.125	0.117	0.002	0.008	NA	0.137	0.027	0.033	3e-05	0.00047	3e-04	0.00074	0.014	6e-05	4e-05	0.00581	0.00188	0.003	NA	0.00059	0.00013
DRB1*15:04	NA	NA	NA	NA	NA	NA	NA	NA	0.00032	3e-05	NA	9e-05	3e-05	NA	3e-05	NA	7e-05	NA	0.002	0.00195	7e-05
DRB1*15:05	NA	NA	NA	NA	NA	NA	NA	NA	NA	0	NA	NA	NA	NA	NA	1e-05	NA	NA	NA	NA	NA
DRB1*15:06	NA	NA	NA	0.001	NA	NA	NA	0.001	3e-05	1e-05	1e-04	0.00035	1e-05	6e-05	1e-05	3e-05	0.00033	NA	0.011	0.00796	0.00076
DRB1*15:07	NA	NA	NA	NA	NA	NA	NA	NA	3e-05	1e-05	NA	NA	NA	NA	NA	NA	1e-05	NA	NA	1e-05	NA
DRB1*15:08	NA	NA	NA	NA	NA	NA	NA	NA	NA	NA	0.00018	NA	NA	NA	NA	NA	NA	NA	NA	NA	NA
DRB1*15:09	NA	NA	NA	NA	NA	NA	NA	NA	NA	0	NA	NA	NA	NA	NA	NA	NA	NA	NA	1e-05	NA
DRB1*15:10	NA	NA	NA	NA	NA	NA	NA	NA	NA	1e-05	NA	NA	NA	NA	NA	1e-05	1e-05	NA	NA	NA	NA
DRB1*15:11	NA	NA	NA	NA	NA	NA	NA	NA	2e-05	0	6e-05	NA	0	NA	NA	NA	1e-05	NA	NA	7e-05	2e-05
DRB1*15:12	NA	NA	NA	NA	NA	NA	NA	NA	NA	NA	NA	NA	NA	NA	NA	NA	NA	NA	NA	NA	NA
DRB1*15:13	NA	NA	NA	NA	NA	NA	NA	NA	NA	NA	4e-05	NA	NA	NA	NA	NA	1e-05	NA	NA	2e-05	1e-05
DRB1*15:14	NA	NA	NA	NA	NA	NA	NA	NA	2e-05	0	0.00062	9e-05	NA	NA	NA	0	1e-05	NA	NA	5e-05	NA
DRB1*15:15	NA	NA	NA	NA	NA	NA	NA	NA	NA	NA	NA	NA	NA	NA	NA	NA	NA	NA	NA	NA	2e-05
DRB1*15:17N	NA	NA	NA	NA	NA	NA	NA	NA	NA	NA	NA	NA	NA	NA	NA	0	NA	NA	NA	NA	NA
DRB1*15:18	NA	NA	NA	NA	NA	NA	NA	NA	NA	0	NA	NA	NA	NA	NA	NA	NA	NA	NA	NA	NA
DRB1*15:20	NA	NA	NA	NA	NA	NA	NA	NA	NA	0	NA	NA	NA	NA	NA	NA	NA	NA	NA	NA	NA
DRB1*15:22	NA	NA	NA	NA	NA	NA	NA	NA	NA	1e-05	NA	NA	NA	NA	NA	NA	1e-05	NA	NA	NA	NA
DRB1*15:24	NA	NA	NA	NA	NA	NA	NA	NA	NA	1e-05	NA	NA	NA	NA	NA	NA	NA	NA	NA	NA	NA
DRB1*15:26	NA	NA	NA	NA	NA	NA	NA	NA	NA	NA	1e-05	NA	NA	NA	NA	NA	NA	NA	NA	NA	NA
DRB1*15:27	NA	NA	NA	NA	NA	NA	NA	NA	NA	0	NA	NA	NA	NA	NA	NA	NA	NA	NA	NA	NA
DRB1*15:31	NA	NA	NA	NA	NA	NA	NA	NA	NA	NA	3e-05	NA	NA	NA	NA	NA	NA	NA	NA	NA	NA
DRB1*15:32	NA	NA	NA	NA	NA	NA	NA	NA	NA	NA	NA	NA	NA	NA	NA	0	NA	NA	NA	NA	NA
DRB1*15:38	NA	NA	NA	NA	NA	NA	NA	NA	NA	NA	NA	4e-05	NA	NA	NA	NA	NA	NA	NA	NA	NA
DRB1*15:44	NA	NA	NA	NA	NA	NA	NA	NA	NA	NA	1e-05	NA	NA	NA	NA	NA	NA	NA	NA	NA	NA
DRB1*15:48	NA	NA	NA	NA	NA	NA	NA	NA	NA	NA	NA	NA	NA	NA	NA	NA	NA	NA	NA	1e-05	NA
DRB1*16:01	0.001	0.002	0.009	0.009	NA	0.002	0.014	0.011	0.00044	0.014	0.00041	0.00165	0.01	0.00029	6e-05	0.00734	0.028	0.008	0.001	0.002	0.00026
DRB1*16:02	0.013	0.014	0.019	0.024	NA	0.015	0.01	0.009	0.043	0.0015	0.0086	0.00623	0.022	0.00671	0.00986	0.025	0.00657	0.029	0.007	0.019	0.024
DRB1*16:03	NA	NA	NA	NA	NA	NA	NA	NA	0	NA	NA	NA	NA	NA	NA	NA	NA	NA	NA	NA	NA
DRB1*16:04	NA	NA	NA	NA	NA	NA	NA	NA	NA	1e-05	NA	NA	0	NA	NA	0	1e-05	NA	NA	NA	NA
DRB1*16:05	NA	NA	NA	NA	NA	NA	NA	NA	0	2e-05	NA	NA	2e-05	NA	NA	0	0.00016	NA	NA	NA	NA
DRB1*16:07	NA	NA	NA	NA	NA	NA	NA	NA	NA	1e-05	NA	NA	2e-05	NA	NA	3e-05	2e-05	NA	NA	NA	NA
DRB1*16:08	NA	NA	NA	NA	NA	NA	NA	NA	1e-05	NA	NA	NA	NA	NA	NA	0	1e-05	NA	NA	NA	NA
DRB1*16:09	NA	NA	NA	NA	NA	NA	NA	NA	1e-05	0	NA	NA	NA	NA	NA	NA	NA	NA	NA	NA	NA
DRB1*16:10	NA	NA	NA	NA	NA	NA	NA	NA	NA	0	NA	NA	NA	NA	NA	NA	NA	NA	NA	NA	NA
DRB1*16:12	NA	NA	NA	NA	NA	NA	NA	NA	NA	NA	NA	NA	2e-05	NA	NA	1e-05	NA	NA	NA	NA	NA
DRB1*16:18	NA	NA	NA	NA	NA	NA	NA	NA	NA	NA	NA	NA	NA	NA	NA	NA	NA	NA	NA	NA	1e-05
