DMB*01:01-E1-L18-pre--suf-G-suf2-	DMB*01:01	E1	18	18		G		MITFLPLLLGLSLGCTGA
DMB*01:01-E2-L93-pre-GT-suf-C-suf2-	DMB*01:01	E2	93	93	GT	C		GFVAHVESTCLLDDAGTPKDFTYCISFNKDLLTCWDPEENKMAPCEFGVLNSLANVLSQHLNQKDTLMQRLRNGLQNCATHTQPFWGSLTNRT
DMB*01:01-E3-L94-pre-GG-suf-A-suf2-	DMB*01:01	E3	94	94	GG	A		PPSVQVAKTTPFNTREPVMLACYVWGFYPAEVTITWRKNGKLVMPHSSAHKTAQPNGDWTYQTLSHLALTPSYGDTYTCVVEHIGAPEPILRDW
DMB*01:01-E4-L38-pre-CA-suf-A-suf2-	DMB*01:01	E4	38	38	CA	A		PGLSPMQTLKVSVSAVTLGLGLIIFSLGVISWRRAGHS
DMB*01:01-E5-L11-pre-GT-suf-G-suf2-	DMB*01:01	E5	11	11	GT	G		YTPLPGSNYSE
DMB*01:02-E3-L94-pre-GG-suf-*-suf2-	DMB*01:02	E3	94	94	GG	*		PPSVQVAKTTPFNTREPVMLACYVWGFYPAEVTITWRKNGKLVMPHSSEHKTAQPNGDWTYQTLSHLALTPSYGDTYTCVVEHIGAPEPILRDW
DMB*01:03-E1-L18-pre--suf-G-suf2-	DMB*01:03	E1	18	18		G		MITFLPLLLGLSLGCTGA
DMB*01:03-E2-L93-pre-GT-suf-C-suf2-	DMB*01:03	E2	93	93	GT	C		GFVAHVESTCLLDDAGTPKDFTYCISFNKDLLTCWDPEENKMAPCEFGVLNSLANVLSQHLNQKDTLMQRLRNGLQNCATHTQPFWGSLTNRT
DMB*01:03-E3-L94-pre-GG-suf-A-suf2-	DMB*01:03	E3	94	94	GG	A		PPSVQVAKTTPFNTREPVMLACYVWGFYPAEVTITWRKNGKLVMPHSSAHKTAQPNGDWTYQTLSHLALTPSYGDTYTCVVEHTGAPEPILRDW
DMB*01:03-E4-L38-pre-CA-suf-A-suf2-	DMB*01:03	E4	38	38	CA	A		PGLSPMQTLKVSVSAVTLGLGLIIFSLGVISWRRAGHS
DMB*01:03-E5-L11-pre-GT-suf-G-suf2-	DMB*01:03	E5	11	11	GT	G		YTPLPGSNYSE
DMB*01:05-E3-L87-pre-GG-suf-*-suf2-	DMB*01:05	E3	87	94	GG	*		PPSVQVAKTTPFNTREPVMLACYVWGFYPAEVTITWRKNGKLVMPHSSVHKTAQPNGDWTYQTLSHLALTPSYGDTYTCVVEHIGAP-------
DMB*01:06-E2-L93-pre-GT-suf-C-suf2-	DMB*01:06	E2	93	93	GT	C		GFVAHVESTCLLDDAGTPKDFTYCIFFNKDLLTCWDPEENKMAPCEFGVLNSLANVLSQHLNQKDTLMQRLRNGLQNCATHTQPFWGSLTNRT
DMB*01:06-E3-L94-pre-GG-suf-A-suf2-	DMB*01:06	E3	94	94	GG	A		PPSVQVAKTTPFNTREPVMLACYVWGFYPAEVTITWRKNGKLVMPHSSEHKTAQPNGDWTYQTLSHLALTPSYGDTYTCVVEHTGAPEPILRDW
DMB*01:07-E1-L18-pre--suf-G-suf2-	DMB*01:07	E1	18	18		G		MITFLPLLLGLSLGCTGA
DMB*01:07-E2-L93-pre-GT-suf-C-suf2-	DMB*01:07	E2	93	93	GT	C		GFVAHVESACLLDDAGTPKDFTYCISFNKVLLTCWDPEENKMAPCEFGVLNNLANVLSQHLNQKDTLMQRLRNGLQNCATHTQPFWGSLTNRT
DMB*01:07-E3-L94-pre-GG-suf-A-suf2-	DMB*01:07	E3	94	94	GG	A		PPSVQVAKTTPFNTREPVMLACYVWGFYPAEVTITWRKNGKLVMPHSSAHKTAQPNGDWTYQTLSHLALTPSYGDTYTCVVEHIGAPEPILRDW
DMB*01:07-E4-L38-pre-CA-suf-A-suf2-	DMB*01:07	E4	38	38	CA	A		PGLSPMQTLKVSVSAVTLGLGLIIFSLGVISWRRAGHS
DMB*01:07-E5-L11-pre-GT-suf-G-suf2-	DMB*01:07	E5	11	11	GT	G		YTPLPGSNYSE
