DOA*01:01-E1-L27-pre--suf-G-suf2-	DOA*01:01	E1	27	27		G		MALRAGLVLGFHTLMTLLSPQEAGATK
DOA*01:01-E2-L82-pre-CT-suf-G-suf2-	DOA*01:01	E2	82	100	CT	G		DHMGSYGPAFYQSYGASGQFTHEFDEEQLFSVDLKKSEAVWRLPEFGDFARFDPQGGLAGIAAIKAHLDILVERSNRSRAIN------------------
DOA*01:01-E3-L93-pre-TG-suf-G-suf2-	DOA*01:01	E3	93	93	TG	G		PPRVTVLPKSRVELGQPNILICIVDNIFPPVINITWLRNGQTVTEGVAQTSFYSQPDHLFRKFHYLPFVPSAEDVYDCQVEHWGLDAPLLRHW
DOA*01:01-E4-L44-pre-AG-suf-AG-suf2-	DOA*01:01	E4	44	44	AG	AG		LQVPIPPPDAMETLVCALGLAIGLVGFLVGTVLIIMGTYVSSVP
DOA*01:02-E1-L27-pre--suf-G-suf2-	DOA*01:02	E1	27	27		G		MALRAGLVLGFHTLMTLLSPQEAGATK
DOA*01:02-E2-L82-pre-CT-suf-G-suf2-	DOA*01:02	E2	82	100	CT	G		DHMGSYGPAFYQSYGASGQFTHEFDEEQLFSVDLKKSEAVWRLPEFGDFARFDPQGGLAGIAAIKAHLDILVERSNCSRAIN------------------
DOA*01:02-E3-L93-pre-TG-suf-G-suf2-	DOA*01:02	E3	93	93	TG	G		PPRVTVLPKSRVELGQPNILICIVDNIFPPVINITWLRNGQTVTEGVAQTSFYSQPDHLFRKFHYLPFVPSAEDVYDCQVEHWGLDAPLLRHW
DOA*01:02-E4-L44-pre-AG-suf-AG-suf2-	DOA*01:02	E4	44	44	AG	AG		LQVPIPPPDAMETLVCALGLAIGLVGFLVGTVLIIMGTYVSSVP
DOA*01:03-E1-L27-pre--suf-G-suf2-	DOA*01:03	E1	27	27		G		MALRAGLVLGFHTLMTLLSPQEAGATK
DOA*01:03-E2-L82-pre-CT-suf-G-suf2-	DOA*01:03	E2	82	100	CT	G		DHMGSYGPAFYQSYGASGQFTHEFDEEQLFSVDLKKSEAVWRLPEFGDFARFDPQGGLAGIAAIKAHLDIVVERSNRSRAIN------------------
DOA*01:03-E3-L93-pre-TG-suf-G-suf2-	DOA*01:03	E3	93	93	TG	G		PPRVTVLPKSRVELGQPNILICIVDNIFPPVINITWLRNGQTVTEGVAQTSFYSQPDHLFRKFHYLPFVPSAEDVYDCQVEHWGLDAPLLRHW
DOA*01:03-E4-L44-pre-AG-suf-AG-suf2-	DOA*01:03	E4	44	44	AG	AG		LQVPIPPPDAMETLVCALGLAIGLVGFLVGTVLIIMGTYVSSVP
DOA*01:04N-E1-L27-pre--suf-G-suf2-	DOA*01:04N	E1	27	27		G		MALRAGLVLGFHTLMTLLSPQEAGATK
DOA*01:04N-E2-L81-pre-CT-suf-G-suf2-AC	DOA*01:04N	E2	81	100	CT	G	AC	DHMGSYGPPSTSLTAPRASSPMNL---------MRNSCSLWTX----------RKARPCGVCLSLVTLPALTRRAGWPASPQSKPIWTSWWSAPTAAEPS
DOA*01:04N-E3-L93-pre-TG-suf-G-suf2-	DOA*01:04N	E3	93	93	TG	G		PPRVTVLPKSRVELGQPNILICIVDNIFPPVINITWLRNGQTVTEGVAQTSFYSQPDHLFRKFHYLPFVPSAEDVYDCQVEHWGLDAPLLRHW
DOA*01:04N-E4-L44-pre-AG-suf-AG-suf2-	DOA*01:04N	E4	44	44	AG	AG		LQVPIPPPDAMETLVCALGLAIGLVGFLVGTVLIIMGTYVSSVP
