DOB*01:01-E1-L30-pre--suf-G-suf2-	DOB*01:01	E1	30	30		G		MGSGWVPWVVALLVNLTRLDSSMTQGTDSP
DOB*01:01-E2-L89-pre-AA-suf-G-suf2-	DOB*01:01	E2	89	89	AA	G		DFVIQAKADCYFTNGTEKVQFVVRFIFNLEEYVRFDSDVGMFVALTKLGQPDAEQWNSRLDLLERSRQAVDGVCRHNYRLGAPFTVGRK
DOB*01:01-E3-L93-pre-TG-suf-A-suf2-	DOB*01:01	E3	93	93	TG	A		QPEVTVYPERTPLLHQHNLLHCSVTGFYPGDIKIKWFLNGQEERAGVMSTGPIRNGDWTFQTVVMLEMTPELGHVYTCLVDHSSLLSPVSVEW
DOB*01:01-E4-L36-pre-GA-suf-G-suf2-	DOB*01:01	E4	36	36	GA	G		AQSEYSWRKMLSGIAAFLLGLIFLLVGIVIQLRAQK
DOB*01:01-E5-L10-pre-GA-suf--suf2-	DOB*01:01	E5	10	10	GA			YVRTQMSGNE
DOB*01:01-E6-L12-pre--suf-G-suf2-	DOB*01:01	E6	12	12		G		VSRAVLLPQSCX
DOB*01:02-E1-L30-pre--suf-G-suf2-	DOB*01:02	E1	30	30		G		MGSGWVPWVVALLVNLTQLDSSMTQGTDSP
DOB*01:02-E2-L89-pre-AA-suf-G-suf2-	DOB*01:02	E2	89	89	AA	G		DFVIQAKADCYFTNGTEKVQFVVRFIFNLEEYVRFDSDVGMFVALTKLGQPDAEQWNSRLDLLERSRQAVDGVCRHNYRLGAPFTVGRK
DOB*01:02-E3-L93-pre-TG-suf-A-suf2-	DOB*01:02	E3	93	93	TG	A		QPEVTVYPERTPLLHQHNLLHCSVTGFYPGDIKIKWFLNGQEERAGVMSTGPIRNGDWTFQTVVMLEMTPELGHVYTCLVDHSSLLSPVSVEW
DOB*01:02-E4-L36-pre-GA-suf-G-suf2-	DOB*01:02	E4	36	36	GA	G		AQSEYSWRKMLSGIAAFLLGLIFLLVGIVIQLRAQK
DOB*01:02-E5-L10-pre-GA-suf--suf2-	DOB*01:02	E5	10	10	GA			YVRTQMSGNE
DOB*01:02-E6-L12-pre--suf-*-suf2-	DOB*01:02	E6	12	12		*		VSRAVLLPQSCX
DOB*01:02-E6-L12-pre--suf-G-suf2-	DOB*01:02	E6	12	12		G		VSRAVLLPQSCX
DOB*01:03-E1-L30-pre--suf-G-suf2-	DOB*01:03	E1	30	30		G		MGSGWVPWVVALLVNLTRLDSSMTQGTDSP
DOB*01:03-E2-L89-pre-AA-suf-G-suf2-	DOB*01:03	E2	89	89	AA	G		DFVIQAKADCYFTNGTEKVQFVVRFIFNLEEYVRFDSDVGMFVALTKLGQPDAEQWNSRLDLLERSRQAVDGVCRHNYRLGAPFTVGRK
DOB*01:03-E3-L93-pre-TG-suf-A-suf2-	DOB*01:03	E3	93	93	TG	A		QPEVTVYPERTPLLHQHNLLHCSVTGFYPGDIKIKWFLNGQEERAGVMSTGPIRNGDWTFQTVVMLEMTPELGHVYTCLVDHSSLLSPVSVEW
DOB*01:03-E4-L36-pre-GA-suf-G-suf2-	DOB*01:03	E4	36	36	GA	G		AQSEYSWRKMLSGIAAFLLGLIFLLVGIIIQLRAQK
DOB*01:03-E5-L10-pre-GA-suf--suf2-	DOB*01:03	E5	10	10	GA			YVRTQMSGNE
DOB*01:03-E6-L12-pre--suf-*-suf2-	DOB*01:03	E6	12	12		*		VSRAVLLPQSCX
DOB*01:04-E1-L30-pre--suf-G-suf2-	DOB*01:04	E1	30	30		G		MGSGWVPWVVALLVNLTRLDSSMTQGTDSP
DOB*01:04-E2-L89-pre-AA-suf-G-suf2-	DOB*01:04	E2	89	89	AA	G		DFVIQAKADCYFTNGTEKVQFVVRFIFNLEEYVRFDSDVGMFVALTKLGQPDAEQWNSRLDLLERSRQAVDGVCRHNYRLGAPFTVGRK
DOB*01:04-E3-L93-pre-TG-suf-A-suf2-	DOB*01:04	E3	93	93	TG	A		QPEVTVYPERTPLLHQHNLLHCSVTGFYPGDIKIKWFLNGQEERAGVMSTGPIRNGDWTFQTVVMLEMTPELGHVYTCLVDHSSLLSPVSVEW
DOB*01:04-E4-L36-pre-GA-suf-G-suf2-	DOB*01:04	E4	36	36	GA	G		AQSEYSWRKMLSGIAAFLFGLIFLLVGIVIQLRAQK
DOB*01:04-E5-L10-pre-GA-suf--suf2-	DOB*01:04	E5	10	10	GA			YVRTQMSGNE
DOB*01:04-E6-L12-pre--suf-G-suf2-	DOB*01:04	E6	12	12		G		VSRAVLLPQSCX
DOB*01:05-E1-L30-pre--suf-G-suf2-	DOB*01:05	E1	30	30		G		MGSGWVPWVVALLVNLTRLDSSMTQGTDSP
DOB*01:05-E2-L89-pre-AA-suf-G-suf2-	DOB*01:05	E2	89	89	AA	G		DFVIQAKADCYFTNGTEKVQFVVRFIFNLEEYVRFDSDVGMFVALTKLGQPDAEQWNSRLDLLERSRQAVDGVCRHNYRLGAPFTVGRK
DOB*01:05-E3-L93-pre-TG-suf-A-suf2-	DOB*01:05	E3	93	93	TG	A		QPEVTVYPERTPLLHQHNLLHCSVTGFYPGDIKIKWFLNGQEERAGVMSTGPIRNGDWTFQTVVMLEMTPELGHVYTCLVDHSSLLSPISVEW
DOB*01:05-E4-L36-pre-GA-suf-G-suf2-	DOB*01:05	E4	36	36	GA	G		AQSEYSWRKMLSGIAAFLLGLIFLLVGIVIQLRAQK
DOB*01:05-E5-L10-pre-GA-suf--suf2-	DOB*01:05	E5	10	10	GA			YVRTQMSGNE
DOB*01:05-E6-L12-pre--suf-G-suf2-	DOB*01:05	E6	12	12		G		VSRAVLLPQSCX
