DPA1*01:03-E1-L33-pre--suf-G-suf2-	DPA1*01:03	E1	33	33		G		MRPEDRMFHIRAVILRALSLAFLLSLRGAGAIK
DPA1*01:03-E2-L81-pre-CG-suf-G-suf2-	DPA1*01:03	E2	81	81	CG	G		DHVSTYAAFVQTHRPTGEFMFEFDEDEMFYVDLDKKETVWHLEEFGQAFSFEAQGGLANIAILNNNLNTLIQRSNHTQATN
DPA1*01:03-E3-L93-pre-AT-suf-G-suf2-	DPA1*01:03	E3	93	93	AT	G		PPEVTVFPKEPVELGQPNTLICHIDKFFPPVLNVTWLCNGELVTEGVAESLFLPRTDYSFHKFHYLTFVPSAEDFYDCRVEHWGLDQPLLKHW
DPA1*01:03-E4-L51-pre-AG-suf--suf2-	DPA1*01:03	E4	51	51	AG			AQEPIQMPETTETVLCALGLVLGLVGIIVGTVLIIKSLRSGHDPRAQGTLX
DPA1*01:04-E3-L93-pre-AT-suf-G-suf2-	DPA1*01:04	E3	93	93	AT	G		PPEVTVFPKEPVELGQPNTLICHIDKFFPPVLNVTWLCNGELVTEGVAESLFLPRTDYSFHKFHYLTFVPSAEDFYDCRVEHWGLDQPLLKHW
DPA1*01:04-E4-L51-pre-AG-suf--suf2-	DPA1*01:04	E4	51	51	AG			AQEPIQMPETTETVLCALGLVLGLVGIIVGTVLIIKSLRSGHDPRAQGTLX
DPA1*01:06-E2-L81-pre-CG-suf-G-suf2-	DPA1*01:06	E2	81	81	CG	G		DHVSTYAAFVQTHRPTGEFMFEFDEDEQFYVDLDKKETVWHLEEFGQAFSFEAQGGLANIAILNNNLNTLIQRSNHTQATN
DPA1*01:08-E2-L81-pre-CG-suf-G-suf2-	DPA1*01:08	E2	81	81	CG	G		DHVSTYAAFVQTHRPTGEFMFEFDDDEMFYVDLDKKETVWHLEEFGRAFSFEAQGGLANIAILNNNLNTLIQRSNHTQATN
DPA1*01:09-E2-L81-pre-CG-suf-G-suf2-	DPA1*01:09	E2	81	81	CG	G		DHVSTYAAFVQTHRPTGEFTFEFDEDEMFYVDLDKKETVWHLEEFGQAFSFEAQGGLANIAILNNNLNTLIQRSNHTQATN
DPA1*01:10-E2-L81-pre-CG-suf-G-suf2-	DPA1*01:10	E2	81	81	CG	G		DHVSTYAAFVQTHRPTGEFMFEFDEDEMFYVDLDKKETVCHLEEFGQAFSFEAQGGLANIAILNNNLNTLIQRSNHTQATN
DPA1*01:11-E2-L81-pre-CG-suf-G-suf2-	DPA1*01:11	E2	81	81	CG	G		DHVSTYAAFVQTHRPTGEFMFEFDEDEMFYVDLDKKETVWHLEEFGRAFSFEAQGGLANIAILNNNLNTLIQRSNHTQATN
DPA1*01:12-E2-L81-pre-CG-suf-G-suf2-	DPA1*01:12	E2	81	81	CG	G		DHVSTYAAFVQTHRPTGEFMFEFDEDEMFYVDLDKKETVWHLEEFGQAFSFEAQGGLANIAISNNNLNTLIQRSNHTQATN
DPA1*01:13-E2-L81-pre-CG-suf-G-suf2-	DPA1*01:13	E2	81	81	CG	G		DHVSTYAVFVQTHRPTGEFMFEFDEDEMFYVDLDKKETVWHLEEFGQAFSFEAQGGLANIAILNNNLNTLIQRSNHTQATN
DPA1*02:01-E1-L33-pre--suf-G-suf2-	DPA1*02:01	E1	33	33		G		MRPEDRMFHIRAVILRALSLAFLLSLRGAGAIK
DPA1*02:01-E2-L81-pre-CG-suf-G-suf2-	DPA1*02:01	E2	81	81	CG	G		DHVSTYAAFVQTHRPTGEFMFEFDEDEQFYVDLDKKETVWHLEEFGRAFSFEAQGGLANIAILNNNLNTLIQRSNHTQAAN
DPA1*02:01-E3-L93-pre-AT-suf-G-suf2-	DPA1*02:01	E3	93	93	AT	G		PPEVTVFPKEPVELGQPNTLICHIDRFFPPVLNVTWLCNGEPVTEGVAESLFLPRTDYSFHKFHYLTFVPSAEDVYDCRVEHWGLDQPLLKHW
DPA1*02:01-E4-L51-pre-AG-suf--suf2-	DPA1*02:01	E4	51	51	AG			AQEPIQMPETTETVLCALGLVLGLVGIIVGTVLIIKSLRSGHDPRAQGPLX
DPA1*02:02-E2-L81-pre-CG-suf-G-suf2-	DPA1*02:02	E2	81	81	CG	G		DHVSTYAMFVQTHRPTGEFMFEFDEDEQFYVDLDKKETVWHLEEFGRAFSFEAQGGLANIAILNNNLNTLIQRSNHTQAAN
DPA1*02:02-E3-L93-pre-AT-suf-G-suf2-	DPA1*02:02	E3	93	93	AT	G		PPEVTVFPKEPVELGQPNTLICHIDRFFPPVLNVTWLCNGEPVTEGVAESLFLPRTDYSFHKFHYLTFVPSAEDVYDCRVEHWGLDQPLLKHW
DPA1*02:02-E4-L51-pre-AG-suf--suf2-	DPA1*02:02	E4	51	51	AG			AQEPIQMPETTETVLCALGLVLGLVGIIVGTVLIIKSLRSGHDPRAQGPLX
DPA1*02:03-E2-L81-pre-CG-suf-*-suf2-	DPA1*02:03	E2	81	81	CG	*		DHVSTYAAFVQTHRPTGEFMFEFDEDEMFYVDLDKKETVWHLEEFGRAFSFEAQGGLANIAILNNNLNTLIQRSNHTQAAN
DPA1*02:04-E2-L81-pre-CG-suf-G-suf2-	DPA1*02:04	E2	81	81	CG	G		DHVSTYAMFVQTHRPTGEFMFEFDEDEQFYVDLDKKETVWHLEEFGRAFSFEAQGGLANIAILNNDLNTLIQRSNHTQAAN
DPA1*02:05-E2-L81-pre-CG-suf-G-suf2-	DPA1*02:05	E2	81	81	CG	G		DHVSTYAMFVQTHRPTGEFMFEFDEDEQFYVDLDKKETVWHLEEFGRAFSFEAQGGLANIAILNNNLNTLIQHSNHTQAAN
DPA1*02:06-E1-L33-pre--suf-G-suf2-	DPA1*02:06	E1	33	33		G		MRPEDRMFHIRAVILRALSLAFLLSLRGAGAIK
DPA1*02:06-E2-L81-pre-CG-suf-G-suf2-	DPA1*02:06	E2	81	81	CG	G		DHVSTYAMFVQTHRPTGEFMFEFDEDEQFYVDLDKKETVWHLEEFGRAFSFEAQGGLANIAILNNNLNTLIQRSNHTQAAN
DPA1*02:06-E3-L93-pre-AT-suf-G-suf2-	DPA1*02:06	E3	93	93	AT	G		PPEVTVFPKEPVELGQPNTLICHIDRFFPPVLNVTWLCNGEPVTEGVAESLFLPRTDYSFHKFHYLTFVPSAEDVYDCRVEHWGLDQPLLKHW
DPA1*02:06-E4-L51-pre-AG-suf--suf2-	DPA1*02:06	E4	51	51	AG			AQEPIQMPETMETVLCALGLVLGLVGIIVGTVLIIKSLRSGHDPRAQGPLX
DPA1*03:01-E2-L81-pre-CG-suf-G-suf2-	DPA1*03:01	E2	81	81	CG	G		DHVSTYAMFVQTHRPTGEFMFEFDEDEMFYVDLDKKETVWHLEEFGQAFSFEAQGGLANIAISNNNLNTLIQRSNHTQATN
DPA1*03:01-E3-L93-pre-AT-suf-G-suf2-	DPA1*03:01	E3	93	93	AT	G		PPEVTVFPKEPVELGQPNTLICHIDKFFPPVLNVTWLCNGELVTEGVAESLFLPRTDYSFHKFHYLTFVPSAEDFYDCRVEHWGLDQPLLKHW
DPA1*03:01-E4-L51-pre-AG-suf--suf2-	DPA1*03:01	E4	51	51	AG			AQEPIQMPETTETVLCALGLVLGLVGIIVGTVLIIKSLRSGHDPRAQGTLX
DPA1*03:02-E2-L81-pre-CG-suf-*-suf2-	DPA1*03:02	E2	81	81	CG	*		DHVSTYAMFVQTHRPTGEFMFEFDEDEMFYVDLDKKETVWHLEEFGQAFSFEAQGGLANIAILNNNLNTLIQRSNHTQATN
DPA1*03:03-E2-L81-pre-CG-suf-G-suf2-	DPA1*03:03	E2	81	81	CG	G		DHVSTYAMFVQTHRPTGEFMFEFDDDEMFYVDLDKKETVWHLEEFGQAFSFEAQGGLANIAISNNNLNTLIQRSNHTQATN
DPA1*04:01-E3-L93-pre-AT-suf-G-suf2-	DPA1*04:01	E3	93	93	AT	G		PPEVTVFPKEAVELGQPNTLICHIDKFFPPVLNVTWLCNGEPVTEGVAESLFLPRTDYSFHKFHYLTFVPSAEDVYDCRVEHWGLDQPLLKHW
DPA1*04:01-E4-L51-pre-AG-suf--suf2-	DPA1*04:01	E4	51	51	AG			AQEPIQMPETAETVLCALGLVLGLVGIIVGTVLIIKSLRSGHDPRAQGPLX
