DPB1*01:01	E1	33	33		G		MMVLQVSAAPRTVALTALLMVLLTSVVQGRATP
DPB1*01:01	E2	87	87	AG	G		NYVYQGRQECYAFNGTQRFLERYIYNREEYARFDSDVGEFRAVTELGRPAAEYWNSQKDILEEKRAVPDRVCRHNYELDEAVTLQRR
DPB1*01:01	E3	93	93	TC	A		QPKVNVSPSKKGPLQHHNLLVCHVTDFYPGSIQVRWFLNGQEETAGVVSTNLIRNGDWTFQILVMLEMTPQQGDVYICQVEHTSLDSPVTVEW
DPB1*01:01	E4	36	36	AG	G		AQSDSAQSKTLTGAGGFVLGLIICGVGIFMHRRSKK
DPB1*02:01	E1	33	33		G		MMVLQVSAAPRTVALTALLMVLLTSVVQGRATP
DPB1*02:01	E2	87	87	AG	*		NYLFQGRQECYAFNGTQRFLERYIYNREEFVRFDSDVGEFRAVTELGRPDEEYWNSQKDILEEERAVPDRMCRHNYELGGPMTLQRR
DPB1*02:01	E2	87	87	AG	G		NYLFQGRQECYAFNGTQRFLERYIYNREEFVRFDSDVGEFRAVTELGRPDEEYWNSQKDILEEERAVPDRMCRHNYELGGPMTLQRR
DPB1*02:01	E3	93	93	TC	A		QPRVNVSPSKKGPLQHHNLLVCHVTDFYPGSIQVRWFLNGQEETAGVVSTNLIRNGDWTFQILVMLEMTPQQGDVYTCQVEHTSLDSPVTVEW
DPB1*02:01	E4	36	36	AG	G		AQSDSARSKTLTGAGGFVLGLIICGVGIFMHRRSKK
DPB1*02:02	E1	33	33		G		MMVLQVSAAPRTVALTALLMVLLTSVVQGRATP
DPB1*02:02	E2	87	87	AG	G		NYLFQGRQECYAFNGTQRFLERYIYNREELVRFDSDVGEFRAVTELGRPEAEYWNSQKDILEEERAVPDRMCRHNYELGGPMTLQRR
DPB1*02:02	E3	93	93	TC	A		QPRVNVSPSKKGPLQHHNLLVCHVTDFYPGSIQVRWFLNGQEETAGVVSTNLIRNGDWTFQILVMLEMTPQQGDVYTCQVEHTSLDSPVTVEW
DPB1*02:02	E4	36	36	AG	G		AQSDSARSKTLTGAGGFVLGLIICGVGIFMHRRSKK
DPB1*03:01	E1	33	33		G		MMVLQVSAAPRTVALTALLMVLLTSVVQGRATP
DPB1*03:01	E2	87	87	AG	G		NYVYQLRQECYAFNGTQRFLERYIYNREEFVRFDSDVGEFRAVTELGRPDEDYWNSQKDLLEEKRAVPDRVCRHNYELDEAVTLQRR
DPB1*03:01	E3	93	93	TC	A		QPKVNVSPSKKGPLQHHNLLVCHVTDFYPGSIQVRWFLNGQEETAGVVSTNLIRNGDWTFQILVMLEMTPQQGDVYICQVEHTSLDSPVTVEW
DPB1*03:01	E4	36	36	AG	G		AQSDSARSKTLTGAGGFVLGLIICGVGIFMHRRSKK
DPB1*04:01	E1	33	33		G		MMVLQVSAAPRTVALTALLMVLLTSVVQGRATP
DPB1*04:01	E2	87	87	AG	G		NYLFQGRQECYAFNGTQRFLERYIYNREEFARFDSDVGEFRAVTELGRPAAEYWNSQKDILEEKRAVPDRMCRHNYELGGPMTLQRR
DPB1*04:01	E3	93	93	TC	A		QPRVNVSPSKKGPLQHHNLLVCHVTDFYPGSIQVRWFLNGQEETAGVVSTNLIRNGDWTFQILVMLEMTPQQGDVYTCQVEHTSLDSPVTVEW
DPB1*04:01	E4	36	36	AG	G		AQSDSARSKTLTGAGGFVLGLIICGVGIFMHRRSKK
DPB1*04:02	E1	33	33		G		MMVLQVSAAPRTVALTALLMVLLTSVVQGRATP
DPB1*04:02	E2	87	87	AG	G		NYLFQGRQECYAFNGTQRFLERYIYNREEFVRFDSDVGEFRAVTELGRPDEEYWNSQKDILEEKRAVPDRMCRHNYELGGPMTLQRR
DPB1*04:02	E3	93	93	TC	A		QPRVNVSPSKKGPLQHHNLLVCHVTDFYPGSIQVRWFLNGQEETAGVVSTNLIRNGDWTFQILVMLEMTPQQGDVYTCQVEHTSMDSPVTVEW
DPB1*04:02	E4	36	36	AG	G		AQSDSARSKTLTGAGGFVLGLIICGVGIFMHRRSKK
DPB1*05:01	E1	33	33		G		MMVLQVSAAPRTVALTALLMVLLTSVVQGRATP
DPB1*05:01	E2	87	87	AG	G		NYLFQGRQECYAFNGTQRFLERYIYNREELVRFDSDVGEFRAVTELGRPEAEYWNSQKDILEEKRAVPDRMCRHNYELDEAVTLQRR
DPB1*05:01	E3	93	93	TC	A		QPKVNVSPSKKGPLQHHNLLVCHVTDFYPGSIQVRWFLNGQEETAGVVSTNLIRNGDWTFQILVMLEMTPQQGDVYICQVEHTSLDSPVTVEW
DPB1*05:01	E4	36	36	AG	G		AQSDSARSKTLTGAGGFMLGLIICGVGIFMHRRSKK
DPB1*06:01	E1	33	33		G		MMVLQVSAAPRTVALTALLMVLLTSVVQGRATP
DPB1*06:01	E2	87	87	AG	G		NYVYQLRQECYAFNGTQRFLERYIYNREEFVRFDSDVGEFRAVTELGRPDEDYWNSQKDLLEEERAVPDRMCRHNYELDEAVTLQRR
DPB1*06:01	E3	93	93	TC	A		QPKVNVSPSKKGPLQHHNLLVCHVTDFYPGSIQVRWFLNGQEETAGVVSTNLIRNGDWTFQILVMLEMTPQQGDVYICQVEHTSLDSPVTVEW
DPB1*06:01	E4	36	36	AG	G		AQSDSARSKTLTGAGGFVLGLIICGVGIFMHRRSKK
DPB1*09:01	E1	33	33		G		MMVLQVSAAPRTVALTALLMVLLTSVVQGRATP
DPB1*09:01	E2	87	87	AG	G		NYVHQLRQECYAFNGTQRFLERYIYNREEFVRFDSDVGEFRAVTELGRPDEDYWNSQKDILEEERAVPDRVCRHNYELDEAVTLQRR
DPB1*09:01	E3	93	93	TC	A		QPKVNVSPSKKGPLQHHNLLVCHVTDFYPGSIQVRWFLNGQEETAGVVSTNLIRNGDWTFQILVMLEMTPQQGDVYICQVEHTSLDSPVTVEW
DPB1*09:01	E4	36	36	AG	G		AQSDSARSKTLTGAGGFVLGLIICGVGIFMHRRSKK
DPB1*100:01	E2	87	87	AG	G		NYLFQGRQECYAFNGTQRFLERYIYNREELVRFDSDVGEFRAVTELGRPEAEYWNSQKDILEEKRAVPDRMCRHNYELGGPMTLQRR
DPB1*101:01	E2	87	87	AG	G		NYLFQGRQECYAFNGTQRFLERYIYNREELVRFDSDVGEFRAVTELGRPEAEYWHSQKDILEEERAVPDRMCRHNYELGGPMTLQRR
DPB1*102:01	E2	84	87	AG	*		NYLFQGRQECYAFNGTQRFLERYIYNREEFARFDSDVGEFRAVTELGRPAAEYWNSQKDLLEEKRAVPDRMCRHNYELDEAVTL---
DPB1*103:01	E2	87	87	AG	G		NYLFQGRQECYAFNGTQRFLERYIYNREEFVRFDSDVGEFRAVTELGRPAAEYWNSQKDILEEERAVPDRMCRHNYELDEAVTLQRR
DPB1*104:01	E1	33	33		G		MMVLQVSAAPRTVALTALLMVLLTSVVQGRATP
DPB1*104:01	E2	87	87	AG	G		NYVYQLRQECYAFNGTQRFLERYIYNREEFVRFDSDVGEFRAVTELGRPDEDYWNSQKDLLEEKRAVPDRVCRHNYELDEAVTLQRR
DPB1*104:01	E3	93	93	TC	A		QPKVNVSPSKKGPLQHHNLLVCHVTDFYPGSIQVRWFLNGQEETAGVVSTNLIRNGDWTFQILVMLEMTPQQGDVYICQVEHTSLDSPVTVEW
DPB1*104:01	E4	36	36	AG	G		AQSDSARSKTLTGAGGFMLGLIICGVGIFMHRRSKK
DPB1*105:01	E1	33	33		G		MMVLQVSAAPRTVALTALLMVLLTSVVQGRATP
DPB1*105:01	E2	87	87	AG	G		NYLFQGRQECYAFNGTQRFLERYIYNREEFVRFDSDVGEFRAVTELGRPDEEYWNSQKDILEEKRAVPDRMCRHNYELGGPMTLQRR
DPB1*105:01	E3	93	93	TC	A		QPRVNVSPSKKGPLQHHNLLVCHVTDFYPGSIQVRWFLNGQEETAGVVSTNLIRNGDWTFQILVMLEMTPQQGDVYTCQVEHTSLDSPVTVEW
DPB1*105:01	E4	36	36	AG	G		AQSDSARSKTLTGAGGFVLGLIICGVGIFMHRRSKK
DPB1*106:01	E1	33	33		G		MMVLQVSAAPRTVALTALLMVLLTSVVQGRATP
DPB1*106:01	E2	87	87	AG	G		NYLFQGRQECYAFNGTQRFLERYIYNREEFVRFDSDVGEFRAVTELGRPEAEYWNSQKDILEEERAVPDRICRHNYELDEAVTLQRR
DPB1*106:01	E3	93	93	TC	A		QPRVNVSPSKKGPLQHHNLLVCHVTDFYPGSIQVRWFLNGQEETAGVVSTNLIRNGDWTFQILVMLEMTPQQGDVYTCQVEHTSLDSPVTVEW
DPB1*106:01	E4	36	36	AG	G		AQSDSARSKTLTGAGGFVLGLIICGVGIFMHRRSKK
DPB1*107:01	E1	33	33		G		MMVLQVSAAPRTVALMALLMVLLTSVVQGRATP
DPB1*107:01	E2	87	87	AG	G		NYVYQLRQECYAFNGTQRFLERYIYNREEYARFDSDVGEFRAVTELGRPAAEYWNSQKDILEEERAVPDRICRHNYELDEAVTLQRR
DPB1*107:01	E3	93	93	TC	A		QPKVNVSPSKKGPLQHHNLLVCHVTDFYPGSIQVRWFLNGQEETAGVVSTNLIRNGDWTFQILVMLEMTPQQGDVYICQVEHTSLDSPVTVEW
DPB1*107:01	E4	36	36	AG	G		AQSDSARSKTLTGAGGFVLGLIICGVGIFMHRRSKK
DPB1*108:01	E2	87	87	AG	G		NYLFQGRQECYAFNGTQRFLERYIYNREEFVRFDSDVGEFRAVTELGRPDEDYWNSQKDLLEEKRAVPDRMCRHNYELGGPMTLQRR
DPB1*109:01	E2	87	87	AG	G		NYVYQLRQECYAFNGTQRFLERYIYNREEFVRFDSDVGEFRAVTELGRPDEEYWNSQKDILEEERAVPDRMCRHNYELGGPMTLQRR
DPB1*10:01	E1	33	33		G		MMVLQVSAAPRTVALTALLMVLLTSVVQGRATP
DPB1*10:01	E2	87	87	AG	G		NYVHQLRQECYAFNGTQRFLERYIYNREEFVRFDSDVGEFRAVTELGRPDEEYWNSQKDILEEERAVPDRVCRHNYELDEAVTLQRR
DPB1*10:01	E3	93	93	TC	A		QPKVNVSPSKKGPLQHHNLLVCHVTDFYPGSIQVRWFLNGQEETAGVVSTNLIRNGDWTFQILVMLEMTPQQGDVYICQVEHTSLDSPVTVEW
DPB1*10:01	E4	36	36	AG	G		AQSDSARSKTLTGAGGFVLGLIICGVGIFMHRRSKK
DPB1*110:01	E2	87	87	AG	G		NYVYQLRQECYAFNGTQRFLERYIYNREEFARFDSDVGEFRAVTELGRPAAEYWNSQKDILEEERAVPDRICRHNYELDEAVTLQRR
DPB1*111:01	E2	87	87	AG	G		NYVYQLRQECYAFNGTQRFLERYIYNPEEFVRFDSDVGEFRAVTELGRPDEDYWNSQKDLLEEKRAVPDRVCRHNYELDEAVTLQRR
DPB1*112:01	E2	87	87	AG	G		NYLFQGRQECYAFNGTQRFLERYIYNREELVRFDSDVGEFRAVTELGRPAAEYWNSQKDILEEKRAVPDRMCRHNYELGGPMTLQRR
DPB1*113:01	E2	87	87	AG	G		NYVHQLRQECYAFNGTQRFLERYIYNREEFVRFDSDVGEFRAVTELGRPDEEYWNSQKDILEEERAVPDRMCRHNYELGGPMTLQRR
DPB1*114:01	E2	87	87	AG	G		NYVYQLRQECYAFNGTQRFLERYIYNREELVRFDSDVGEFRAVTELGRPEAEYWNSQKDLLEEKRAVPDRVCRHNYELDEAVTLQRR
DPB1*115:01	E2	87	87	AG	G		NYLFQGRQECYTFNGTQRFLERYIYNREEFVRFDSDVGEFRAVTELGRPDEEYWNSQKDILEEERAVPDRMCRHNYELGGPMTLQRR
DPB1*116:01	E2	87	87	AG	G		NYLFQGRQECYAFNGTQRFLERYIYNREELVRFDSDVGEFRAVTELGRPDEEYWNSQKDILEEKRAVPDRMCRHNYELGGPMTLQRR
DPB1*117:01	E2	87	87	AG	G		NYVYQLRQECYAFNGTQRFLERYIYNREEYARFDSDVGEFRAVTELGRPAAEYWNSQKDILEEERAVPDRMCRHNYELGGPMTLQRR
DPB1*118:01	E2	87	87	AG	G		NYVYQGRQECYAFNGTQRFLERYIYNPEEYARFDSDVGEFRAVTELGRPAAEYWNSQKDILEEKRAVPDRVCRHNYELDEAVTLQRR
DPB1*119:01	E2	87	87	AG	G		NYVHQLRQECYAFNGTQRFLERYIYNREEFVRFDSDVGEFRAVTELGRPDEDYWNSQKDLLEEKRAVPDRVCRHNYELNEAVTLQRR
DPB1*11:01	E1	33	33		G		MMVLQVSAAPRTVALTALLMVLLTSVVQGRATP
DPB1*11:01	E2	85	87	AG	*		NYVYQLRQECYAFNGTQRFLERYIYNRQEYARFDSDVGEFRAVTELGRPAAEYWNSQKDLLEERRAVPDRMCRHNYELDEAVTLQ--
DPB1*11:01	E2	87	87	AG	G		NYVYQLRQECYAFNGTQRFLERYIYNRQEYARFDSDVGEFRAVTELGRPAAEYWNSQKDLLEERRAVPDRMCRHNYELDEAVTLQRR
DPB1*11:01	E3	93	93	TC	A		QPKVNVSPSKKGPLQHHNLLVCHVTDFYPGSIQVRWFLNGQEETAGVVSTNLIRNGDWTFQILVMLEMTPQQGDVYICQVEHTSLDSPVTVEW
DPB1*11:01	E4	36	36	AG	G		AQSDSARSKTLTGAGGFVLGLIICGVGIFMHRRSKK
DPB1*120:01N	E2	87	87	AG	G		NYLFXGRQECYAFNGTQRFLERYIYNREEFARFDSDVGEFRAVTELGRPAAEYWNSQKDILEEKRAVPDRMCRHNYELGGPMTLQRR
DPB1*121:01	E2	87	87	AG	G		NYLFQGRQECYAFNGTQRFLERYIYNREEFARFYSDVGEFRAVTELGRPAAEYWNSQKDILEEKRAVPDRMCRHNYELGGPMTLQRR
DPB1*121:01	E3	93	93	TC	A		QPRVNVSPSKKGPLQHHNLLVCHVTDFYPGSIQVRWFLNGQEETAGVVSTNLIRNGDWTFQILVMLEMTPQQGDVYTCQVEHTSLDSPVTVEW
DPB1*122:01	E2	87	87	AG	G		NYVYQGRQECYAFNGTQRFLERYIYNREEYARFDSDVGEFRAVTELGRPDEEYWNSQKDILEEKRAVPDRVCRHNYELDEAVTLQRR
DPB1*123:01	E2	87	87	AG	G		NYLFQGRQEGYAFNGTQRFLERYIYNREEFVRFDSDVGEFRAVTELGRPDEEYWNSQKDILEEERAVPDRMCRHNYELGGPMTLQRR
DPB1*123:01	E3	93	93	TC	A		QPRVNVSPSKKGPLQHHNLLVCHVTDFYPGSIQVRWFLNGQEETAGVVSTNLIRNGDWTFQILVMLEMTPQQGDVYTCQVEHTSLDSPVTVEW
DPB1*124:01	E2	87	87	AG	G		NYVYQLRQECYAFNGTQRFLERYIYNREEFVRFDSDVGEFRAVTELGRPDEDYWNSQKDLLEEKRAVPDRVCRHNYELDEAVTLQRR
DPB1*124:01	E3	93	93	TC	A		QPRVNVSPSKKGPLQHHNLLVCHVTDFYPGSIQVRWFLNGQEETAGVVSTNLIRNGDWTFQILVMLEMTPQQGDVYTCQVEHTSLDSPVTVEW
DPB1*125:01	E2	87	87	AG	G		NYVHQLRQECYAFNGTQRFLERYIYNREEFARFDSDVGEFRAVTELGRPAAEYWNSQKDILEEKRAVPDRVCRHNYELDEAVTLQRR
DPB1*126:01	E2	87	87	AG	G		NYLFQGRQECYAFNGTQRFLERYIYNREEFARFDSDVGEFRAVTELGRPAAEYWNSQKDILEEKRAVPDRMCRHNYELGGPMTLQRR
DPB1*126:01	E3	93	93	TC	A		QPRVNVSPSKKGPLQHHNLLVCHVTDFYPGSIQVRWFLNGQEETAGVVSTNLIRNGDWTFQILVMLEMTPQQGDVYTCQVEHTSMDSPVTVEW
DPB1*127:01	E2	87	87	AG	G		NYVYQGWQECYAFNGTQRFLERYIYNREEYARFDSDVGEFRAVTELGRPAAEYWNSQKDILEEKRAVPDRVCRHNYELDEAVTLQRR
DPB1*128:01	E2	87	87	AG	G		NYLFQGRQECYAFNGTQRFLERYIYNREEFARFDSDVGEFRAVTELGRPAAEYWNSQKDILEEKRAVPDRMRRHNYELGGPMTLQRR
DPB1*129:01	E2	87	87	AG	G		NYVHQLRQECYAFNGTQRFLERYIYNREEFVRFDSDVGEFRAVTELGRPDEEYWNSQKDILEEKRAVPDRMCRHNYELGGPMTLQRR
DPB1*130:01	E2	87	87	AG	G		NYVYQLRQECYAFNGTQRFLERYIYNWEEFVRFDSDVGEFRAVTELGRPDEDYWNSQKDLLEEKRAVPDRMCRHNYELDEAVTLQRR
DPB1*131:01	E1	33	33		G		MMVLQVSAAPRTVALTALLMVLLTSVVQGRATP
DPB1*131:01	E2	87	87	AG	G		NYVHQLRQECYAFNGTQRFLERYIYNREEFVRFDSDVGEFRAVTELGRPDEDYWNSQKDILEEERAVPDRMCRHNYELDEAVTLQRR
DPB1*131:01	E3	93	93	TC	A		QPKVNVSPSKKGPLQHHNLLVCHVTDFYPGSIQVRWFLNGQEETAGVVSTNLIRNGDWTFQILVMLEMTPQQGDVYICQVEHTSLDSPVTVEW
DPB1*131:01	E4	36	36	AG	G		AQSDSAQSKTLTGAGGFVLGLIICGVGIFMHRRSKK
DPB1*132:01	E2	87	87	AG	G		NYVYQLRQECYAFNGTQRFLERYIYNREEFVRFDSDVGEFRAVTELGRPDEDYWNSQKDILEEKRAVPDRVCRHNYELDEAVTLQRR
DPB1*132:01	E3	93	93	TC	A		QPKVNVSPSKKGPLQHHNLLVCHVTDFYPGSIQVRWFLNGQEETAGVVSTNLIRNGDWTFQILVMLEMTPQQGDVYICQVEHTSLDSPVTVEW
DPB1*133:01	E2	87	87	AG	G		NYVYQLRQECYAFNGTQRFLERYIYNREEYARFDSDVGEFRAVTELGRPAAEYWNSQKDILEEERAVPDRICRHNYELDEAVTLQRR
DPB1*133:01	E3	93	93	TC	A		QPRVNVSPSKKGPLQHHNLLVCHVTDFYPGSIQVRWFLNGQEETAGVVSTNLIRNGDWTFQILVMLEMTPQQGDVYTCQVEHTSLDSPVTVEW
DPB1*134:01	E2	87	87	AG	G		NYLFQGRQECYAFNGTQRFLERYIYNREEFARFDSDVGEFRAVTELGRPAAEYWNSQKDILEEKRAVPDRMCTHNYELGGPMTLQRR
DPB1*134:01	E3	93	93	TC	A		QPRVNVSPSKKGPLQHHNLLVCHVTDFYPGSIQVRWFLNGQEETAGVVSTNLIRNGDWTFQILVMLEMTPQQGDVYTCQVEHTSLDSPVTVEW
DPB1*135:01	E2	87	87	AG	G		NYLFQGRQECYAFNGTQRFLERYIYNREELVRFDSDVGEFRAVTELGRPEAEYWNSQKDILEEKRAVPDRMCRHNYELDEAVTLQRR
DPB1*135:01	E3	93	93	TC	A		QPKVNVSPSKKGPLQHHNLLVCHVTDFYPGSIQVRWFLNGQEETAGVVSTNLIRNGDWTFQILVMLEMTPQQGDVYICQVEHTSLDSPVTVEW
DPB1*135:01	E4	36	36	AG	G		AQSDSARSKTLTGAGGFVLGLIICGVGIFMHRRSKK
DPB1*136:01	E2	87	87	AG	G		NYVYQLRQECYAFNGTQRFLERYIYNREEFVRFDSDVGEFRAVTELGRPDEEYWNSQKDLLEERRAVPDRMCRHNYELDEAVTLQRR
DPB1*136:01	E3	93	93	TC	A		QPKVNVSPSKKGPLQHHNLLVCHVTDFYPGSIQVRWFLNGQEETAGVVSTNLIRNGDWTFQILVMLEMTPQQGDVYICQVEHTSLDSPVTVEW
DPB1*136:01	E4	36	36	AG	G		AQSDSARSKTLTGAGGFVLGLIICGVGIFMHRRSKK
DPB1*137:01	E2	87	87	AG	G		NYVHQLRQECYAFNGTQRFLERYIYNREEFVRFDSDVGEFRAVTELGRPDEEYWNSQKDILEEERAVPDRMCRHNYELDEAVTLQRR
DPB1*137:01	E3	93	93	TC	A		QPRVNVSPSKKGPLQHHNLLVCHVTDFYPGSIQVRWFLNGQEETAGVVSTNLIRNGDWTFQILVMLEMTPQQGDVYTCQVEHTSLDSPVTVEW
DPB1*138:01	E2	87	87	AG	G		NYLFQGRQECYAFNGTQRFLERYIYNREEFVRFDSDVGEFRAVTELGRPAAEYWNSQKDILEEKRAVPDRMCRHNYELGGPMTLQRR
DPB1*138:01	E3	93	93	TC	A		QPRVNVSPSKKGPLQHHNLLVCHVTDFYPGSIQVRWFLNGQEETAGVVSTNLIRNGDWTFQILVMLEMTPQQGDVYTCQVEHTSMDSPVTVEW
DPB1*138:01	E4	36	36	AG	G		AQSDSARSKTLTGAGGFVLGLIICGVGIFMHRRSKK
DPB1*139:01	E2	87	87	AG	G		NYLFQGRQECYAFNGTQRFLERYIYNREEFARFDSDVGEFRAVTELGRPEAEYWNSQKDLLEEKRAVPDRMCRHNYELVGPMTLQRR
DPB1*13:01	E1	33	33		G		MMVLQVSAAPRTVALTALLMVLLTSVVQGRATP
DPB1*13:01	E2	87	87	AG	G		NYVYQLRQECYAFNGTQRFLERYIYNREEYARFDSDVGEFRAVTELGRPAAEYWNSQKDILEEERAVPDRICRHNYELDEAVTLQRR
DPB1*13:01	E3	93	93	TC	A		QPKVNVSPSKKGPLQHHNLLVCHVTDFYPGSIQVRWFLNGQEETAGVVSTNLIRNGDWTFQILVMLEMTPQQGDVYICQVEHTSLDSPVTVEW
DPB1*13:01	E4	36	36	AG	G		AQSDSARSKTLTGAGGFVLGLIICGVGIFMHRRSKK
DPB1*140:01	E2	87	87	AG	G		NYLFQGRQECYAFNGTQRFLERYIYNREELVRFDSDVGEFRAVTELGRPEAEYWNSQKDILEEKRAVPDRMCRHNYELDEAVTLQRP
DPB1*141:01	E2	87	87	AG	G		NYLFQGRQECYAFNGTQRFLERYIYNREEFVRFDSDVGEFRAVTELGRPDEEYWNSQKDILEEERAVPDRMCRHNYELGGPMTLQRR
DPB1*141:01	E3	93	93	TC	A		QPRVNVSPSKKGPLQHHNLLVCHVTDFYPGSIQVQWFLNGQEETAGVVSTNLIRNGDWTFQILVMLEMTPQQGDVYTCQVEHTSLDSPVTVEW
DPB1*142:01	E2	87	87	AG	G		NYVYQLRQECYAFNGTQRFLERYIYNREEYARFDSDVGEFRAVTELGRPAAEYWNSQKDLLEEKRAVPDRVCRHNYELDEAVTLQRR
DPB1*143:01	E2	87	87	AG	G		NYLLQGRQECYAFNGTQRFLERYIYNREEFVRFDSDVGEFRAVTELGRPDEEYWNSQKDILEEKRAVPDRMCRHNYELGGPMTLQRR
DPB1*144:01	E2	87	87	AG	G		NYLFQGRQECYAFNGTQHFLERYIYNREEFVRFDSDVGEFRAVTELGRPDEEYWNSQKDILEEKRAVPDRMCRHNYELGGPMTLQRR
DPB1*145:01	E2	87	87	AG	G		NYLFQGRQECYAFNGTQRFLQRYIYNREEFVRFDSDVGEFRAVTELGRPDEEYWNSQKDILEEERAVPDRMCRHNYELGGPMTLQRR
DPB1*146:01	E2	87	87	AG	G		NYLFQGRQECYAFNGTQRFLERYSYNREEFVRFDSDVGEFRAVTELGRPDEEYWNSQKDILEEERAVPDRMCRHNYELGGPMTLQRR
DPB1*147:01	E2	87	87	AG	G		NYLFQGRQECYAFNGTQRFLERYIYNRQEYARFDSDVGEFRAVTELGRPAAEYWNSQKDLLEERRAVPDRMCRHNYELDEAVTLQRR
DPB1*148:01	E2	87	87	AG	G		NYLFQGRQECYAFNGTQRFLERYIYNREELVRFDSDVGEFRAVTELGRPEEEYWNSQKDILEEERAVPDRMCRHNYELGGPMTLQRR
DPB1*149:01	E2	87	87	AG	G		NYLFQGRQECYAFNGTQRFLERYIYNREEFARFDSDVGEFRTVTELGRPAAEYWNSQKDILEEKRAVPDRMCRHNYELGGPMTLQRR
DPB1*14:01	E1	33	33		G		MMVLQVSAAPRTVALTALLMVLLTSVVQGRATP
DPB1*14:01	E2	87	87	AG	G		NYVHQLRQECYAFNGTQRFLERYIYNREEFVRFDSDVGEFRAVTELGRPDEDYWNSQKDLLEEKRAVPDRVCRHNYELDEAVTLQRR
DPB1*14:01	E3	93	93	TC	A		QPKVNVSPSKKGPLQHHNLLVCHVTDFYPGSIQVRWFLNGQEETAGVVSTNLIRNGDWTFQILVMLEMTPQQGDVYICQVEHTSLDSPVTVEW
DPB1*14:01	E4	36	36	AG	G		AQSDSARSKTLTGAGGFVLGLIICGVGIFMHRRSKK
DPB1*150:01	E2	87	87	AG	G		NYLFQGRQECYAFNGTQRFLERYIYNREEFARFDSDVGEFRAVTELGRPAAEYWNSQKDILEEKRAVPDRVCRHNYELDEAVTLQRR
DPB1*151:01	E2	87	87	AG	G		NYLFQGRQECYAFNGTQRFLERYIYNREEFVRFESDVGEFRAVTELGRPDEEYWNSQKDILEEERAVPDRMCRHNYELGGPMTLQRR
DPB1*152:01	E2	87	87	AG	G		NYLFQGRQECYAFNGTQRFLERYIYNREEFVRFDSDVGEFRAVTELGRPDEDYWNSQKDLLEEERAVPDRMCRHNYELDEAVTLQRR
DPB1*153:01	E2	87	87	AG	G		NYLFQGRQECYAFNGTQRFLERYIYNREEFVRFDSDVGEFRAVTELGRPDEEYWNSQKDILEEKRAVPDRMCRHNYELGGPMTLERR
DPB1*154:01N	E2	87	87	AG	G		NYLFQGRQECYAFNGTQRFLERYIYNREEFVRFDSDVGEFRAVTELGRPDEEYWNSXKDILEEERAVPDRMCRHNYELGGPMTLQRR
DPB1*155:01	E2	87	87	AG	G		NYLFQGRQECYAFNGTQRFLERYIYNREEFVLFDSDVGEFRAVTELGRPDEEYWNSQKDILEEERAVPDRMCRHNYELGGPMTLQRR
DPB1*156:01	E2	87	87	AG	G		NYVHQLRQECYAFNGTQRFLERYIYNREEFARFDSDVGEFRAVTELGRPDEDYWNSQKDILEEERAVPDRMCRHNYELDEAVTLQRR
DPB1*157:01	E2	87	87	AG	G		NYVHQLRQECYAFNGTQRFLERYIYNREEFVRFDSDVGEFRAVTELGQPDEDYWNSQKDILEEERAVPDRVCRHNYELDEAVTLQRR
DPB1*158:01	E2	87	87	AG	G		NYVYQGRQECYAFNGTQRFLERYIYNREEYARFDSDVGEFRAVTELGRPAAEYWNSQKDILEEKRAVPDRMCRHNYELGGPMTLQRR
DPB1*159:01N	E2	87	87	AG	G		NYVYQGRQECYAFNGTQRFLERYIYNREEYARFDSDVGEFRAVTELGRPAAEYWNSQKDILEEKRAVPDRVCRHNYELDEAVTLQRX
DPB1*15:01	E1	33	33		G		MMVLQVSAAPRTVALTALLMVLLTSVVQGRATP
DPB1*15:01	E2	87	87	AG	G		NYVYQGRQECYAFNGTQRFLERYIYNRQEYARFDSDVGEFRAVTELGRPAAEYWNSQKDLLEERRAVPDRMCRHNYELVGPMTLQRR
DPB1*15:01	E3	93	93	TC	A		QPKVNVSPSKKGPLQHHNLLVCHVTDFYPGSIQVRWFLNGQEETAGVVSTNLIRNGDWTFQILVMLEMTPQQGDVYICQVEHTSLDSPVTVEW
DPB1*15:01	E4	36	36	AG	G		AQSDSARSKTLTGAGGFVLGLIICGVGTFMHRRSKK
DPB1*160:01	E2	87	87	AG	G		NYVYQLRQECYAFNGTQRFLERYIYNREEYARFDSDVGEFRAVTELGRPAAEYWNSQKDILEEERAVPDRICRHNYELDQAVTLQRR
DPB1*161:01N	E2	87	87	AG	G		NYVYQLRQECYAFNGTQRFLERYIYNREEFVRFDSDVGEFRAVTELGRPDEDYWNSQKDLLEEERAVPDRMCRHNYELDXAVTLQRR
DPB1*162:01	E2	87	87	AG	G		NYVYQGRQECYAFNGTQRFLERYIYNREEYARFDSDVGEFRAVTELGRPAAEYWNSQKDILEEKRAVPDRVCRHNYELDEAVTLQRR
DPB1*162:01	E3	93	93	TC	A		QPRVNVSPSKKGPLQHHNLLVCHVTDFYPGSIQVRWFLNGQEETAGVVSTNLIRNGDWTFQILVMLEMTPQQGDVYTCQVEHTSLDSPVTVEW
DPB1*162:01	E4	36	36	AG	G		AQSDSARSKTLTGAGGFVLGLIICGVGIFMHRRSKK
DPB1*163:01	E2	87	87	AG	G		NYLFQGRQECYAFNGTQRFLERYIYNREEFVRFDSDVGEFRAVTELGRPDEEYWNSQKDILEEERAVPDRMCRHNYELGGPMTLQGR
DPB1*164:01	E2	87	87	AG	G		NYVYQLRQECYAFNGTQRFLERYIYNREEFVRFDSDVGEFRAVTELGRPDEDYWNSQKDLLEEKRAVPDRMCRHNYELGGPMTLQRR
DPB1*165:01	E2	87	87	AG	G		NCLFQGRQECYAFNGTQRFLERYIYNREEFVRFDSDVGEFRAVTELGRPDEEYWNSQKDILEEERAVPDRMCRHNYELDEAVTLQRR
DPB1*166:01	E2	87	87	AG	G		NYLFQGRQECYAFNGTQRFLERYIYNREEFVRFDSDVGEFRAVTELGRPDEDYWNSQKDLLEEERAVPDRICRHNYELDEAVTLQRR
DPB1*167:01	E2	87	87	AG	G		NYVHQLRQECYAFNGTQRFLERYIYNREEFVRFDSDVGEFRAVTELGRPDEEYWNSQKDLLEEERAVPDRVCRHNYELDEAVTLQRR
DPB1*168:01	E2	87	87	AG	G		NYVHQLRQECYAFNGTQRFLERYIYNREEFVRFDSDVGEFRAVTELGRPDEDYWNSQKDILEEERAVPDRMCRHNYELDEAVTLQRR
DPB1*168:01	E3	93	93	TC	A		QPRVNVSPSKKGPLQHHNLLVCHVTDFYPGSIQVRWFLNGQEETAGVVSTYLIRNGDWTFQILVMLEMTPQQGDVYTCQVEHTSLDSPVTVEW
DPB1*169:01	E2	87	87	AG	G		NYLFQGRQECYAVNGTQRFLERYIYNREEFARFDSDVGEFRAVTELGRPAAEYWNSQKDILEEKRAVPDRMCRHNYELGGPMTLQRR
DPB1*16:01	E1	33	33		G		MMVLQVSAAPRTVALTALLMVLLTSVVQGRATP
DPB1*16:01	E2	87	87	AG	G		NYLFQGRQECYAFNGTQRFLERYIYNREEFVRFDSDVGEFRAVTELGRPDEEYWNSQKDILEEERAVPDRMCRHNYELDEAVTLQRR
DPB1*16:01	E3	93	93	TC	A		QPKVNVSPSKKGPLQHHNLLVCHVTDFYPGSIQVRWFLNGQEETAGVVSTNLIRNGDWTFQILVMLEMTPQQGDVYICQVEHTSLDSPVTVEW
DPB1*16:01	E4	36	36	AG	G		AQSDSARSKTLTGAGGFVLGLIICGVGIFMHRRSKK
DPB1*170:01	E2	87	87	AG	G		NYLFQGRQECYAFNGTQRFLERYIYNREELVRFDSDVGEFRAVTELGRPEAEYWNSQKDILEEKREVPDRMCRHNYELDEAVTLQRR
DPB1*171:01	E2	87	87	AG	G		NYLFQGRQECYAFNGTQRFLERYIYNREELVRFDSDVGEFRAVTELGRPEAEYWNSQKDILEEKRAVPDRMCRHNYEVDEAVTLQRR
DPB1*172:01	E2	87	87	AG	G		NYLFQGRQECYAFNGTQRFLERYIYNREEYARFDSDVGEFRAVTELGRPDEEYWNSQKDILEEERAVPDRMCRHNYELGGPMTLQRR
DPB1*173:01	E2	87	87	AG	G		NYLFQGRQECYAFNGTQRFLERYIYNREEYARFDSDVGEFRAVTELGRPAAEYWNSQKDILEEERAVPDRICRHNYELDEAVTLQRR
DPB1*174:01	E2	87	87	AG	G		NYLFQGRQECYAFNGTQRFLERYIYNREEFARFDSDVGEIRAVTELGRPAAEYWNSQKDILEEKRAVPDRMCRHNYELGGPMTLQRR
DPB1*175:01	E2	87	87	AG	G		NYLFQGRQECYAFNGTQRFLERYIYNREEFARFDSDVGEFRAVTELGRPAAEYCNSQKDILEEKRAVPDRMCRHNYELGGPMTLQRR
DPB1*176:01	E2	87	87	AG	G		NYLFQGRQECYAFNGTQRFLERYIYNREEFARFDSDVGEFRAVTELGRPAAEYWNSQKDILKEKRAVPDRMCRHNYELGGPMTLQRR
DPB1*177:01	E2	87	87	AG	G		NYLFQGRQECYAFNGTQRFLERYIYNREEFARFDSDVGEFRAVTELGRPAAEYWNSQKDILEEKRAVPDRMCRHNYELSGPMTLQRR
DPB1*178:01	E2	87	87	AG	G		NYLFQGRQECYAFNGTQRFLERYIYNREEFARFDSDVGEFRAVTELGRPAAEYWNSQKDILEEKRAVPDRMCRHNYELGGPVTLQRR
DPB1*179:01	E2	87	87	AG	G		NYLFQGRQECYAFNGTQRFLERYIYNREEFARFDSDVGEFRAVTELGRPAAEYWNSQKDLLEERRAVPDRMCRHNYELGGPMTLQRR
DPB1*17:01	E1	33	33		G		MMVLQVSAAPRTVALTALLMVLLTSVVQGRATP
DPB1*17:01	E2	87	87	AG	G		NYVHQLRQECYAFNGTQRFLERYIYNREEFVRFDSDVGEFRAVTELGRPDEDYWNSQKDILEEERAVPDRMCRHNYELDEAVTLQRR
DPB1*17:01	E3	93	93	TC	A		QPRVNVSPSKKGPLQHHNLLVCHVTDFYPGSIQVRWFLNGQEETAGVVSTNLIRNGDWTFQILVMLEMTPQQGDVYTCQVEHTSLDSPVTVEW
DPB1*17:01	E4	36	36	AG	G		AQSDSARSKTLTGAGGFVLGLIICGVGIFMHRRSKK
DPB1*180:01	E2	87	87	AG	G		NYLFQGRQECYAFNGTQRFLERYIYNREEFARFDSDVGEFRAVTELGRPAAEYWNSQTDILEEKRAVPDRMCRHNYELGGPMTLQRR
DPB1*181:01	E2	87	87	AG	G		NYLFQGRQECYAFNGTQRFLERYIYNREEFARFDSDVGEFRAVTEVGRPAAEYWNSQKDILEEKRAVPDRMCRHNYELGGPMTLQRR
DPB1*182:01	E2	87	87	AG	G		NYLFQGRQECYAFNGTQRFLERYIYNREEFVRFDSDVGEFRAVTELGRPDEDYWNSQKDILEEERAVPDRMCRHNYELDEAVTLQRR
DPB1*183:01	E2	87	87	AG	G		NYLFQGRQECYAFNGTQRFLERYIYNREEFVRFDSDVGEFRAVTELGRPDEEYWNSQKDIPEEKRAVPDRMCRHNYELGGPMTLQRR
DPB1*184:01	E2	87	87	AG	G		NYLFQGRQECYAFNGTQRFLERYIYNREEFVRFDSDVGEFRAVTELGRPDEEYWNSQKDILEEKRAVPDRMCRHNYELDEAVTLQRR
DPB1*185:01	E2	87	87	AG	G		NYLFQGRQECYAFNGTQRFLERYIYNREEFVRFDSDVGEFRAVTELGRPDEEYWNSQKDILEEKRAVPDRMCRHNYELGGPMILQRR
DPB1*186:01	E2	87	87	AG	G		NYLFQGRQECYAFNGTQRFLERYIYNREEFVRFDSDVGEFRAVTELGRPDEEYWNSQKDILEEERAVPDRMCRHSYELGGPMTLQRR
DPB1*187:01	E2	87	87	AG	G		NYLFQGRQECYAFNGTQRFLERYIYNREEFVRFDSDVGEFRAVTELGRPDEEYWNSQKDILEEERAVPDRMFRHNYELGGPMTLQRR
DPB1*188:01	E2	87	87	AG	G		NYLFQGRQECYAFNGTQRFLERYIYNREEFVRFDSDVGEFRAVTELGRPDEEYWNSQKDILEEERAVPDRVCRHNYELGGPMTLQRR
DPB1*189:01	E2	87	87	AG	G		NYLFQGRQECYAFNGTQRFLERYIYNREEFVRFDSDVGEFRAVTELGRPDEEYWNSQKDLLEEERAVPDRMCRHNYELGGPMTLQRR
DPB1*18:01	E1	33	33		G		MMVLQVSAAPRTVALTALLMVLLTSVVQGRATP
DPB1*18:01	E2	87	87	AG	G		NYVYQGRQECYAFNGTQRFLERYIYNREEFVRFDSDVGEFRAVTELGRPDEEYWNSQKDILEEKRAVPDRMCRHNYELVGPMTLQRR
DPB1*18:01	E3	93	93	TC	A		QPKVNVSPSKKGPLQHHNLLVCHVTDFYPGSIQVRWFLNGQEETAGVVSTNLIRNGDWTFQILVMLEMTPQQGDVYICQVEHTSLDSPVTVEW
DPB1*18:01	E4	36	36	AG	G		AQSDSARSKTLTGAGGFVLGLIICGVGTFMHRRSKK
DPB1*190:01	E2	87	87	AG	G		NYLFQGRQECYAFNGTQRFLERYIYNREEFVRFDSDVGEFRAVTELGRPAEEYWNSQKDILEEKRAVPDRMCRHNYELGGPMTLQRR
DPB1*191:01	E2	87	87	AG	G		NYLFQGRQECYAFNGTQRFLERYIYNWEEFVRFDSDVGEFRAVTELGRPDEEYWNSQKDILEEERAVPDRMCRHNYELGGPMTLQRR
DPB1*192:01	E2	87	87	AG	G		NYLFQGRQECYAFNGTQRFLERYIYSREEFARFDSDVGEFRAVTELGRPAAEYWNSQKDILEEKRAVPDRMCRHNYELGGPMTLQRR
DPB1*193:01	E2	87	87	AG	G		NYLFQGRQECYAFNGTQRFVERYIYNREEFARFDSDVGEFRAVTELGRPAAEYWNSQKDILEEKRAVPDRMCRHNYELGGPMTLQRR
DPB1*194:01	E2	87	87	AG	G		NYLFQGRQECYAFNGTQRLLERYIYNREEFARFDSDVGEFRAVTELGRPAAEYWNSQKDILEEKRAVPDRMCRHNYELGGPMTLQRR
DPB1*195:01	E2	87	87	AG	G		NYLFQGRQECYAFNGTRRFLERYIYNREEFARFDSDVGEFRAVTELGRPAAEYWNSQKDILEEKRAVPDRMCRHNYELGGPMTLQRR
DPB1*196:01	E2	87	87	AG	G		NYLFQGWQECYAFNGTQRFLERYIYNREEFVRFDSDVGEFRAVTELGRPDEEYWNSQKDILEEERAVPDRMCRHNYELGGPMTLQRR
DPB1*197:01	E2	87	87	AG	G		NYVHQLRQECYAFNGTQRFLERYIYNREEFVRFDSDVGEFRAVTELGRPDEDYWNSQKDLLEEKRAVPDRICRHNYELDEAVTLQRR
DPB1*198:01	E2	87	87	AG	G		NYVYQGRQECYAFNGTQRFLERYIYNRQEYARFDSDVGEFRAVTELGRPDEEYWNSQKDILEEERAVPDRMCRHNYELVGPMTLQRR
DPB1*199:01	E2	87	87	AG	G		NYVYQGRQECYAFNGTQRFLERYIYNREEFARFDSDVGEFRAVTELGRPAAEYWNSQKDILEEKRAVPDRMCRHNYELGGPMTLQRR
DPB1*19:01	E1	33	33		G		MMVLQVSAAPRTVALTALLMVLLTSVVQGRATP
DPB1*19:01	E2	87	87	AG	G		NYLFQGRQECYAFNGTQRFLERYIYNREEFVRFDSDVGEFRAVTELGRPEAEYWNSQKDILEEERAVPDRICRHNYELDEAVTLQRR
DPB1*19:01	E3	93	93	TC	A		QPKVNVSPSKKGPLQHHNLLVCHVTDFYPGSIQVRWFLNGQEETAGVVSTNLIRNGDWTFQILVMLEMTPQQGDVYICQVEHTSLDSPVTVEW
DPB1*19:01	E4	36	36	AG	G		AQSDSARSKTLTGAGGFMLGLIICGVGIFMHRRSKK
DPB1*200:01	E2	87	87	AG	G		NYVYQGRQECYAFNGTQRFLERYIYNREEFVRFDSDVGEFRAVTELGRPDEEYWNSQKDILEEERAVPDRMCRHNYELGGPMTLQRR
DPB1*201:01	E2	87	87	AG	G		NYVYQGRQECYAFNGTQRFLERYIYNREEFVRFDSDVGEFRAVTELGRPAAEYWNSQKDILEEKRAVPDRVCRHNYELDEAVTLQRR
DPB1*202:01	E2	87	87	AG	G		NYVYQLRQECYAFNGTQRFLERYIYNRQEYARFDSDVGEFRAVTELGQPAAEYWNSQKDLLEERRAVPDRMCRHNYELDEAVTLQRR
DPB1*203:01	E2	87	87	AG	G		NYVYQLRQECYAFNGTQRFLERYIYNRQEYARFDSDVGEFRAVTELGRPDEDYWNSQKDLLEEKRAVPDRVCRHNYELDEAVTLQRR
DPB1*204:01	E2	87	87	AG	G		NYVYQLRQECYAFNGTQRFLERYIYNRQEYARFDSDVGEFRAVTELGRPDEEYWNSQKDLLEERRAVPDRMCRHNYELDEAVTLQRR
DPB1*205:01	E2	87	87	AG	G		NYVYQLRQECYAFNGTQRFLERYIYNRQEYARFDSDVGEFRAVTELGRPDEDYWNSQKDLLEERRAVPDRMCRHNYELDEAVTLQRR
DPB1*206:01	E2	87	87	AG	G		NYVYQLRQECYAFNGTQRFLERYIYNREEYARFDSDVGEFRAVTELGRPAAEYWNSQKDILEEERAVPDRMCRHNYELDEAVTLQRR
DPB1*207:01	E2	87	87	AG	G		NYVYQLRQECYAFNGTQRFLERYIYNREEFARFDSDVGEFRAVTELGRPAAEYWNSQKDLLEERRAVPDRMCRHNYELDEAVTLQRR
DPB1*208:01	E2	87	87	AG	G		NYVYQLRQECYAFNGTQRFLERYIYNREEFVRFDSDGGEFRAVTELGRPDEDYWNSQKDLLEEERAVPDRMCRHNYELDEAVTLQRR
DPB1*209:01	E2	87	87	AG	G		NYVYQLRQECYAFNGTQRFLERYIYNREEFVRFDSDVGEFRAVTELGRPAAEYWNSQKDILEEKRAVPDRVCRHNYELDEAVTLQRR
DPB1*20:01	E2	87	87	AG	*		NYVYQLRQECYAFNGTQRFLERYIYNREEFVRFDSDVGEFRAVTELGRPDEDYWNSQKDLLEEKRAVPDRMCRHNYELDEAVTLQRR
DPB1*20:01	E2	87	87	AG	G		NYVYQLRQECYAFNGTQRFLERYIYNREEFVRFDSDVGEFRAVTELGRPDEDYWNSQKDLLEEKRAVPDRMCRHNYELDEAVTLQRR
DPB1*20:01	E3	93	93	TC	A		QPKVNVSPSKKGPLQHHNLLVCHVTDFYPGSIQVRWFLNGQEETAGVVSTNLIRNGDWTFQILVMLEMTPQQGDVYICQVEHTSLDSPVTVEW
DPB1*210:01	E2	87	87	AG	G		NYLFQGPQECYAFNGTQRFLERYIYNREEFVRFDSDVGEFRAVTELGRPDEEYWNSQKDILEEKRAVPDRMCRHNYELGGPMTLQRR
DPB1*211:01	E2	87	87	AG	G		NYLFQGPQECYAFNGTQRFLERYIYNREEFVRFDSDVGEFRAVTELGRPDEEYWNSQKDILEEERAVPDRMCRHNYELGGPMTLQRR
DPB1*212:01	E2	87	87	AG	G		NYLFQGRQECYAFNRTQRFLERYIYNREEFARFDSDVGEFRAVTELGRPAAEYWNSQKDILEEKRAVPDRMCRHNYELGGPMTLQRR
DPB1*213:01	E2	87	87	AG	G		NYLFQGRQECYAFNGTQRFLERYIYNREEFARFDSDVGELRAVTELGRPAAEYWNSQKDILEEKRAVPDRMCRHNYELGGPMTLQRR
DPB1*214:01	E2	87	87	AG	G		NYLFQGRQECYAFNGTQRFLERYIYNREEFARFDSDVGEFRAVTELGRPDEDYWNSQKDILEEKRAVPDRMCRHNYELGGPMTLQRR
DPB1*215:01	E2	87	87	AG	G		NYLFQGRQECYAFNGTQRFLERYIYNREEFARFDSDVGEFRAVTELGRPAADYWNSQKDILEEKRAVPDRMCRHNYELGGPMTLQRR
DPB1*216:01N	E2	87	87	AG	G		NYLFQGRQECYAFNGTQRFLERYIYNREEFARFDSDVGEFRAVTELGRPAAEYWNSQKDILEEKRAVPDRMCXHNYELGGPMTLQRR
DPB1*217:01	E2	87	87	AG	G		NYLFQGRQECYAFNGTQRFLERYIYNREEFVRFDSDVGEFREVTELGRPDEEYWNSQKDILEEERAVPDRMCRHNYELGGPMTLQRR
DPB1*218:01N	E2	87	87	AG	G		NYLFQGRQECYAFNGTXRFLERYIYNREEFVRFDSDVGEFRAVTELGRPDEEYWNSQKDILEEERAVPDRMCRHNYELGGPMTLQRR
DPB1*219:01	E2	87	87	AG	G		NYLFRGRQECYAFNGTQRFLERYIYNREEFVRFDSDVGEFRAVTELGRPDEEYWNSQKDILEEKRAVPDRMCRHNYELGGPMTLQRR
DPB1*21:01	E1	33	33		G		MMVLQVSAAPRTVALTALLMVLLTSVVQGRATP
DPB1*21:01	E2	87	87	AG	G		NYVYQLRQECYAFNGTQRFLERYIYNREELVRFDSDVGEFRAVTELGRPEAEYWNSQKDILEEERAVPDRMCRHNYELDEAVTLQRR
DPB1*21:01	E3	93	93	TC	A		QPKVNVSPSKKGPLQHHNLLVCHVTDFYPGSIQVRWFLNGQEETAGVVSTNLIRNGDWTFQILVMLEMTPQQGDVYICQVEHTSLDSPVTVEW
DPB1*21:01	E4	36	36	AG	G		AQSDSARSKTLTGAGGFVLGLIICGVGIFMHRRSKK
DPB1*220:01	E2	87	87	AG	G		NYVYQGRQECYAFNGTQRFLERDIYNREEYARFDSDVGEFRAVTELGRPAAEYWNSQKDILEEKRAVPDRVCRHNYELDEAVTLQRR
DPB1*221:01	E2	87	87	AG	G		NYVYQLRQECYAFNGTQRFLERYIYNREEFVRFDSDVGEFRAVTELGRPDEDYWNSQKDLLEEKRAVPDGVCRHNYELDEAVTLQRR
DPB1*222:01	E2	87	87	AG	G		NYVYQLRQECYAFNGTQRFLVRYIYNREEFVRFDSDVGEFRAVTELGRPDEDYWNSQKDLLEEKRAVPDRVCRHNYELDEAVTLQRR
DPB1*223:01	E2	87	87	AG	G		NYLSQGRQECYAFNGTQRFLERYIYNREELVRFDSDVGEFRAVTELGRPEAEYWNSQKDILEEKRAVPDRMCRHNYELDEAVTLQRR
DPB1*224:01	E2	87	87	AG	G		NYLFQGQQECYAFNGTQRFLERYIYNREEFARFDSDVGEFRAVTELGRPAAEYWNSQKDILEEKRAVPDRMCRHNYELGGPMTLQRR
DPB1*225:01	E2	87	87	AG	G		NYLFQGRQKCYAFNGTQRFLERYIYNREEFARFDSDVGEFRAVTELGRPAAEYWNSQKDILEEKRAVPDRMCRHNYELGGPMTLQRR
DPB1*226:01	E2	87	87	AG	G		NYLFQGRQECYAFNGTQRFLERYIYNREELVRFDSDVGEFRAVTELGRPEAEYWNSQKDILAEKRAVPDRMCRHNYELDEAVTLQRR
DPB1*227:01	E2	87	87	AG	G		NYLFQGRQECYAFNGTQRFLERYIYNREELARFDSDVGEFRAVTELGRPAAEYWNSQKDILEEKRAVPDRMCRHNYELGGPMTLQRR
DPB1*228:01	E2	87	87	AG	G		NYLFQGRQECYAFNGTQRFLERYIYNREEFARFDSHVGEFRAVTELGRPAAEYWNSQKDILEEKRAVPDRMCRHNYELGGPMTLQRR
DPB1*229:01	E2	87	87	AG	G		NYLFQGRQECYAFNGTQRFLERYIYNREEFARFDSDVGEFRAVTELGRPDEEYWNSQKDFLEEERAVPDRMCRHNYELGGPMTLQRR
DPB1*22:01	E2	87	87	AG	G		NYLFQGRQECYAFNGTQRFLERYIYNREELVRFDSDVGEFRAVTELGRPEAEYWNSQKDILEEERAVPDRMCRHNYELDEAVTLQRR
DPB1*230:01	E2	87	87	AG	G		NYLFQGRQECYAFNGTQRFLERYIYNREEFARFDSDVGEFRAVTELGRPAAEYWNSQKDILEEKRAVPDRMCRHNYELGWPMTLQRR
DPB1*231:01	E2	87	87	AG	G		NYLFQGRQECYAFNGTQRFLERYIYNREEFARFDSDVGEFRAVTELGRPAAEYWNSQKDILEEKRAVPDRMCSHNYELGGPMTLQRR
DPB1*232:01	E2	87	87	AG	G		NYLFQGRQECYAFNGTQRFLERYIYNREEFARFDSDVGEFRAVTELGRPAAEYWSSQKDILEEKRAVPDRMCRHNYELGGPMTLQRR
DPB1*233:01	E2	87	87	AG	G		NYLFQGRQECYAFNGTQRFLERYIYNREEFVRFDSDVGEFRAVTELGRPEAEYWNSQKDILEEKRAVPDRMCRHNYELGGPMTLQRR
DPB1*234:01	E2	87	87	AG	G		NYLFQGRQECYAFNGTQRFLERYIYNREEFVRFDSDVGEFRAVTELGRPDEDYWNSQKDILEEERAVPDRVCRHNYELDEAVTLQRR
DPB1*235:01	E2	87	87	AG	G		NYLFQGRQECYAFNGTQRFLERYIYNREEFVRFDSDVGEFRAVTELGRPDEDYWNSQKDLLEEERAVPDRMCRHNYELGGPMTLQRR
DPB1*236:01	E2	87	87	AG	G		NYLFQGRQECYAFNGTQRFLERYIYNREEFVRFDSDVGEFRAVTELGRPDEEYWNSQKDILEEERAVPDRICRHNYELGGPMTLQRR
DPB1*237:01	E2	87	87	AG	G		NYLFQGRQECYAFNGTQRFLERYIYNREEFVRFDSDVGEFRAVTELGRPDEEYWNSQKDILEEERAVPDRMCRHNYELGGPMTLQRQ
DPB1*238:01	E2	87	87	AG	G		NYLFQGRQECYAFNGTQRFLERYIYNREEFVRFDSDVGEFRAVTELGRPDEEYWNSQKDILEEERAVPDSMCRHNYELGGPMTLQRR
DPB1*239:01	E2	87	87	AG	G		NYLFQGRQECYAFNGTQRFLERYIYNREEFVRFDSDVGEFRAVTELGRPDEEYWNSQKDILEEERAVRDRMCRHNYELGGPMTLQRR
DPB1*23:01	E2	87	87	AG	G		NYLFQGRQECYAFNGTQRFLERYIYNREEFVRFDSDVGEFRAVTELGRPAAEYWNSQKDILEEKRAVPDRMCRHNYELGGPMTLQRR
DPB1*23:01	E3	93	93	TC	A		QPRVNVSPSKKGPLQHHNLLVCHVTDFYPGSIQVRWFLNGQEETAGVVSTNLIRNGDWTFQILVMLEMTPQQGDVYTCQVEHTSLDSPVTVEW
DPB1*240:01	E2	87	87	AG	G		NYLFQGRQECYVFNGTQRFLERYIYNREEFARFDSDVGEFRAVTELGRPAAEYWNSQKDILEEKRAVPDRMCRHNYELGGPMTLQRR
DPB1*241:01	E2	87	87	AG	G		NYVHQLRQECYACNGTQRFLERYIYNREEFVRFDSDVGEFRAVTELGRPDEDYWNSQKDILEEERAVPDRMCRHNYELDEAVTLQRR
DPB1*242:01	E2	87	87	AG	G		NYVHQLRQECYAFNGTQRFLERYIYNREEFVRFDSDVGEFRAVTELGRPDEDYWNSQKDLLEEKRAVPDRVCRHNYELDGAVTLQRR
DPB1*243:01	E2	87	87	AG	G		NYVHQLRQECYAFNGTQRFLERYIYNREEFVRFDSDVGEFRAVTELGRPDEDYWNSQKDLLEEKRAVPDRVCRQNYELDEAVTLQRR
DPB1*244:01	E2	87	87	AG	G		NYVHQLRQECYAFNGTQRFLERYIYNREEFVRFDSDVGEFRAVTELGRPAAEYWNSQKDILEEKRAVPDRMCRHNYELDEAVTLQRR
DPB1*245:01	E2	87	87	AG	G		NYVHQLLQECYAFNGTQRFLERYIYNREEFVRFDSDVGEFRAVTELGRPDEDYWNSQKDILEEERAVPDRMCRHNYELDEAVTLQRR
DPB1*246:01	E2	87	87	AG	G		NYVYQGRQECYAFNGTQRFLERYIYNREEYARFDSDVGEFRAVTELGRPAAEYWNSQKDILEEERAVPDRICRHNYELDEAVTLQRR
DPB1*247:01	E2	87	87	AG	G		NYVYQGRQECYAFNGTQRFLERYIYNREEYARFDSDVGEFRAVTELGRPAAEYWNSQKDILEEERAVPDRMCRHNYELDEAVTLQRR
DPB1*248:01	E2	87	87	AG	G		NYVYQGRQECYAFNGTQRFLERYIYNREEFVRFDSDVGEFRAVTELGRPDEDYWNSQKDILEEKRAVPDRVCRHNYELDEAVTLQRR
DPB1*249:01	E2	87	87	AG	G		NYVYQGRQECYAFNGTQRFLERYIYNREEFVRFDSDVGEFRAVTELGRPDEDYWNSQKDILEEERAVPDRVCRHNYELDEAVTLQRR
DPB1*24:01	E2	87	87	AG	G		NYLFQGRQECYAFNGTQRFLERYIYNREEFARFDSDVGEFRAVTELGRPEAEYWNSQKDILEEKRAVPDRMCRHNYELGGPMTLQRR
DPB1*250:01	E2	87	87	AG	G		NYVYQLRQECYAFNGTQRFLERYIYNRQEYARFDSDVGQFRAVTELGRPAAEYWNSQKDLLEERRAVPDRMCRHNYELDEAVTLQRR
DPB1*251:01	E2	87	87	AG	G		NYMHQLRQECYAFNGTQRFLERYIYNREEFVRFDSDVGEFRAVTELGRPDEDYWNSQKDILEEERAVPDRMCRHNYELDEAVTLQRR
DPB1*252:01	E2	87	87	AG	G		NYLFQGRQECHAFNGTQRFLERYIYNREEFVRFDSDVGEFRAVTELGRPDEEYWNSQKDILEEKRAVPDRMCRHNYELGGPMTLQRR
DPB1*253:01	E2	87	87	AG	G		NYLFQGRQECYAFNGTQRFLERYIYNREEFARFDSDVGEVRAVTELGRPAAEYWNSQKDILEEKRAVPDRMCRHNYELGGPMTLQRR
DPB1*254:01	E2	87	87	AG	G		NYLFQGRQECYAFNGTQRFLERYIYNREEFARFDSDVGEFRAVTELGRPAVEYWNSQKDILEEKRAVPDRMCRHNYELGGPMTLQRR
DPB1*255:01	E2	87	87	AG	G		NYLFQGRQECYAFNGTQRFLERYIYNREEFALFDSDVGEFRAVTELGRPAAEYWNSQKDILEEKRAVPDRMCRHNYELGGPMTLQRR
DPB1*256:01	E2	87	87	AG	G		NYLFQGRQECYAFNGTQRFLERYIYNREEFVRFDSDVGEFREVTELGRPDEEYWNSQKDILEEKRAVPDRMCRHNYELGGPMTLQRR
DPB1*257:01	E2	87	87	AG	G		NYLFQGRQECYAFNGTQRFLERYIYNREEFVRFDSDVGEFRAATELGRPDEEYWNSQKDILEEKRAVPDRMCRHNYELGGPMTLQRR
DPB1*257:01	E3	93	93	TC	A		QPRVNVSPSKKGPLQHHNLLVCHVTDFYPGSIQVRWFLNGQEETAGVVSTNLIRNGDWTFQILVMLEMTPQQGDVYTCQVEHTSMDSPVTVEW
DPB1*257:01	E4	36	36	AG	G		AQSDSARSKTLTGAGGFVLGLIICGVGIFMHRRSKK
DPB1*258:01	E2	87	87	AG	G		NYLFQGRQECYAFNGTQRFLERYIYNREEFVRFDSDVGEFRAVTELGPPDEEYWNSQKDILEEERAVPDRMCRHNYELGGPMTLQRR
DPB1*259:01	E2	87	87	AG	G		NYLFQGRQECYAFNGTQRFLERYIYNREEFVRFDSDVGEFRAVTELGRPDEDYWNSQKDLLEEKRAVPDRMCRHNYELDEAVTLQRR
DPB1*25:01	E2	87	87	AG	G		NYVYQLRQECYAFNGTQRFLERYIYNREEFVRFDSDVGEFRAVTELGRPDEEYWNSQKDLLEEKRAVPDRVCRHNYELDEAVTLQRR
DPB1*260:01	E2	87	87	AG	G		NYLFQGRQECYAFNGTQRFLERYIYNREEFVRFDSDVGEFRAVTELGRPDEEYWNSQKDILEEKRAVRDRMCRHNYELGGPMTLQRR
DPB1*261:01	E2	87	87	AG	G		NYLFQGRQECYAFNGTQRFLERYIYNREEFVRFDSDVGEFRAVTELGRPDEEYWNSQKDILEEERAVPDRMCRHNYEPGGPMTLQRR
DPB1*262:01	E2	87	87	AG	G		NYLFQGRQECYAFNGTQRFLERYVYNREEFARFDSDVGEFRAVTELGRPAAEYWNSQKDILEEKRAVPDRMCRHNYELGGPMTLQRR
DPB1*263:01	E2	87	87	AG	G		NYLFQGRQECYAFNGTQRFLERYVYNREEFVRFDSDVGEFRAVTELGRPDEEYWNSQKDILEEKRAVPDRMCRHNYELGGPMTLQRR
DPB1*264:01	E2	87	87	AG	G		NYVHQLRQECYAFNGTQRFLERYIYNRQEYARFDSDVGEFRAVTELGRPAAEYWNSQKDLLEERRAVPDRMCRHNYELDEAVTLQRR
DPB1*265:01	E2	87	87	AG	G		NYVHQLRQECYAFNGTQRFLERYIYNREELVRFDSDVGEFRAVTELGRPDEEYWNSQKDILEEERAVPDRVCRHNYELDEAVTLQRR
DPB1*266:01	E2	87	87	AG	G		NYVHQLRQECYAFNGTQRFLERYIYNREEFVRFDSDVGEFRAVTELGRPDEDYWNSQKDLLEEERAVPDRVCRHNYELDEAVTLQRR
DPB1*267:01	E2	87	87	AG	G		NYVYQGPQECYAFNGTQRFLERYIYNREEYARFDSDVGEFRAVTELGRPAAEYWNSQKDILEEKRAVPDRVCRHNYELDEAVTLQRR
DPB1*268:01	E2	87	87	AG	G		NYVYQLRQECYAFNGTQRFLERYIYNRQEYARFDSDVGEFRAVTELGRPAAEYWNSQKDLLEERRAVPDRMCRHNYQLDEAVTLQRR
DPB1*269:01	E2	87	87	AG	G		NYVYQLRQECYAFNGTQRFLERYIYNREEYARFDSDVGEFRAVTELGRPDEEYWNSQKDILEEERAVPDRICRHNYELDEAVTLQRR
DPB1*26:01	E1	33	33		G		MMVLQVSAAPRTVALTALLMVLLTSVVQGRATP
DPB1*26:01	E2	87	87	AG	G		NYVYQLRQECYAFNGTQRFLERYIYNREEYARFDSDVGEFRAVTELGRPAAEYWNSQKDILEEKRAVPDRVCRHNYELDEAVTLQRR
DPB1*26:01	E3	93	93	TC	A		QPKVNVSPSKKGPLQHHNLLVCHVTDFYPGSIQVRWFLNGQEETAGVVSTNLIRNGDWTFQILVMLEMTPQQGDVYICQVEHTSLDSPVTVEW
DPB1*26:01	E4	36	36	AG	G		AQSDSAQSKTLTGAGGFVLGLIICGVGIFMHRRSKK
DPB1*270:01	E2	87	87	AG	G		NYVYQLRQECYAFNGTQRFLERYIYNREEFVRFHSDVGEFRAVTELGRPDEDYWNSQKDLLEEKRAVPDRVCRHNYELDEAVTLQRR
DPB1*271:01	E2	87	87	AG	G		NYVYQLRQECYAFNGTQRFLERYIYNREEFVRFDSDVGEFRAVTELGRPDEEYWNSQKDILEEKRAVPDRMCRHNYELGGPMTLQRR
DPB1*272:01	E2	87	87	AG	G		NYLFQGPQECYAFNGTQRFLERYIYNREEFARFDSDVGEFRAVTELGRPAAEYWNSQKDILEEKRAVPDRMCRHNYELGGPMTLQRR
DPB1*273:01	E2	87	87	AG	G		NYLFQGRQECYAFNATQRFLERYIYNREEFVRFDSDVGEFRAVTELGRPDEEYWNSQKDILEEERAVPDRMCRHNYELGGPMTLQRR
DPB1*274:01	E2	87	87	AG	G		NYLFQGRQECYAFNGTQRFLERYIYNREKFVRFDSDVGEFRAVTELGRPDEEYWNSQKDILEEKRAVPDRMCRHNYELGGPMTLQRR
DPB1*275:01	E2	87	87	AG	G		NYLFQGRQECYAFNGTQRFLERYIYNREEFAPFDSDVGEFRAVTELGRPAAEYWNSQKDILEEKRAVPDRMCRHNYELGGPMTLQRR
DPB1*276:01	E2	87	87	AG	G		NYLFQGRQECYAFNGTQRFLERYIYNREEFARFDSDVGEFRAVTELGQPAAEYWNSQKDILEEKRAVPDRMCRHNYELGGPMTLQRR
DPB1*277:01	E2	87	87	AG	G		NYLFQGRQECYAFNGTQRFLERYIYNREEFARFDSDVGEFRAVTELGRPDEEYWNSQKDILEEERAVPDRMCRHNYELDEAVTLQRR
DPB1*278:01	E2	87	87	AG	G		NYLFQGRQECYAFNGTQRFLERYIYNREEFARFDSDVGEFRAVTELGRPAAEYWNSQKDILEEKRAVPDRICRHNYELGGPMTLQRR
DPB1*279:01	E2	87	87	AG	G		NYLFQGRQECYAFNGTQRFLERYIYNREEFARFDSDVGEFRAVTELGRPAAEYWNSQKDILEEKRAVPDRMCRHNYELGRPMTLQRR
DPB1*27:01	E1	33	33		G		MMVLQVSAAPRTVALTALLMVLLTSVVQGRATP
DPB1*27:01	E2	87	87	AG	G		NYVYQLRQECYAFNGTQRFLERYIYNREEYARFDSDVGEFRAVTELGRPAAEYWNSQKDILEEKRAVPDRMCRHNYELDEAVTLQRR
DPB1*27:01	E3	93	93	TC	A		QPKVNVSPSKKGPLQHHNLLVCHVTDFYPGSIQVRWFLNGQEETAGVVSTNLIRNGDWTFQILVMLEMTPQQGDVYICQVEHTSLDSPVTVEW
DPB1*27:01	E4	36	36	AG	G		AQSDSARSKTLTGAGGFVLGLIICGVGIFMHRRSKK
DPB1*280:01	E2	87	87	AG	G		NYLFQGRQECYAFNGTQRFLERYIYNREEFARFDSDVGEFRAVTELGRPAAEYWNSQKDILEEKRAVPDRMCRHNYELGAPMTLQRR
DPB1*281:01	E2	87	87	AG	G		NYLFQGRQECYAFNGTQRFLERYIYNREEFARFDSDVGEFRAVTELGRPAAEYWNSQKDILEEKRAVPDRMCRHNYELGGPMTLKRR
DPB1*282:01	E2	87	87	AG	G		NYLFQGRQECYAFNGTQRFLERYIYNREEFARFDSDVGEFRAVMELGRPAAEYWNSQKDILEEKRAVPDRMCRHNYELGGPMTLQRR
DPB1*283:01	E2	87	87	AG	G		NYLFQGRQECYAFNGTQRFLERYIYNREEFARFDSYVGEFRAVTELGRPAAEYWNSQKDILEEKRAVPDRMCRHNYELGGPMTLQRR
DPB1*284:01	E2	87	87	AG	G		NYLFQGRQECYAFNGTQRFLERYIYNREEFVRFDSDVGEFRAVTELGRPEAEYWNSQKDILEEKRAVPDRMCRHNYELDEAVTLQRR
DPB1*285:01	E2	87	87	AG	G		NYLFQGRQECYAFNGTQRFLERYIYNREEFVRFDSDVGEFRAVTELGRPDEEYWNSQKDLLEEKRAVPDRVCRHNYELDEAVTLQRR
DPB1*286:01	E2	87	87	AG	G		NYLFQGRQECYAFNGTQRFLERYIYNREEFVRFDSDVGEFWAVTELGRPDEEYWNSQKDILEEKRAVPDRMCRHNYELGGPMTLQRR
DPB1*287:01	E2	87	87	AG	G		NYVHQLRQECYAFNGTQRFLERYIYNREEYARFDSDVGEFRAVTELGRPDEDYWNSQKDILEEERAVPDRMCRHNYELDEAVTLQRR
DPB1*288:01	E2	87	87	AG	G		NYVHQLRQECYAFNGTQRFLERYIYNREEFARFDSDVGEFRAVTELGRPDEDYWNSQKDILEEERAVPDRVCRHNYELDEAVTLQRR
DPB1*289:01	E2	87	87	AG	G		NYVHQLRQDCYAFNGTQRFLERYIYNREEFVRFDSDVGEFRAVTELGRPDEDYWNSQKDILEEERAVPDRVCRHNYELDEAVTLQRR
DPB1*28:01	E2	87	87	AG	G		NYLFQGRQECYAFNGTQRFLERYIYNREEFARFDSDVGEFRAVTELGRPDEEYWNSQKDLLEEKRAVPDRMCRHNYELVGPMTLQRR
DPB1*28:01	E3	93	93	TC	A		QPRVNVSPSKKGPLQHHNLLVCHVTDFYPGSIQVRWFLNGQEETAGVVSTNLIRNGDWTFQILVMLEMTPQQGDVYTCQVEHTSLDSPVTVEW
DPB1*290:01	E2	87	87	AG	G		NYVYQGRQECYAFNGTQRFLERYIYNRQEYARFDSDVGEFRAVTELGRPAAEYWNSQKDILEERRAVPDRMCRHNYELVGPMTLQRR
DPB1*291:01	E2	87	87	AG	G		NYVYQGRQECYAFNGTQRFLERYIYNREEYARFDSDVGEFRAVTELGRPEAEYWNSQKDILEEKRAVPDRVCRHNYELDEAVTLQRR
DPB1*292:01	E2	87	87	AG	G		NYVYQGRQECYAFNGTQRFLERYIYNREEFVRFDSDVGEFRAVTELGRPDEDYWNSQKDILEEKRAVPDRMCRHNYELVGPMTLQRR
DPB1*293:01	E2	87	87	AG	G		NYVYQLRQQCYAFNGTQRFLERYIYNREEFVRFDSDVGEFRAVTELGRPDEDYWNSQKDLLEEKRAVPDRVCRHNYELDEAVTLQRR
DPB1*294:01	E2	87	87	AG	G		NYVYQLRQECYAFNGTQRFLERYIYNREEFARFDSDVGEFRAVTELGRPAAEYWNSQKDILEEKRAVPDRMCRHNYELGGPMTLQRR
DPB1*295:01	E2	87	87	AG	G		NYVYQLRQECYAFNGTQRFLERYIYNREEFVRFDSDVGEFRAVTELGRPAAEYWNSQKDILEEERAVPDRICRHNYELDEAVTLQRR
DPB1*296:01	E2	87	87	AG	G		NYLFQGRQECYAFNGTQRFLERYIYNREEFARFDSDVGEFRAVTELGRPDEEYWNSQKDLLEEKRAVPDRMCRHNYELVGPMTLQRR
DPB1*296:01	E3	93	93	TC	A		QPKVNVSPSKKGPLQHHNLLVCHVTDFYPGSIQVRWFLNGQEETAGVVSTNLIRNGDWTFQILVMLEMTPQQGDVYICQVEHTSLDSPVTVEW
DPB1*296:01	E4	36	36	AG	G		AQSDSARSKTLTGAGGFVLGLIICGVGIFMHRRSKK
DPB1*297:01	E2	87	87	AG	G		NYLFQGRQQCYAFNGTQRFLERYIYNREEFVRFDSDVGEFRAVTELGRPDEEYWNSQKDILEEERAVPDRMCRHNYELGGPMTLQRR
DPB1*298:01	E2	87	87	AG	G		NYLFQGRQECYAFNGTQSFLERYIYNREEFARFDSDVGEFRAVTELGRPAAEYWNSQKDILEEKRAVPDRMCRHNYELGGPMTLQRR
DPB1*299:01	E2	87	87	AG	G		NYLFQGRQECYAFNGTQRFLERYIYNRQEYARFDSDVGEFRAVTELGRPAAEYWNSQKDLLEERRAVPDRMCRHNYELVGPMTLQRR
DPB1*29:01	E2	87	87	AG	G		NYVYQLRQECYAFNGTQRFLERYIYNREEFVRFDSDVGEFRAVTELGRPDEDYWNSQKDLLEEERAVPDRVCRHNYELDEAVTLQRR
DPB1*300:01	E2	87	87	AG	G		NYLFQGRQECYAFNGTQRFLERYIYNREELVRFDSDVGEFRAVTELGRPEAEYWNSQKDILEEKRAVPDRMCRHNYELDEAVTRQRR
DPB1*301:01	E2	87	87	AG	G		NYLFQGRQECYAFNGTQRFLERYIYNREELVRFDSDVGEFRAVTELGRPEAEYWNSQKDILEEKRAVPDRMCRHNYELDEAVTLQHR
DPB1*302:01	E2	87	87	AG	G		NYLFQGRQECYAFNGTQRFLERYIYNREEFARFDSDVGEFRAVTELGRPEAEYWNSQKDILEEERAVPDRMCRHNYELGGPMTLQRR
DPB1*303:01	E2	87	87	AG	G		NYLFQGRQECYAFNGTQRFLERYIYNREEFARFDSDVGEFRAVTELGRPAAEYWNSQKDILEERRAVPDRMCRHNYELGGPMTLQRR
DPB1*304:01	E2	87	87	AG	G		NYLFQGRQECYAFNGTQRFLERYIYNREEFARFDSDVGEFRAVTELGRPAAEYWNSQKDILEEERAVPDRICRHNYELDEAVTLQRR
DPB1*305:01	E2	87	87	AG	G		NYLFQGRQECYAFNGTQRFLERYIYNREEFARFDSDVGEFRAVTELGRPAAEYWNSQKDILEEERAVPDRMCRHNYELDEAVTLQRR
DPB1*306:01	E2	87	87	AG	G		NYLFQGRQECYAFNGTQRFLERYIYNREEFARFDSDVGEFRAVTELGRPAAEYWNSQKDLLEEKRAVPDRVCRHNYELGGPMTLQRR
DPB1*307:01	E2	87	87	AG	G		NYLFQGRQECYAFNGTQRFLERYIYNREEFVSFDSDVGEFRAVTELGRPDEEYWNSQKDILEEKRAVPDRMCRHNYELGGPMTLQRR
DPB1*308:01	E2	87	87	AG	G		NYLFQGRQECYAFNGTQRFLERYIYNREEFVRFDSDVGEFRAVTELGRPDEEYWNSQKDILEEKRAVPDRMCRHNYEMGGPMTLQRR
DPB1*309:01	E2	87	87	AG	G		NYLFQGRQECYAFNGTQRFLERYIYNREEFVRFDSDVGEFRAVTELGRPDEEYWNSQKDLLEERRAVPDRMCRHNYELGGPMTLQRR
DPB1*30:01	E2	87	87	AG	G		NYVHQLRQECYAFNGTQRFLERYIYNREEFVRFDSDVGEFRAVTELGRPEAEYWNSQKDILEEERAVPDRMCRHNYELDEAVTLQRR
DPB1*30:01	E3	93	93	TC	A		QPRVNVSPSKKGPLQHHNLLVCHVTDFYPGSIQVRWFLNGQEETAGVVSTNLIRNGDWTFQILVMLEMTPQQGDVYTCQVEHTSLDSPVTVEW
DPB1*310:01	E2	87	87	AG	G		NYLFQGRQECYAFNGTQRFLERYIYSREEFVRFDSDVGEFRAVTELGRPDEEYWNSQKDILEEERAVPDRMCRHNYELGGPMTLQRR
DPB1*311:01	E2	87	87	AG	G		NYLFQLRQECYAFNGTQRFLERYIYNREEFVRFDSDVGEFRAVTELGRPDEEYWNSQKDILEEERAVPDRMCRHNYELGGPMTLQRR
DPB1*312:01	E2	87	87	AG	G		NYVHQLRQECYAFNGTQRFLERYIYNREEFVRFDSDVGEFRAVTELGRPDEEYWNSQKDILEEKRAVPDRVCRHNYELDEAVTLQRR
DPB1*313:01	E2	87	87	AG	G		NYVHQLRQECYAFNGTQRFLERYIYNREEFVRFDSDVGEFRAVTELGRPDEEYWNSQKDILEEERAVPDRVCRHNYQLDEAVTLQRR
DPB1*314:01	E2	87	87	AG	G		NYVHQLRQECYAFNGTQRFLERYIYNREEFVRFDSDVGEFRAVTELGRPAAEYWNSQKDILEEERAVPDRVCRHNYELDEAVTLQRR
DPB1*315:01	E2	87	87	AG	G		NYVYQGRQECYAFNGTQRFLERYIYNREEYARFDSDVGEFRAVTELGRPVAEYWNSQKDILEEKRAVPDRVCRHNYELDEAVTLQRR
DPB1*316:01	E2	87	87	AG	G		NYVYQGRQECYAFNGTQRFLERYIYNREEFVRFDSDVGEFRAVTELGRPDEEYWNSQKDILEEKRAVPDRVCRHNYELDEAVTLQRR
DPB1*317:01	E2	87	87	AG	G		NYLFQGRQECYAFNGTQRFLERYIYNREELVRFDSDVGEFRAVRELGRPEAEYWNSQKDILEEKRAVPDRMCRHNYELDEAVTLQRR
DPB1*318:01	E2	87	87	AG	G		NYLFQGRQECYAFNGTQRFLERYIYNREEFTRFDSDVGEFRAVTELGRPAAEYWNSQKDILEEKRAVPDRMCRHNYELGGPMTLQRR
DPB1*319:01	E2	87	87	AG	G		NYLFQGRQECYAFNGTQRFLERYIYNREEFARFDSDVGEFRAVTELGRPAAEYWNSQKDIQEEKRAVPDRMCRHNYELGGPMTLQRR
DPB1*31:01	E2	87	87	AG	G		NYLFQGRQECYAFNGTQRFLERYIYNREEFARFDSDVGEFRAVTELGRPAAEYWNSQKDLLEEKRALPDRMCRHNYELDEAVTLQRR
DPB1*320:01	E2	87	87	AG	G		NYLFQGRQECYAFNGTQRFLERYIYNREEFARFDSDVGEFRAVTELGRPAAEYWNSQKDILEEKRGVPDRMCRHNYELGGPMTLQRR
DPB1*321:01	E2	87	87	AG	G		NYLFQGRQECYAFNGTQRFLERYIYNREEFVRFDSDVGEFRAVTELGQPDEEYWNSQKDILEEKRAVPDRMCRHNYELGGPMTLQRR
DPB1*322:01	E2	87	87	AG	G		NYLFQGRQECYAFNGTQRFLERYIYNREEFVRFDSDVGEFRAVTELGRPAAEYWNSQKDLLEERRAVPDRMCRHNYELGGPMTLQRR
DPB1*323:01	E2	87	87	AG	G		NYLFQGRQECYAFSGTQRFLERYIYNREEFARFDSDVGEFRAVTELGRPAAEYWNSQKDILEEKRAVPDRMCRHNYELGGPMTLQRR
DPB1*324:01	E2	87	87	AG	G		NYVHQLRQECYAFNGTQRFLERYIYNREEFVRFDSDVGEFRAVTELGRPDEEYWNSQKDILEEERAVPDRVCRHNYEVDEAVTLQRR
DPB1*325:01	E2	87	87	AG	G		NYVHQLRQECYAFNGTQRFLERYIYNREEFVRFDSDVGEFRAVTELGWPAAEYWNSQKDILEEERAVPDRMCRHNYELDEAVTLQRR
DPB1*326:01	E2	87	87	AG	G		NYVYQGRQECYAFNGTQRFLEKYIYNREEYARFDSDVGEFRAVTELGRPAAEYWNSQKDILEEKRAVPDRVCRHNYELDEAVTLQRR
DPB1*327:01	E2	87	87	AG	G		NYVYQGRQECYAFNGTQRFLERYIYNREEYARFDSDVGEFRAVAELGRPAAEYWNSQKDILEEKRAVPDRVCRHNYELDEAVTLQRR
DPB1*328:01N	E2	87	87	AG	G		NYVYQLRQECYAFNGTQRFLERYIYNRQEYARFDSDVGEFRAVTELGRPAAEYWNSQKDLLEERRAVPDRMCRHNYELDEAVTLQRX
DPB1*329:01	E2	87	87	AG	G		NYVYQLRQECYAFNGIQRFLERYIYNREEFVRFDSDVGEFRAVTELGRPDEDYWNSQKDLLEEKRAVPDRVCRHNYELDEAVTLQRR
DPB1*32:01	E2	87	87	AG	G		NYLFQGRQECYAFNGTQRFLERYIYNREEFVRFDSDVGEFRAVTELGRPDEVYWNSQKDILEEERAVPDRMCRHNYELGGPMTLQRR
DPB1*330:01	E2	87	87	AG	G		NYLFQGRQECYAFNGTQRFLERYIYNREELVRFDSDVGEFRAVTELGRPEAEYWNSQKDILEEKRAVPDRMCRHNYELDAAVTLQRR
DPB1*331:01	E2	87	87	AG	G		NYLFQGRQECYAFNGTQRFLERYIYNREELVRFDSDVGEFRAVTELGRPEAEYWNSQKDILEEKRAVPDGMCRHNYELDEAVTLQRR
DPB1*332:01	E2	87	87	AG	G		NYLFQGRQECYAFNGTQRFLERYIYNREELVRFDSDVGEFRAVTELGRPDEDYWNSQKDILEEERAVPDRMCRHNYELGGPMTLQRR
DPB1*333:01	E2	87	87	AG	G		NYLFQGRQECYAFNGTQRFLERYIYNREELVRFDSDVGEFRAVTELGRPAAEYWNSQKDLLEEKRAVPDRMCRHNYELVGPMTLQRR
DPB1*334:01	E2	87	87	AG	G		NYLFQGRQECYAFNGTQRFLERYIYNREEFARFDSEVGEFRAVTELGRPAAEYWNSQKDILEEKRAVPDRMCRHNYELGGPMTLQRR
DPB1*335:01	E2	87	87	AG	G		NYLFQGRQECYAFNGTQRFLERYIYNREEFARFDSDGGEFRAVTELGRPAAEYWNSQKDILEEKRAVPDRMCRHNYELGGPMTLQRR
DPB1*336:01	E2	87	87	AG	G		NYLFQGRQECYAFNGTQRFLERYIYNREEFARFDSDVGEFRAVTQLGRPAAEYWNSQKDILEEKRAVPDRMCRHNYELGGPMTLQRR
DPB1*337:01	E2	87	87	AG	G		NYLFQGRQECYAFNGTQRFLERYIYNREEFARFDSDVGEFRAVTELGRPEAEYWNSQKDILEEKRAVPDRMCRHNYELDEAVTLQRR
DPB1*338:01	E2	87	87	AG	G		NYLFQGRQECYAFNGTQRFLERYIYNREEFVRFDSDVGEFRAVTELGRPDEEYWNSQKDILEEKRAVPDRMCRHNYKLGGPMTLQRR
DPB1*339:01	E2	87	87	AG	G		NYLFQGRQECYAFNGTQRFLERYIYNREEFVRFDSDVGEFRAVTELGRPDEEYWNSQKDILEEERAVPDRMCRHNYELGGPMTLQHR
DPB1*33:01	E2	87	87	AG	G		NYLFQGRQECYAFNGTQRFLERYIYNREEFARFDSDVGEFRAVTELGRPAAEYWNSQKDILEEERAVPDRMCRHNYELGGPMTLQRR
DPB1*33:01	E3	93	93	TC	A		QPRVNVSPSKKGPLQHHNLLVCHVTDFYPGSIQVRWFLNGQEETAGVVSTNLIRNGDWTFQILVMLEMTPQQGDVYTCQVEHTSLDSPVTVEW
DPB1*340:01	E2	87	87	AG	G		NYLFQGRQECYAFNGTQRFLERYIYNREEFVRFDSDVGEFRAVTELGRPAAEYWNSQKDILEEERAVPDRICRHNYELDEAVTLQRR
DPB1*341:01	E2	87	87	AG	G		NYLFQGRQECYAFNGTQRFLERYIYNLEEFARFDSDVGEFRAVTELGRPAAEYWNSQKDILEEKRAVPDRMCRHNYELGGPMTLQRR
DPB1*342:01	E2	87	87	AG	G		NYLFQGRQECYAFNGTQRFLERYIYNWEEFVRFDSDVGEFRAVTELGRPDEEYWNSQKDILEEKRAVPDRMCRHNYELGGPMTLQRR
DPB1*343:01	E2	87	87	AG	G		NYVHQLRQECYAFNGTQRFLERYIYNRQEFVRFDSDVGEFRAVTELGRPDEDYWNSQKDILEEERAVPDRMCRHNYELDEAVTLQRR
DPB1*344:01	E2	87	87	AG	G		NYVHQLRQECYAFNGTQRFLERYIYNREEFVRFDSDVGEFRAVTELGRPDEEYWNSQKDILEEERAVPDRVCRHNYELGGPMTLQRR
DPB1*345:01	E2	87	87	AG	G		NYVYQGRQECYAFNGTQRFLERYIYNRQEYARFDSDVGEFRAVTELGRPAAEYWNSQKDLLEERPAVPDRMCRHNYELVGPMTLQRR
DPB1*346:01	E2	87	87	AG	G		NYVYQGRQECYAFNGTQRFLERYIYNREEYARFDSDVGEFRAVTELGRPAAEYWNSQKDILEEKRAVPDRVCRHHYELDEAVTLQRR
DPB1*347:01	E2	87	87	AG	G		NYVYQGRQECYAFNGTQRFLERYIYNREEFVRFDSDVGEFRAVTELGRPDEEYWNSQKDILEEERAVPDRMCRHNYELVGPMTLQRR
DPB1*348:01	E2	87	87	AG	G		NYVYQLRQECYAFNGTQRFLERYIYNREEYARFDSDVGEFRAVTELGRPAAEYWNSQKDLLEERRAVPDRMCRHNYELDEAVTLQRR
DPB1*349:01	E2	87	87	AG	G		NYVYQLRQECYAFNGTQRFLERYIYNREEFVRFDSDVGEFRAVTELGRPDEEYWNSQKDLLEEERAVPDRMCRHNYELDEAVTLQRR
DPB1*34:01	E2	85	87	AG	*		NYLFQGRQECYAFNGTQRFLERYIYNREELVRFDSDVGEFRAVTELGRPAAEYWNSQKDLLEEKRALPDRMCRHNYELVGPMTLQ--
DPB1*350:01	E2	87	87	AG	G		NYLFQGRQECYAFNGTQRFLERYIYNREEFARFDSDVGEFRAVTELGRPAAEYWNSQKDILEEKRAVPDRMCRHNYELGGPMTLQRR
DPB1*350:01	E3	93	93	TC	A		QPKVNVSPSKKGPLQHHNLLVCHVTDFYPGSIQVRWFLNGQEETAGVVSTNLIRNGDWTFQILVMLEMTPQQGDVYICQVEHTSLDSPVTVEW
DPB1*350:01	E4	36	36	AG	G		AQSDSARSKTLTGAGGFVLGLIICGVGIFMHRRSKK
DPB1*351:01	E2	87	87	AG	G		NYVYQLRQECYAFNGTQRFLERYIYNREEFVRFDSDVGEFRAVTELGRPDEDYWNSQKDLLEEKRAVPDRVCRHNYELDEAVTLQRR
DPB1*351:01	E3	93	93	TC	A		QPRVNVSPSKKGPLQHHNLLVCHVTDFYPGSIQVRWFLNGQEETAGVVSTNLIRNGDWTFQILVMLEMTPQQGDVYTCQVEHTSMDSPVTVEW
DPB1*351:01	E4	36	36	AG	G		AQSDSARSKTLTGAGGFVLGLIICGVGIFMHRRSKK
DPB1*352:01	E2	87	87	AG	G		NYLFQGRQECYAFNGTQRFLERYIYNREEFVRFDSDVGEFRAVTELGRPDEEYWNSQKDILEEERAVPDRMCRHNYELGGPMTLQRR
DPB1*352:01	E3	93	93	TC	A		QPKVNVSPSKKGPLQHHNLLVCHVTDFYPGSIQVRWFLNGQEETAGVVSTNLIRNGDWTFQILVMLEMTPQQGDVYICQVEHTSLDSPVTVEW
DPB1*352:01	E4	36	36	AG	G		AQSDSARSKTLTGAGGFVLGLIICGVGIFMHRRSKK
DPB1*353:01	E2	87	87	AG	G		NYVYQLRQECYAFNGTQRFLERYIYNRQEYARFDSDVGEFRAVTELGRPAAEYWNSQKDLLEERRAVPDRRCRHNYELDEAVTLQRR
DPB1*353:01	E3	93	93	TC	A		QPKVNVSPSKKGPLQHHNLLVCHVTDFYPGSIQVRWFLNGQEETAGVVSTNLIRNGDWTFQILVMLEMTPQQGDVYICQVEHTSLDSPVTVEW
DPB1*353:01	E4	36	36	AG	G		AQSDSARSKTLTGAGGFVLGLIICGVGIFMHRRSKK
DPB1*354:01	E2	87	87	AG	G		NYLFQGRQECYAFNGTQRFLERYIYNRQEYARFDSDVGEFRAVTELGRPAAEYWNSQKDILEEKRAVPDRMCRHNYELGGPMTLQRR
DPB1*355:01	E2	87	87	AG	G		NYLFQGRQECYAFNGTQRFLERYIYNREEFARFDSDVGEFRAVTELGRPDEDYWNSQKDLLEEKRAVPDRMCRHNYELGGPMTLQRR
DPB1*356:01	E2	87	87	AG	G		NYLFQGRQECYAFNGTQRFLERYIYNREEFARFDSDVGEFRAVTELGRPAAEYWNSQKDILEEKRAVPDRMCRHNYELGGPMNLQRR
DPB1*357:01N	E2	87	87	AG	G		NYLFQGRQECYAFNGTQRFLERYIYNREEFARFDSDVGEFRAVTELGRPAAEYWNSQKDILEEKRAVPDRMCRHNXELGGPMTLQRR
DPB1*358:01	E2	87	87	AG	G		NYLFQGRQECYAFNGTQRFLERYIYNREEFVRFDSDVGEFRAVTELGRPEAEYWNSQKDILEEERAVPDRMCRHNYELDEAVTLQRR
DPB1*359:01	E2	87	87	AG	G		NYLFQGRQECYAFNGTQRFLERYIYNREEFVRFDSYVGEFRAVTELGRPDEEYWNSQKDILEEERAVPDRMCRHNYELGGPMTLQRR
DPB1*35:01	E2	85	87	AG	*		NYVHQLRQECYAFNGTQRFLERYIYNREEFVRFDSDVGEFRAVTELGRPDEDYWNSQKDILEEKRAVPDRVCRHNYELDEAVTLQ--
DPB1*35:01	E2	87	87	AG	G		NYVHQLRQECYAFNGTQRFLERYIYNREEFVRFDSDVGEFRAVTELGRPDEDYWNSQKDILEEKRAVPDRVCRHNYELDEAVTLQSR
DPB1*35:01	E3	93	93	TC	A		QPKVNVSPSKKGPLQHHNLLVCHVTDFYPGSIQVRWFLNGQEETAGVVSTNLIRNGDWTFQILVMLEMTPQQGDVYICQVEHTSLDSPVTVEW
DPB1*360:01	E2	87	87	AG	G		NYLFQGRQECYAFNGTLRFLERYIYNREEFARFDSDVGEFRAVTELGRPAAEYWNSQKDILEEKRAVPDRMCRHNYELGGPMTLQRR
DPB1*361:01	E2	87	87	AG	G		NYVHQLRQECYSFNGTQRFLERYIYNREEFVRFDSDVGEFRAVTELGRPDEDYWNSQKDILEEERAVPDRMCRHNYELDEAVTLQRR
DPB1*362:01	E2	87	87	AG	G		NYVYQLRQECYAFNGTQRFLERYIYNREEYARFDSDVGEFRAVTELGRPAAEYCNSQKDILEEERAVPDRICRHNYELDEAVTLQRR
DPB1*363:01	E2	87	87	AG	G		NYVYQLRQECYAFNGTQRFLERYIYNREEYARFDSDVGEFRAVTELGRPDEDYWNSQKDLLEEKRAVPDRVCRHNYELDEAVTLQRR
DPB1*364:01	E2	87	87	AG	G		NYLFQGRQECYAFNGTQRFLERYIYNREEFVRFDSDVGDFRAVTELGRPDEEYWNSQKDILEEKRAVPDRMCRHNYELGGPMTLQRR
DPB1*365:01	E2	87	87	AG	G		NYLFQGRQECYAFNGTQRFLERYIYNREEFVRFDSDVGEFRAVTELGRPDEEYWNSQKDILEEKRAVPDRICRHNYELGGPMTLQRR
DPB1*366:01	E2	87	87	AG	G		NYLFQGRQECYAFNGTQRFLERYIYNREEFVRFDSDVGEFRAVTELGRPDEEYWNSQKDILEEERAMPDRMCRHNYELGGPMTLQRR
DPB1*367:01	E2	87	87	AG	G		NYLFQGRQECYAFNGTQRFLERYIYNREEFVRFDSDVGEFRAVTELGRPDEEYWNSQKDILEEERAVPDRMCRHNYELGGPMTLQCR
DPB1*368:01	E2	87	87	AG	G		NYLFQLRQECYAFNGTQRFLERYIYNREEFVRFDSDVGEFRAVTELGRPDEEYWNSQKDILEEKRAVPDRMCRHNYELGGPMTLQRR
DPB1*369:01	E2	87	87	AG	G		NYVYQGRQECYAFNGTQRFLERYIYNREEFVRFDSDVGEFRAVTELGRPDEEYWNSQKDILEEKRAVPDRMCRHNYELGGPMTLQRR
DPB1*36:01	E2	87	87	AG	G		NYVYQLRQECYAFNGTQRFLERYIYNREELVRFDSDVGEFRAVTELGRPEAEYWNSQKDILEEKRAVPDRMCRHNYELDEAVTLQRR
DPB1*370:01	E2	87	87	AG	G		NYVYQLRQECYAFNGTQRFLERYIYNRQEYARFDSDVGEFRAVTELGRPAAEYWNSQKDILEERRAVPDRMCRHNYELDEAVTLQRR
DPB1*371:01	E2	87	87	AG	G		NYVYQLRQECYAFNGTQRFLERYIYNREEFVRFDSDVGEFRAVTELGRPAAEYWNSQKDLLEEERAVPDRMCRHNYELDEAVTLQRR
DPB1*372:01	E2	87	87	AG	G		NYLFQGRQECYAFKGTQRFLERYIYNREEFARFDSDVGEFRAVTELGRPAAEYWNSQKDILEEKRAVPDRMCRHNYELGGPMTLQRR
DPB1*373:01	E2	87	87	AG	G		NYLFQGRQECYAFNGTQRSLERYIYNREEFVRFDSDVGEFRAVTELGRPDEEYWNSQKDILEEKRAVPDRMCRHNYELGGPMTLQRR
DPB1*374:01	E2	87	87	AG	G		NYLFQGRQECYAFNGTQRFLERYIYNRKEFVRFDSDVGEFRAVTELGRPDEEYWNSQKDILEEKRAVPDRMCRHNYELGGPMTLQRR
DPB1*375:01	E2	87	87	AG	G		NYLFQGRQECYAFNGTQRFLERYIYNRQEFARFDSDVGEFRAVTELGRPAAEYWNSQKDILEEKRAVPDRMCRHNYELGGPMTLQRR
DPB1*376:01	E2	87	87	AG	G		NYLFQGRQECYAFNGTQRFLERYIYNREEFARFDSDVGEFRAVTELERPAAEYWNSQKDILEEKRAVPDRMCRHNYELGGPMTLQRR
DPB1*377:01	E2	87	87	AG	G		NYLFQGRQECYAFNGTQRFLERYIYNREEFARFDSDVGEFRAVTELGRPAAEYWNSQKDILEEKRAVPDRVCRHNYELGGPMTLQRR
DPB1*378:01	E2	87	87	AG	G		NYLFQGRQECYAFNGTQRFLERYIYNREEFARFDSDVGEFRAVTELGRPAAEFWNSQKDILEEKRAVPDRMCRHNYELGGPMTLQRR
DPB1*379:01	E2	87	87	AG	G		NYLFQGRQECYAFNGTQRFLERYIYNREEFVRFDSDVGEFRAVTELGRPDEDYWNSQKDLLEEKRAVPDRICRHNYELDEAVTLQRR
DPB1*380:01	E2	87	87	AG	G		NYLFQGRQECYAFNGTQRFLERYIYNREEFVRFDSDVGEFRAVTELGRPDEEYWNSQKDILEEKRAVPDRMCRLNYELGGPMTLQRR
DPB1*381:01	E2	87	87	AG	G		NYLFQGRQECYAFNGTQRFLERYIYNREEFVRFDSDVGEFRAVTELGRPDEEYWNSQEDILEEERAVPDRMCRHNYELGGPMTLQRR
DPB1*382:01N	E2	87	87	AG	G		NYLFQGRQECYAFNGTQRFLEXYIYNREEFVRFDSDVGEFRAVTELGRPDEEYWNSQKDILEEERAVPDRMCRHNYELGGPMTLQRR
DPB1*383:01	E2	87	87	AG	G		NYVHQLQQECYAFNGTQRFLERYIYNREEFVRFDSDVGEFRAVTELGRPDEDYWNSQKDLLEEKRAVPDRVCRHNYELDEAVTLQRR
DPB1*384:01	E2	87	87	AG	G		NYVHQLRQECYAFNGTQRFLERYIYNREELVRFDSDVGEFRAVTELGRPDEDYWNSQKDILEEERAVPDRMCRHNYELDEAVTLQRR
DPB1*385:01	E2	87	87	AG	G		NYVHQLRQECYAFNGTQRFLERYIYNREEYARFDSDVGEFRAVTELGRPDEDYWNSQKDLLEEKRAVPDRVCRHNYELDEAVTLQRR
DPB1*386:01	E2	87	87	AG	G		NYVHQLRQECYAFNGTQRFLERYIYNREEFVRFDSDAGEFRAVTELGRPDEDYWNSQKDILEEERAVPDRVCRHNYELDEAVTLQRR
DPB1*387:01	E2	87	87	AG	G		NYVYQGRQECYAFNGTQRFLERYIYNRQEYARFDSDVGEFRAVTELGRPAAEYWNSQKDILEEKRAVPDRMCRHNYELVGPMTLQRR
DPB1*388:01	E2	87	87	AG	G		NYVYQLQQECYAFNGTQRFLERYIYNRQEYARFDSDVGEFRAVTELGRPAAEYWNSQKDLLEERRAVPDRMCRHNYELDEAVTLQRR
DPB1*389:01	E2	87	87	AG	G		NYVYQLRQECYAFNGTQRFLERYIYNRQEYARFDSDVGEFRAVTELGRPAAEYWNSQKDILEEERAVPDRICRHNYELDEAVTLQRR
DPB1*390:01	E2	87	87	AG	G		NYVYQLRQECYAFNGTQRFLERYIYNREEFVRFDSDVGEFRAVTELGRPEAEYWNSQKDILEEKRAVPDRVCRHNYELDEAVTLQRR
DPB1*391:01	E2	87	87	AG	G		NYVYQLRQECYAFNGTQRFLERYIYNREEFVRFDSDVGEFRAVTELGRPDEDYWNSQKDLLEEKRAVPDRVCRYNYELDEAVTLQRR
DPB1*392:01	E2	87	87	AG	G		NYVYQLRQECYAFNGTQRFLERYIYNREEFVRFDSDVGEFRAVTELGRPAAEYWNSQKDILEEKRAVPDRMCRHNYELGGPMTLQRR
DPB1*393:01	E2	87	87	AG	G		NYVYQLRQECYTFNGTQRFLERYIYNREEYARFDSDVGEFRAVTELGRPAAEYWNSQKDILEEERAVPDRICRHNYELDEAVTLQRR
DPB1*394:01	E2	87	87	AG	G		NYVYQLRQECYAFNGTQRFLERYIYNREELVRFDSDVGEFRAVTELGRPDEDYWNSQKDLLEEKRAVPDRVCRHNYELDEAVTLQRR
DPB1*395:01	E2	87	87	AG	G		NYLFQGRQERYAFNGTQRFLERYIYNREELVRFDSDVGEFRAVTELGRPEAEYWNSQKDILEEKRAVPDRMCRHNYELDEAVTLQRR
DPB1*396:01	E2	87	87	AG	G		NYLFQGRQECYAFNGTQRFLERYIYNREEFARFDSDAGEFRAVTELGRPAAEYWNSQKDILEEKRAVPDRMCRHNYELGGPMTLQRR
DPB1*397:01	E2	87	87	AG	G		NYLFQGRQECYAFNGTQRFLERYIYNREEFARFDSDVGEFRAVTELGRPAAEYWNSQKDILEEKPAVPDRMCRHNYELGGPMTLQRR
DPB1*398:01	E1	33	33		G		MMVLQVSAAPRTVALTALLMVLLTSVVQGRATP
DPB1*398:01	E2	87	87	AG	G		NYLFQGRQECYAFNGTQRFLERYIYNREEFARFDSDVGEFRAVTELGRPAAEYWNSQKDILEEKRAVPDRMCRHNYELDEAVTLQRR
DPB1*398:01	E3	93	93	TC	A		QPRVNVSPSKKGPLQHHNLLVCHVTDFYPGSIQVRWFLNGQEETAGVVSTNLIRNGDWTFQILVMLEMTPQQGDVYTCQVEHTSLDSPVTVEW
DPB1*398:01	E4	36	36	AG	G		AQSDSARSKTLTGAGGFVLGLIICGVGIFMHRRSKK
DPB1*399:01	E2	87	87	AG	G		NYLFQGRQECYAFNGTQRFLERYIYNREEFARFDSDVGEFRAVTELGRPAAEYWNSQKDIVEEKRAVPDRMCRHNYELGGPMTLQRR
DPB1*39:01	E1	33	33		G		MMVLQVSAAPRTVALTALLMVLLTSVVQGRATP
DPB1*39:01	E2	87	87	AG	G		NYLFQGRQECYAFNGTQRFLERYIYNREEYARFDSDVGEFRAVTELGRPAAEYWNSQKDILEEKRAVPDRMCRHNYELGGPMTLQRR
DPB1*39:01	E3	93	93	TC	A		QPRVNVSPSKKGPLQHHNLLVCHVTDFYPGSIQVRWFLNGQEETAGVVSTNLIRNGDWTFQILVMLEMTPQQGDVYTCQVEHTSLDSPVTVEW
DPB1*39:01	E4	36	36	AG	G		AQSDSARSKTLTGAGGFVLGLIICGVGIFMHRRSKK
DPB1*400:01	E2	87	87	AG	G		NYLFQGRQECYAFNGTQRFLERYIYNREEFVRFDSDVGEFRAVTELGRPEAEYWNSQKDILEEERAVPDRICRHNYELDEAVTLQHR
DPB1*401:01N	E2	87	87	AG	G		NYLFQGRQECYAFNGTQRFLERYIYNREEFVRFDSDVGEFRAVTELGRPDEEYWNSQKDILEEERAVPDRMCRHNXELGGPMTLQRR
DPB1*402:01	E2	87	87	AG	G		NYLFQGRQECYAFNGTQRFLERCIYNREEFVRFDSDVGEFRAVTELGRPDEEYWNSQKDILEEKRAVPDRMCRHNYELGGPMTLQRR
DPB1*403:01N	E2	87	87	AG	G		NYVYQGRQECYAFNGTQRFLERYIYNREEYARFDSDVGEFRAVTELGRPAAEYXNSQKDILEEKRAVPDRVCRHNYELDEAVTLQRR
DPB1*404:01	E2	87	87	AG	G		NYVYQLRQECYAFNGTQRFQERYIYNREEFVRFDSDVGEFRAVTELGRPDEDYWNSQKDLLEEKRAVPDRVCRHNYELDEAVTLQRR
DPB1*405:01	E2	87	87	AG	G		NYVYQLRQECYAFNGTQRFLERYIYNWEEFVRFDSDVGEFRAVTELGRPDEDYWNSQKDLLEEKRAVPDRVCRHNYELDEAVTLQRR
DPB1*406:01	E2	87	87	AG	G		NYLFQGRQECYAFNGTQRFLERYIYNREELVRFDSDVGEFRAVTEVGRPEAEYWNSQKDILEEERAVPDRMCRHNYELGGPMTLQRR
DPB1*407:01	E2	87	87	AG	G		NYVHQLRQECYAFNGTQRFLERYIYNREEFVRLDSDVGEFRAVTELGRPDEDYWNSQKDILEEERAVPDRMCRHNYELDEAVTLQRR
DPB1*408:01	E2	87	87	AG	G		NYVHQLRQECYAFNGTQRFLERYIYNREEFVRFDSDVGEFRAVKELGRPEAEYWNSQKDILEEERAVPDRMCRHNYELDEAVTLQRR
DPB1*409:01	E2	87	87	AG	G		NYVHQLRQECYAFNGTQRFLERYIYNREEFVRFDSDVGEFRAVTELGRPDEDYWNSQKDLLEEKRAVPDSVCRHNYELDEAVTLQRR
DPB1*40:01	E2	87	87	AG	*		NYLFQGRQECYAFNGTQRFLERYIYNREEYARFDSDVGEFRAVTELGRPAAEYWNSQKDILEEKRAVPDRMCRHNYELVGPMTLQRR
DPB1*410:01	E2	87	87	AG	G		NYVHQLRQECYAFNGTQRFLERYIYNREEFVRFDSDVGEFRAVTELGRPDEEYWNSQKDILEEERVVPDRVCRHNYELDEAVTLQRR
DPB1*411:01	E2	87	87	AG	G		NYVYQGRQECYAFNGTQRFLERYIYNREEYARFDSDVGEFRAVTELGRPAAEYWNSQKDLLEEKRAVPDRVCRHNYELDEAVTLQRR
DPB1*412:01	E2	87	87	AG	G		NYVYQLRQECYAFNGTQRFLERYIYNREEYARFDSDVGEFRAVTELGRPAAEYWNSQKDILEEKRAVPDRICRHNYELDEAVTLQRR
DPB1*413:01	E2	87	87	AG	G		NYVYQLRQECYAFNGTQRFLERYIYNREEFVRFDSDVGEFRAVTELGRPDEDYWNSQKDILEEERAVPDRMCRHNYELDEAVTLQRR
DPB1*414:01	E2	87	87	AG	G		NYLFQGRQECYAFNGTQRFLERYIYNREEFVRFDSDVGEFRAVTELGRPDEEYWNSQKDILEEERAVPDRMCRHNYELGGPMTLQRR
DPB1*414:01	E3	93	93	TC	A		QPKVNVSPSKKGPLQHHNLLVCHVTDFYPGSIQVRWFLNGQEETAGVVSTNLIRNGDWTFQILVMLEMTPQQGDVYICQVEHTSLDSPVTVEW
DPB1*414:01	E4	36	36	AG	G		AQSDSARSKTLTGAGGFMLGLIICGVGIFMHRRSKK
DPB1*415:01	E2	87	87	AG	G		NYLFQGRQECYAFNGTQRFLERYIYNREEFARFDSDVGEFRAVTELGRPAAEYWNSQKDILEEKRAVPDRMCRHNYELGGPMTLQRR
DPB1*415:01	E3	93	93	TC	A		QPRVNVSPSKKGPLQHHNLLVCHVTDFYPGSIQVRWFLNGQEETAGVVSTNLIRNGDWTFQILVMLEMNPQQGDVYTCQVEHTSLDSPVTVEW
DPB1*415:01	E4	36	36	AG	G		AQSDSARSKTLTGAGGFVLGLIICGVGIFMHRRSKK
DPB1*416:01	E2	87	87	AG	G		NYLFQGRQECYAFNGTQRFLERYIYNREEFVRFDSDVGEFRAVTELGRPDEEYWNSQKDILEEERAVPDRMCRHNYELGGPMTLQRR
DPB1*416:01	E3	93	93	TC	A		QPRVNVSPSKKGPLQHHNLLVCHVTDFYPGSIQVRWFLNGQEETAGVVSTNLIRNGDWTFQILVMLEMTPQQGDVYTCQVEHTSMDSPVTVEW
DPB1*416:01	E4	36	36	AG	G		AQSDSARSKTLTGAGGFVLGLIICGVGIFMHRRSKK
DPB1*417:01	E2	87	87	AG	G		NYVYQGRQECYAFNGTQRFLERYIYNREEYARFDSDVGEFRAVTELGRPAAEYWNSQKDILEEKRAVPDRVCRHNYELDEAVTLQRR
DPB1*417:01	E3	93	93	TC	A		QPKVNVSPSKKGPLQHHNLLVCHVTDFYPGSIQVRWFLNGQEETAGVVSTNLIRNGDWTFQILVMLEMTPQQGDVYICQVEHTSLDSPVTVEW
DPB1*417:01	E4	36	36	AG	G		AQSDSARSKTLTGAGGFVLGLIICGVGIFMHRRSKK
DPB1*418:01	E2	87	87	AG	G		NYLFQGRQECYAFNGTQRFLERYIYNREEFARFDSDVGEFRAVTELGRPAAEYWDSQKDILEEKRAVPDRMCRHNYELGGPMTLQRR
DPB1*419:01	E2	87	87	AG	G		NYLFQGRQECYAFNGTQRFLERYIYNREEFVRFDSDVGEFRAVTELGRPDEEYCNSQKDILEEERAVPDRMCRHNYELGGPMTLQRR
DPB1*41:01	E2	87	87	AG	G		NYLFQGRQECYAFNGTQRFLERYIYNREEFVRFDSDVGEFRAVTELGRPDEEYWNSQKDFLEEERAVPDRMCRHNYELGGPMTLQRR
DPB1*420:01	E2	87	87	AG	G		NYLFQGRQECYAFNGTQRFLERYIYNREEFVRFDSDVGEFRAVTELGRPDEEYWNSQKDILEEKRAVPDRMCRHNCELGGPMTLQRR
DPB1*421:01	E2	87	87	AG	G		NYLFQGRQECYAFNGTQRFLERYIYNREEFVRFDSDVGEFRAVTELGRPDEEYWNSQKDILEEEPAVPDRMCRHNYELGGPMTLQRR
DPB1*422:01	E2	87	87	AG	G		NYLFQGRQECYAFNGTQRFLERYIYNREEFVRFDSDVGEFRAVTELGRPDEEYWNSQKDILEEERAVPDRICRHNYELDEAVTLQRR
DPB1*423:01	E2	87	87	AG	G		NYLFQGRQECYAFNGTQRFLERYIYNREEFLRFDSDVGEFRAVTELGRPDEEYWNSQKDILEEERAVPDRMCRHNYELGGPMTLQRR
DPB1*424:01	E2	87	87	AG	G		NYLFQGRQECYAFNGTQRFLKRYIYNREEFVRFDSDVGEFRAVTELGRPDEEYWNSQKDILEEKRAVPDRMCRHNYELGGPMTLQRR
DPB1*425:01	E2	87	87	AG	G		NYLFQGRQECYAFNGTQRFLERYIYNREEFARLDSDVGEFRAVTELGRPAAEYWNSQKDILEEKRAVPDRMCRHNYELGGPMTLQRR
DPB1*426:01	E2	87	87	AG	G		NYLFQGRQECYAFNGTQRFLERYIYNREEFARFDSDVGEFRAMTELGRPAAEYWNSQKDILEEKRAVPDRMCRHNYELGGPMTLQRR
DPB1*427:01	E2	87	87	AG	G		NYLFQGRQECYAFNGTQRFLERYIYNREEFARFDSDVGEFRAVTELGRPATEYWNSQKDILEEKRAVPDRMCRHNYELGGPMTLQRR
DPB1*428:01	E2	87	87	AG	G		NYLFQGRQECYAFNGTQRFLERYIYNREEFARFDSDVGEFRAVSELGRPAAEYWNSQKDILEEKRAVPDRMCRHNYELGGPMTLQRR
DPB1*429:01	E2	87	87	AG	G		NYLFQGRQECYAFNGTQRFLERYIYNREEFVRFDSDVGEFRAVTELGRPDEEYCNSQKDILEEKRAVPDRMCRHNYELGGPMTLQRR
DPB1*430:01	E2	87	87	AG	G		NYLFQGRQECYAFNGTQRFLERYIYNREEFVRFDSDVGEFRAVTELGRPDEEYWNSQKDILEEKQAVPDRMCRHNYELGGPMTLQRR
DPB1*431:01	E2	87	87	AG	G		NYLFQGRQECYAFNGTQRFLERYIYNREEFVRFDSDVGEFRAVTELGRPDEEYWNSQKDILEEKRAVPDRMCRHNYELGRPMTLQRR
DPB1*432:01	E2	87	87	AG	G		NYLFQGRQECYAFNGTQRFLERYIYNREEFVRFDSDVGEFRAVTELGRPDEEYWDSQKDILEEERAVPDRMCRHNYELGGPMTLQRR
DPB1*433:01	E2	87	87	AG	G		NYLFQGRQECYAFNGTQRFLERYIYNREEFVRFDRDVGEFRAVTELGRPDEEYWNSQKDILEEERAVPDRMCRHNYELGGPMTLQRR
DPB1*434:01	E2	87	87	AG	G		NYLFQGRQECYAFNGSQRFLERYIYNREEFARFDSDVGEFRAVTELGRPAAEYWNSQKDILEEKRAVPDRMCRHNYELGGPMTLQRR
DPB1*435:01	E2	87	87	AG	G		NYLFQGRQGCYAFNGTQRFLERYIYNREEFVRFDSDVGEFRAVTELGRPAAEYWNSQKDILEEKRAVPDRMCRHNYELGGPMTLQRR
DPB1*436:01	E2	87	87	AG	G		NYVYQGRQECYAFNGTQRFLERYIYNREEYARFDSDVGEFRAVTELGRPAAEYWNSQKDILEEKRAVPDRVCRHNYELDEVVTLQRR
DPB1*437:01	E2	87	87	AG	G		NYVYQLRQECYAFNGTQRFLERYIYNQQEYARFDSDVGEFRAVTELGRPAAEYWNSQKDLLEERRAVPDRMCRHNYELDEAVTLQRR
DPB1*438:01	E2	87	87	AG	G		NYVYQLRQECYAFNGTQRFLERYIYNREEYARFDSDVGEFRAVTELGRPAAEYWNSQKDILEEERAVPDRICKHNYELDEAVTLQRR
DPB1*439:01	E2	87	87	AG	G		NYVYQLRQECYAFNGTQRFLERYFYNREEFVRFDSDVGEFRAVTELGRPDEDYWNSQKDLLEEKRAVPDRVCRHNYELDEAVTLQRR
DPB1*440:01	E2	87	87	AG	G		NYVYQGRQECYAFNGTQRFLERYIYNREEYARFDSDVGEFRAVTELGRPAAEYWNSQKDILEEKRAVPDRVCRHNYELGGPMTLQRR
DPB1*440:01	E3	93	93	TC	A		QPKVNVSPSKKGPLQHHNLLVCHVTDFYPGSIQVRWFLNGQEETAGVVSTNLIRNGDWTFQILVMLEMTPQQGDVYICQVEHTSLDSPVTVEW
DPB1*440:01	E4	36	36	AG	G		AQSDSAQSKTLTGAGGFVLGLIICGVGIFMHRRSKK
DPB1*441:01	E2	87	87	AG	G		NYLFQGRQECYAFNGTQRFLERYIYNREEYVRFDSDVGEFRAVTELGRPDEEYWNSQKDILEEERAVPDRMCRHNYELGGPMTLQRR
DPB1*442:01	E2	87	87	AG	G		NYLFQGRQECYAFNGTQRFLERYIYNREEFARFDSDVGEFRAVTELGRPDEDYWNSQKDLLEEKRAVPDRVCRHNYELDEAVTLQRR
DPB1*443:01	E2	87	87	AG	G		NYLFQGRQECYAFNGTQRFLERYIYNREEFVRFDSDVGEFRAVTELGRPDEEYWNSQKDILEEKRVVPDRMCRHNYELGGPMTLQRR
DPB1*444:01	E2	87	87	AG	G		NYLFQGRQECYAFNGTQRFLERYIYNREEFVRFDSDVGEFRAVTELGRPDEEYWNSQKDILEEERAVPDRMCRHNNELGGPMTLQRR
DPB1*445:01	E2	87	87	AG	G		NYVHQLRQECYAFNGTQRFLERYIYNREEFVRFDSDVREFRAVTELGRPDEDYWNSQKDLLEEKRAVPDRVCRHNYELDEAVTLQRR
DPB1*446:01	E2	87	87	AG	G		NYVHQLRQECYAFNGTQRFLERYIYNREEFVRFDGDVGEFRAVTELGRPDEDYWNSQKDLLEEKRAVPDRVCRHNYELDEAVTLQRR
DPB1*447:01	E2	87	87	AG	G		NYVHQLRQECYAFNGTQRFLERYIYTREEFVRFDSDVGEFRAVTELGRPDEDYWNSQKDILEEERAVPDRMCRHNYELDEAVTLQRR
DPB1*448:01	E2	87	87	AG	G		NYVYQLRQECYAFNGTQRFLERYIYNREEFVRFDSDVGEFRAVTELGRPDEEYWNSQKDILEEERAVPDRICRHNYELDEAVTLQRR
DPB1*449:01	E2	87	87	AG	G		NYVYQLGQECYAFNGTQRFLERYIYNREEYARFDSDVGEFRAVTELGRPAAEYWNSQKDILEEERAVPDRICRHNYELDEAVTLQRR
DPB1*44:01	E2	87	87	AG	G		NYVYQLRQECYAFNGTQRFLERYIYNREELVRFDSDVGEFRAVTELGRPDEDYWNSQKDLLEEERAVPDRVCRHNYELDEAVTLQRR
DPB1*450:01N	E2	87	87	AG	G		NYVYQLRXECYAFNGTQRFLERYIYNRQEYARFDSDVGEFRAVTELGRPAAEYWNSQKDLLEERRAVPDRMCRHNYELDEAVTLQRR
DPB1*451:01	E2	87	87	AG	G		NYLFQGRQECYAFNGTQRFLERYIYNREEFVRFDSDVGEFRAVTELGRPAAEYWNSQKDLLEEKRAVPDRMCRHNYELGGPMTLQRR
DPB1*452:01	E2	87	87	AG	G		NYRFQGRQECYAFNGTQRFLERYIYNREEFVRFDSDVGEFRAVTELGRPDEEYWNSQKDILEEERAVPDRMCRHNYELGGPMTLQRR
DPB1*453:01	E2	87	87	AG	G		NYLFQGRQECYAFNGTQRFLERYIYNQEEFARFDSDVGEFRAVTELGRPAAEYWNSQKDILEEKRAVPDRMCRHNYELGGPMTLQRR
DPB1*454:01	E2	87	87	AG	G		NYLFQGRQECYAFNGTQRFLERYIYNREEFARFDSDVGEFRAVTELGRPAAEYWNSQKDILEEKRAVPDRMCRHNYELGEPMTLQRR
DPB1*455:01N	E2	87	87	AG	G		NYLFQGRQECYAFNGTQRFLERYIYNREEFARFDSDVGEFRAVTELGRPAAEYWNSQKDILEEKRAVPDRMCRHNYELGGPMTLXRR
DPB1*456:01	E2	87	87	AG	G		NYLFQGRQECYAFNGTQRFLERYIYNREEFARFDSDVGEFRAVTELGRPAAEYWNSQKDILEVKRAVPDRMCRHNYELGGPMTLQRR
DPB1*457:01	E2	87	87	AG	G		NYLFQGRQECYAFNGTQRFLERYIYNREEFVRFDSDVGEFRAVTELGRPDEEYWNSQKDILEEERAVQDRMCRHNYELGGPMTLQRR
DPB1*458:01	E2	87	87	AG	G		NYVYQLRQECYAFNGTQRFLERYIYNREEFVRFDSDVGEFRAVTELGRPAAEYWNSQKDLLEERRAVPDRMCRHNYELDEAVTLQRR
DPB1*459:01	E2	87	87	AG	G		NYLFQGRQECYAFNGTQRFLERYIYNREEFARFDSDVGEFRAVTELGRPAAEYWNSQKDILEEKRAVPDRMCRHNYELGGPMTLQRR
DPB1*459:01	E3	93	93	TC	A		QPRVNVSPSKKGPLQHHNLLVCYVTDFYPGSIQVRWFLNGQEETAGVVSTNLIRNGDWTFQILVMLEMTPQQGDVYTCQVEHTSLDSPVTVEW
DPB1*459:01	E4	36	36	AG	G		AQSDSARSKTLTGAGGFVLGLIICGVGIFMHRRSKK
DPB1*45:01	E2	87	87	AG	G		NYVHQLRQECYAFNGTQRFLERYIYNREEFVRFDSDVGEFRAVTELGRPDEEYWNSQKDLLEEKRAVPDRVCRHNYELDEAVTLQRR
DPB1*45:01	E3	93	93	TC	A		QPKVNVSPSKKGPLQHHNLLVCHVTDFYPGSIQVRWFLNGQEETAGVVSTNLIRNGDWTFQILVMLEMTPQQGDVYICQVEHTSLDSPVTVEW
DPB1*460:01	E2	87	87	AG	G		NYVHQLRQECYAFNGTQRFLERYIYNREEFVRFDSDVGEFRAVTELGRPDEDYWNSQKDILEEERAVPDRMCRHNYELDEAVTLQRR
DPB1*460:01	E3	93	93	TC	A		QPRVNVSPSKKGPLQHHNLLVCHVTDFYPGSIQVRWFLNGQEETAGVVSTNLIRNGDWTFQILVMLEMTPQQGDVYTCQVEHTSMDSPVTVEW
DPB1*460:01	E4	36	36	AG	G		AQSDSARSKTLTGAGGFVLGLIICGVGIFMHRRSKK
DPB1*461:01	E2	87	87	AG	G		NYLFQGRQECYAFNGTQRFLERYIYNREEFVRFDSDVGEFRAVTELGRPDEEYWNSQKDILEEERAVPDRMCRHNYELGGPMTLQRR
DPB1*461:01	E3	93	93	TC	A		QPKVNVSPSKKGPLQHHNLLVCHVTDFYPGSIQVRWFLNGQEETAGVVSTNLIRNGDWTFQILVMLEMTPQQGDVYICQVEHTSLDSPVTVEW
DPB1*461:01	E4	36	36	AG	G		AQSDSAQSKTLTGAGGFVLGLIICGVGIFMHRRSKK
DPB1*462:01	E2	87	87	AG	G		NYVYQGRQECYAFNGTQRFLERYIYNREEYARFDSDVGEFRAVTELGRPAAEYWNSQKDILEEKRAVPDRVCRHNYELDEAVTLQRR
DPB1*462:01	E3	93	93	TC	A		QPRVNVSPSKKGPLQHHNLLVCHVTDFYPGSIQVRWFLNGQEETAGVVSTNLIRNGDWTFQILVMLEMTPQQGDVYTCQVEHTSMDSPVTVEW
DPB1*462:01	E4	36	36	AG	G		AQSDSARSKTLTGAGGFVLGLIICGVGIFMHRRSKK
DPB1*463:01	E1	33	33		G		MMVLQVSAAPRTVALTALLMVLLTSVVQGRATP
DPB1*463:01	E2	87	87	AG	G		NYLFQGRQECYAFNGTQRFLERYIYNREEFVRFDSDVGEFRAVTELGRPDEEYWNSQKDILEEKRAVPDRMCRHNYELGGPMTLQRR
DPB1*463:01	E3	93	93	TC	A		QPKVNVSPSKKGPLQHHNLLVCHVTDFYPGSIQVRWFLNGQEETAGVVSTNLIRNGDWTFQILVMLEMTPQQGDVYICQVEHTSLDSPVTVEW
DPB1*463:01	E4	36	36	AG	G		AQSDSARSKTLTGAGGFVLGLIICGVGIFMHRRSKK
DPB1*464:01	E1	33	33		G		MMVLQVSAAPRTVALTALLMVLLTSVVQGRATP
DPB1*464:01	E2	87	87	AG	G		NYLFQGRQECYAFNGTQRFLERYIYNREEFARFDSDVGEFRAVTELGRPAAEYWNSQKDILEEKRAVPDRMCRHNYELGGPMTLQRR
DPB1*464:01	E3	93	93	TC	A		QPRVNVSPSKKGPLQHHNLLVCHVTDFYPGSIQVRWFLNGQEETAGVMSTNLIRNGDWTFQILVMLEMTPQQGDVYTCQVEHTSLDSPVTVEW
DPB1*464:01	E4	36	36	AG	G		AQSDSARSKTLTGAGGFVLGLIICGVGIFMHRRSKK
DPB1*465:01	E2	87	87	AG	G		NYLFQGRQECYAFNGTQRFLERYIYNREEFARFDSDVGEFRAVRELGRPAAEYWNSQKDILEEKRAVPDRMCRHNYELGGPMTLQRR
DPB1*466:01	E2	87	87	AG	G		NYLFQGRQECYAFNGTQRFLERYIYNREEFVRFDSDVGEFRAVTELGRPDEEYWNSQKDILEEKRAVPDRICRHNYELDEAVTLQRR
DPB1*467:01	E2	87	87	AG	G		NYLFQGRQECYAFNGTQRFLERYIYNREEFVRFDSDVGEFRAVTELGRPDEEYWNSQKDILEEERAVPDRMCRHNYELGRPMTLQRR
DPB1*468:01	E2	87	87	AG	G		NYLFQGRQECYAFNGTQRFLERYICNREEFARFDSDVGEFRAVTELGRPAAEYWNSQKDILEEKRAVPDRMCRHNYELGGPMTLQRR
DPB1*469:01	E2	87	87	AG	G		NYLFQGRQVCYAFNGTQRFLERYIYNREEFVRFDSDVGEFRAVTELGRPDEEYWNSQKDILEEERAVPDRMCRHNYELGGPMTLQRR
DPB1*46:01	E2	87	87	AG	G		NYLFQGRQECYAFNGTQRFLERYIYNREEFVRFDSDVGEFRAVTELGRPDEDYWNSQKDILEEERAVPDRMCRHNYELGGPMTLQRR
DPB1*470:01	E2	87	87	AG	G		NYVHQLRQECYAFNGTQRFLERYIYNREEFARFDSDVGEFRAVTELGRPDEEYWNSQKDILEEERAVPDRVCRHNYELDEAVTLQRR
DPB1*471:01	E2	87	87	AG	G		NYVYQGRQECYAFNGTQRFLERYIYNRQEYARFDSDVGEFRAVTELGRPAAEYWNSQKDLLEERRAVTDRMCRHNYELVGPMTLQRR
DPB1*472:01	E2	87	87	AG	G		NYVYQLRQECYAFNGTQRFLERYIYNREEFVRFDSDVGEFRAVTELGRPDEDYWNSQKDLLEEKRAVPDRVCRHNYELDEAVTLKRR
DPB1*473:01	E2	87	87	AG	G		NYLFQGRQECYAFNGTQRFLERYIYNREELVRFDSDVEEFRAVTELGRPEAEYWNSQKDILEEKRAVPDRMCRHNYELDEAVTLQRR
DPB1*474:01	E2	87	87	AG	G		NYLFQGRQECYAFNGTQRFLERYIYNREEYARFDSDVGEFRAVTELGRPAAEYWNSQKDILEEERAVPDRMCRHNYELGGPMTLQRR
DPB1*475:01	E2	87	87	AG	G		NYLFQGRQECYAFNGTQRFLERYIYNREEFARFDSDVGEFRAVTELRRPAAEYWNSQKDILEEKRAVPDRMCRHNYELGGPMTLQRR
DPB1*476:01	E2	87	87	AG	G		NYLFQGRQECYAFNGTQRFLERYIYNREEFARFDSDVGEFRAVTELGRPAAEYWNSQKDILEEKRAVLDRMCRHNYELGGPMTLQRR
DPB1*477:01	E2	87	87	AG	G		NYLFQGRQECYAFNGTQRFLERYIYNREEFVRFDSDVREFRAVTELGRPDEEYWNSQKDILEEKRAVPDRMCRHNYELGGPMTLQRR
DPB1*478:01	E2	87	87	AG	G		NYLFQGRQECYSFNGTQRFLERYIYNREELVRFDSDVGEFRAVTELGRPEAEYWNSQKDILEEERAVPDRMCRHNYELGGPMTLQRR
DPB1*479:01	E2	87	87	AG	G		NYLFQGRQECYLFNGTQRFLERYIYNREEFARFDSDVGEFRAVTELGRPAAEYWNSQKDILEEKRAVPDRMCRHNYELGGPMTLQRR
DPB1*47:01	E2	87	87	AG	G		NYLFQGRQECYAFNGTQRFLERYIYNREEFVRFDSDVGEFRAVTELGRPEAEYWNSQKDILEEERAVPDRMCRHNYELGGPMTLQRR
DPB1*480:01	E2	87	87	AG	G		NYVYQGRQECYAFNGTQRFLERYIYNRQEYARFDSDVGEFRAVTELGRPAAEYWNSQKDLLEERRAVPDRMCRHNYELGGPMTLQRR
DPB1*481:01	E2	87	87	AG	G		NYVYQGRQECYAFNGTQRFLERYIYNREEYARFDSDVEEFRAVTELGRPAAEYWNSQKDILEEKRAVPDRVCRHNYELDEAVTLQRR
DPB1*482:01	E2	87	87	AG	G		NYVYQGRQECYAFNGTQRFLERYIYNREEYARFDSDVGEFRAVTELGRPAAEYWNSQKDLLEERRAVPDRMCRHNYELVGPMTLQRR
DPB1*483:01	E2	87	87	AG	G		NYVYQGRQECYAFNGTQRFLERYIYNREEYARFDSDVGEFRAVTELGRPAAEYWNSQRDILEEKRAVPDRVCRHNYELDEAVTLQRR
DPB1*484:01	E2	87	87	AG	G		NYLFQGRQECYAFNGTQRFLERYIYNREELVRFDSDVGEFRAVTELGRPDEDYWNSQKDLLEEKRALPDRMCRHNYELVGPMTLQRR
DPB1*485:01	E2	87	87	AG	G		NYLFQGRQECYAFNGTQRFLERYIYNREEFARFDSNVGEFRAVTELGRPAAEYWNSQKDILEEKRAVPDRMCRHNYELGGPMTLQRR
DPB1*486:01	E2	87	87	AG	G		NYLFQGRQECYAFNGTQRFLERYIYNREEFARFDSDVGEFRAVTELGRPAAEYWNSQKDILEEKRAVPDRMCRHNYEVGGPMTLQRR
DPB1*487:01	E2	87	87	AG	G		NYLFQGRQECYAFNGTQRFLERYIYNREEFARFDSDVGEFRAVTELGRPAAEYWNSQKDILEEKRAVRDRMCRHNYELGGPMTLQRR
DPB1*488:01	E2	87	87	AG	G		NYLFQGRQECYAFNGTQRFLERYIYNREEFVRFDSDMGEFRAVTELGRPDEEYWNSQKDILEEKRAVPDRMCRHNYELGGPMTLQRR
DPB1*489:01	E2	87	87	AG	G		NYLFQGRQECYAFNGTQRFLERYIYNREEFVRFDSDVGEFRAVTELGRPDEEYWNSQKDILEEERAVPDRMCRHNYELGGPVTLQRR
DPB1*48:01	E2	85	87	**	*		NYLFQGRQECYAFNGTQRFLERYIYNREELVRFDSDVGEFRAVTELGRPDEEYWNSQKDILEEERAVPDRMCRHNYELGGPMTLQ--
DPB1*490:01	E2	87	87	AG	G		NYVHQLRQECYAFNGTQRFLERYIYNREEYARFDSDVGEFRAVTELGRPAAEYWNSQKDILEEKRAVPDRVCRHNYELDEAVTLQRR
DPB1*491:01	E2	87	87	AG	G		NYVHQLRQECYAFNGTQRFLERYIYNREGFVRFDSDVGEFRAVTELGRPDEDYWNSQKDLLEEKRAVPDRVCRHNYELDEAVTLQRR
DPB1*492:01	E2	87	87	AG	G		NYVHQLRRECYAFNGTQRFLERYIYNREEFVRFDSDVGEFRAVTELGRPDEDYWNSQKDLLEEKRAVPDRVCRHNYELDEAVTLQRR
DPB1*493:01	E2	87	87	AG	G		NYVYQGRQECYAFNGTQRFLERYIYNRQEYARFDSDVGEFRAVTELGRPAAEYWNSQKDLLKERRAVPDRMCRHNYELVGPMTLQRR
DPB1*494:01	E2	87	87	AG	G		NYLFQGRQECYAFNGTQRFLERYIYNPEEFVRFDSDVGEFRAVTELGRPDEEYWNSQKDILEEKRAVPDRMCRHNYELGGPMTLQRR
DPB1*495:01	E2	87	87	AG	G		NYLFQGRQECYAFNGTQRFLERYIYNREELVRFDSDVGEFRAVTELGRPEAEYWNSQKDILEEKRAVPDRICRHNYELDEAVTLQRR
DPB1*496:01	E2	87	87	AG	G		NYLFQGRQECYAFNGTQRFLERYIYNREELVRFDSDVGEFRAVTELGRPEAEYWNSQKDILEEERAVPDGMCRHNYELGGPMTLQRR
DPB1*497:01	E2	87	87	AG	G		NYLFQGRQECYAFNGTQRFLERYIYNREEFARFDSDVGEFRAVTELGRPAAEYWNSQKDILEEKRAVPDRMYRHNYELGGPMTLQRR
DPB1*49:01	E2	85	87	**	*		NYLFQGRQECYAFNGTQRFLERYIYNREEYARFDSDVGEFRAVTELGRPDEEYWNSQKDILEEKRAVPDRMCRHNYELGGPMTLQ--
DPB1*50:01	E2	87	87	AG	G		NYVYQGRQECYAFNGTQRFLERYIYNREEFVRFDSDVGEFRAVTELGRPDEDYWNSQKDLLEEKRAVPDRVCRHNYELDEAVTLQRR
DPB1*50:01	E3	93	93	TC	A		QPKVNVSPSKKGPLQHHNLLVCHVTDFYPGSIQVRWFLNGQEETAGVVSTNLIRNGDWTFQILVMLEMTPQQGDVYICQVEHTSLDSPVTVEW
DPB1*51:01	E2	87	87	AG	G		NYLFQGRQECYAFNGTQRFLERYIYNREEFARFDSDVGEFRAVTELGRPDEEYWNSQKDILEEKRAVPDRMCRHNYELGGPMTLQRR
DPB1*52:01	E2	85	87	AG	*		NYVYQLRQECYAFNGTQRFLERYIYNREEFVRFDSDVGEFRAVTELGRPAAEYWNSQKDLLEEKRAVPDRVCRHNYELDEAVTLQ--
DPB1*53:01	E2	85	87	AG	*		NYLFQGRQECYAFNGTQRFLERYIYNREEYARFDSDVGEFRAVTELGRPDEEYWNSQKDILEEKRAVPDRMCRHNYELVGPMTLQ--
DPB1*54:01	E2	85	87	AG	*		NYVHQLRQECYAFNGTQRFLERYIYNREEFVRFDSDVGEFRAVTELGRPEAEYWNSQKDILEEERAVPDRVCRHNYELDEAVTLQ--
DPB1*55:01	E2	87	87	AG	G		NYVHQLRQECYAFNGTQRFLERYIYNREEFVRFDSDVGEFRAVTELGRPAAEYWNSQKDILEEERAVPDRMCRHNYELDEAVTLQRR
DPB1*55:01	E3	93	93	TC	A		QPRVNVSPSKKGPLQHHNLLVCHVTDFYPGSIQVRWFLNGQEETAGVVSTNLIRNGDWTFQILVMLEMTPQQGDVYTCQVEHTSLDSPVTVEW
DPB1*58:01	E2	85	87	**	*		NYVHQLRQECYAFNGTQRFLERYIYNREELVRFDSDVGEFRAVTELGRPAAEYWNSQKDILEEERAVPDRMCRHNYELDEAVTLQ--
DPB1*59:01	E2	87	87	AG	G		NYLFQGRQECYAFNGTQRFLERYIYNREEFVRFDSDVGEFRAVTELGRPDEEYWNSQKDLLEEKRAVPDRMCRHNYELGGPMTLQRR
DPB1*59:01	E3	93	93	TC	A		QPRVNVSPSKKGPLQHHNLLVCHVTDFYPGSIQVRWFLNGQEETAGVVSTNLIRNGDWTFQILVMLEMTPQQGDVYTCQVEHTSMDSPVTVEW
DPB1*60:01	E2	85	87	AG	*		NYLFQGRQECYAFNGTQRFLERYIYNREEFVRFDSDVGEFRAVTELGRPDEEYWNSQKDNLEEKRAVPDRMCRHNYELGGPMTLQ--
DPB1*61:01N	E2	86	87	AG	*		NYVYQLRQECYAFNGTQRFLERYIYNREEFVRFDSDVGEFRAVTELGRPDEDYWNSQKDLLXEKRAVPDRVCRHNYELDEAVTLQR-
DPB1*62:01	E2	85	87	AG	*		NYLFQGRQECYAFNGTQRFLERYIYNREELVRFDSDVGEFRAVTELGRPAAEYWNSQKDILEEKRAVPDRMCRHNYELVGPMTLQ--
DPB1*63:01	E2	85	87	**	*		NYLFQGRQECYAFNGTQRFLERYIYNREELVRFDSDVGEFRAVTELGRPAAEYWNSQKDILEEKRAVPDRMCRHNYELDEAVTLQ--
DPB1*64:01N	E2	85	87	**	*		NXVYQLRQECYAFNGTQRFLERYIYNREEFVRFDSDVGEFRAVTELGRPDEDYWNSQKDLLEEERAVPDRMCRHNYELDEAVTLQ--
DPB1*65:01	E2	87	87	AG	G		NYLFQGRQECYAFNGTQRFLERYIYNREEYARFDSDVGEFRAVTELGRPAAEYWNSQKDILEEKRAVPDRVCRHNYELDEAVTLQRR
DPB1*66:01	E2	87	87	AG	G		NYVHQLRQECYAFNGTQRFLERYIYNREEFARFDSDVGEFRAVTELGRPAAEYWNSQKDILEEKRAVPDRMCRHNYELGGPMTLQRR
DPB1*67:01	E2	87	87	AG	G		NYVHQLRQECYAFNGTQRFLERYIYNREEFVRFDSDVGEFRAVTELGRPAAEYWNSQKDLLEEKRAVPDRVCRHNYELDEAVTLQRR
DPB1*68:01	E2	87	87	AG	*		NYLFQGRQECYAFNGTQRFLERYIYNREEFVRFDSDVGEFRAVTELGRPDEEYWNSQKDILEEKRAVPDRVCRHNYELDEAVTLQRR
DPB1*69:01	E2	83	87	AG	*		NYVYQLRQECYAFNGTQRFLERYIYNREEFVRFDSDVGEFRAVTELGRPDEDYWNSQKDLLEERRAVPDRMCRHNYELDEAVT----
DPB1*70:01	E2	85	87	**	*		NYVDQLRQECYAFNGTQRFLERYIYNREEFVRFDSDVGEFRAVTELGRPDEDYWNSQKDLLEEKRAVPDRVCRHNYELDEAVTLQ--
DPB1*71:01	E2	85	87	**	*		NYLFQGRQECYAFNGTQRFLERYIYNREEFVRFDSDVGEFRAVTELGRPAAEYWNSQKDILEEERAVPDRMCRHNYELGGPMTLQ--
DPB1*72:01	E2	85	87	**	*		NYLFQGRQECYAFNGTQRFLERYIYNREEFARFDSDVGEFRAVTELGRPAAEYWNSQKDLLEEKRAVPDRMCRHNYELGGPMTLQ--
DPB1*73:01	E2	85	87	**	*		NYLFQGRQECYAFNGTQRFLERYIYNREEFVRFDSDVGEFRAVTELGRPDEEYWNSQKDLLEEKRAVPDRVCRHNYELGGPMTLQ--
DPB1*76:01	E2	85	87	AG	*		NYVHQLRQECYAFNGTQRFLERYIYNREEFARFDSDVGEFRAVTELGRPDEDYWNSQKDLLEEKRAVPDRVCRHNYELDEAVTLQ--
DPB1*77:01	E2	87	87	AG	G		NYLFQGLQECYAFNGTQRFLERYIYNREEFVRFDSDVGEFRAVTELGRPDEEYWNSQKDILEEKRAVPDRMCRHNYELGGPMTLQRR
DPB1*78:01	E2	87	87	AG	G		NYVYQLRQECYAFNGTQRFLERYIYNREEFVRFDSDVGEFRAVTELGRPDEDYWNSQKDLLEEKRAVLDRVCRHNYELDEAVTLQRR
DPB1*79:01	E2	87	87	AG	G		NYVYQLRQECYAFNGTQRFLERYIYNREEFVRFDSDVGEFRAVTELGRPDEEYWNSQKDILEEKRAVPDRVCRHNYELDEAVTLQRR
DPB1*80:01	E2	87	87	AG	G		NYLFQGRQECYAFNGTQRFLERYIYNREEFVRFDSDVGEFRAVTELGRPDEDYWNSQKDILEEKRAVPDRMCRHNYELGGPMTLQRR
DPB1*81:01	E2	87	87	AG	G		NYLFQGRQECYAFNGTQRFLERYIYNREEFARFDSDVGEFRAVTELGRPDEEYWNSQKDILEEERAVPDRMCRHNYELGGPMTLQRR
DPB1*82:01	E2	87	87	AG	G		NYLFQGRQECYAFNGTQRFLERYIYNREEFVRFDSDVGEFRAVTELGRPDEEYWNSQKDILEEKRAVPDRMCRHNYELGGPMTLQHR
DPB1*83:01	E2	87	87	AG	G		NYLFQGRQECYAFNGTQRFLERYIYNREEFVRFDSDVGEFRAVTELGRPDEEYWNSQKDFLEEKRAVPDRMCRHNYELGGPMTLQRR
DPB1*84:01	E2	87	87	AG	*		NYLFQGRQECYAFNGTQRFLERYIYNREEFVRFDSDVGEFRAVTELGRPEEEYWNSQKDILEEKRAVPDRVCRHNYELDEAVTLQRR
DPB1*85:01	E2	87	87	AG	G		NYVYQLRQECYAFNGTQRFLERYIYNREEYARFDSDVGEFRAVTELGRPAAEYWNSQKDILEEKRAVPDRMCRHNYELDEAVTLQHR
DPB1*85:01	E3	93	93	TC	A		QPKVNVSPSKKGPLQHHNLLVCHVTDFYPGSIQVRWFLNGQEETAGVVSTNLIRNGDWTFQILVMLEMTPQQGDVYICQVEHTSLDSPVTVEW
DPB1*86:01	E2	87	87	*G	*		NYVHQLRQECYAFNGTQRFLERYIYNREEFVRFDSDVGEFRAVTELGRPDEDYWNSQKDILEEERAVPDRMCRHNYELGGPMTLQRR
DPB1*87:01	E2	87	87	AG	G		NYVYQLRQECYAFNGTQRFLERYIYNREEFVRFDSDVGEFRAVTELGRPAAEYWNSQKDLLEEKRAVPDRMCRHNYELDEAVTLQRR
DPB1*88:01	E2	87	87	AG	G		NYVYQLRQECYAFNGTQRFLERYIYNREEFVRFDSDVGEFRAVTELGRPDEDYWNSQKDILEEERAVPDRVCRHNYELDEAVTLQRR
DPB1*88:01	E3	93	93	TC	A		QPKVNVSPSKKGPLQHHNLLVCHVTDFYPGSIQVRWFLNGQEETAGVVSTNLIRNGDWTFQILVMLEMTPQQGDVYICQVEHTSLDSPVTVEW
DPB1*89:01	E2	87	87	AG	G		NYVYQGRQECYAFNGTQRFLERYIYNREEYARFDSDVGEFRAVTELGRPAAEYWNSQKDILEEKRAVPDRMCRHNYELDEAVTLQRR
DPB1*90:01	E2	87	87	AG	G		NYVYQGRQECYAFNGTQRFLERYIYNREEFARFDSDVGEFRAVTELGRPAAEYWNSQKDILEEKRAVPDRVCRHNYELDEAVTLQRR
DPB1*91:01	E2	87	87	AG	G		NYVHQLRQECYAFNGTQRFLERYIYNREEFVRFDSDVGEFRAVTELGRPDEDYWNSQKDLLEEKRAVPDRMCRHNYELDEAVTLQRR
DPB1*92:01	E2	87	87	AG	G		NYVYQLRQECYAFNGTQRFLERYIYNREEFARFDSDVGEFRAVTELGRPDEDYWNSQKDLLEEKRAVPDRVCRHNYELDEAVTLQRR
DPB1*93:01	E2	87	87	AG	G		NYVYQLRQECYAFNGTQRFLERYIYNREEFVRFDSDVGEFRAVTELGRPDEEYWNSQKDILEEERAVPDRMCRHNYELDEAVTLQRR
DPB1*94:01	E2	87	87	AG	G		NYLFQGRQECYAFNGTQRFLERYIYNREEFVRFDSDVGEFRAVTELGRPDEEYWNSQKDILEEKWAVPDRMCRHNYELGGPMTLQRR
DPB1*95:01	E2	87	87	AG	G		NYLFQGRQECYAFNGTQRFLERYIYNREELVRFDSDVGEFRAVTELGRPAAEYWNSQKDLLEEERAVPDRMCRHNYELGGPMTLQRR
DPB1*96:01	E2	87	87	AG	G		NYLFQGRQECYAFNGTQRFLERYIYNREEYARFDSDVGEFRAVTELGRPAAEYWNSQKHILEEKRAVPDRMCRHNYELGGPMTLQRR
DPB1*97:01	E2	87	87	AG	G		NYLFQGRQECYAFNGTQRFLERYIYNREELVRFDSDVWEFRAVTELGRPEAEYWNSQKDILEEKRAVPDRMCRHNYELDEAVTLQRR
DPB1*98:01	E2	87	87	AG	G		NYVHQLRQECYAFNGTQRFLERYIYNREEFVRFDSDVGEFRAVTELGRPDEDYWNSQKDILEEKRAVPDRMCRHNYELDEAVTLQRR
DPB1*99:01	E2	87	87	AG	G		NYLFQGRQECYAFNGTQRFLERDIYNREEFARFDSDVGEFRAVTELGRPAAEYWNSQKDILEEKRAVPDRMCRHNYELGGPMTLQRR
