DQA1*01:01-E1-L27-pre--suf-G-suf2-	DQA1*01:01	E1	27	27		G		MILNKALLLGALALTTVMSPCGGEDIV
DQA1*01:01-E2-L82-pre-CT-suf-G-suf2-	DQA1*01:01	E2	82	82	CT	G		DHVASCGVNLYQFYGPSGQYTHEFDGDEEFYVDLERKETAWRWPEFSKFGGFDPQGALRNMAVAKHNLNIMIKRYNSTAATN
DQA1*01:01-E3-L93-pre-AG-suf-G-suf2-	DQA1*01:01	E3	93	93	AG	G		VPEVTVFSKSPVTLGQPNTLICLVDNIFPPVVNITWLSNGQSVTEGVSETSFLSKSDHSFFKISYLTFLPSADEIYDCKVEHWGLDQPLLKHW
DQA1*01:01-E4-L51-pre-AG-suf--suf2-	DQA1*01:01	E4	51	51	AG			PEIPAPMSELTETVVCALGLSVGLVGIVVGTVFIIQGLRSVGASRHQGPLX
DQA1*01:02-E1-L27-pre--suf-G-suf2-	DQA1*01:02	E1	27	27		G		MILNKALLLGALALTTVMSPCGGEDIV
DQA1*01:02-E2-L82-pre-CT-suf-G-suf2-	DQA1*01:02	E2	82	82	CT	G		DHVASCGVNLYQFYGPSGQYTHEFDGDEQFYVDLERKETAWRWPEFSKFGGFDPQGALRNMAVAKHNLNIMIKRYNSTAATN
DQA1*01:02-E3-L93-pre-AG-suf-G-suf2-	DQA1*01:02	E3	93	93	AG	G		VPEVTVFSKSPVTLGQPNTLICLVDNIFPPVVNITWLSNGQSVTEGVSETSFLSKSDHSFFKISYLTFLPSADEIYDCKVEHWGLDQPLLKHW
DQA1*01:02-E4-L51-pre-AG-suf--suf2-	DQA1*01:02	E4	51	51	AG			PEIPAPMSELTETVVCALGLSVGLMGIVVGTVFIIQGLRSVGASRHQGPLX
DQA1*01:03-E1-L27-pre--suf-G-suf2-	DQA1*01:03	E1	27	27		G		MILNKALLLGALALTTVMSPCGGEDIV
DQA1*01:03-E2-L82-pre-CT-suf-G-suf2-	DQA1*01:03	E2	82	82	CT	G		DHVASCGVNLYQFYGPSGQFTHEFDGDEQFYVDLEKKETAWRWPEFSKFGGFDPQGALRNMAVAKHNLNIMIKRYNSTAATN
DQA1*01:03-E3-L93-pre-AG-suf-G-suf2-	DQA1*01:03	E3	93	93	AG	G		VPEVTVFSKSPVTLGQPNTLICLVDNIFPPVVNITWLSNGHAVTEGVSETSFLSKSDHSFFKISYLTFLPSADEIYDCKVEHWGLDQPLLKHW
DQA1*01:03-E4-L51-pre-AG-suf--suf2-	DQA1*01:03	E4	51	51	AG			PEIPAPMSELTETVVCALGLSVGLVGIVVGTVFIIQGLRSVGASRHQGPLX
DQA1*01:04-E1-L27-pre--suf-G-suf2-	DQA1*01:04	E1	27	27		G		MILNKALLLGALALTTMMSPCGGEGIV
DQA1*01:04-E2-L82-pre-CT-suf-G-suf2-	DQA1*01:04	E2	82	82	CT	G		DHVASCGVNLYQFYGPSGQYTHEFDGDEEFYVDLERKETAWRWPEFSKFGGFDPQGALRNMAVAKHNLNIMIKRYNSTAATN
DQA1*01:04-E3-L93-pre-AG-suf-G-suf2-	DQA1*01:04	E3	93	93	AG	G		VPEVTVFSKSPVTLGQPNTLICLVDNIFPPVVNITWLSNGQSVTEGVSETSFLSKSDHSFFKISYLTFLPSADEIYDCKVEHWGLDQPLLKHW
DQA1*01:04-E4-L51-pre-AG-suf--suf2-	DQA1*01:04	E4	51	51	AG			PEIPAPMSELTETVVCTLGLSVGLVGIVVGTVFIIQGLRSVGASRHQGPLX
DQA1*01:05-E1-L27-pre--suf-G-suf2-	DQA1*01:05	E1	27	27		G		MILNKALLLGALALTTMMSPCGGEGIV
DQA1*01:05-E2-L82-pre-CT-suf-G-suf2-	DQA1*01:05	E2	82	82	CT	G		DHVASCGVNLYQFYGPSGQYTHEFDGDEEFYVDLERKETAWRWPEFSKFGGFDPQGALRNMAVAKHNLNIMIKRYNSTAATN
DQA1*01:05-E3-L93-pre-AG-suf-G-suf2-	DQA1*01:05	E3	93	93	AG	G		VPEVTVFSKSPVTLGQPNTLICLVDNIFPPVVNITWLSNGQSVTEGVSETSFLSKSDHSFFKISYLTFLPSADEIYDCKVEHWGLDQPLLKHW
DQA1*01:05-E4-L51-pre-AG-suf--suf2-	DQA1*01:05	E4	51	51	AG			PEIPAPMSELTETVVCALGLSVGLVGIVVGTVFIIQGLRSVGASRHQGPLX
DQA1*01:06-E2-L82-pre-CT-suf-G-suf2-	DQA1*01:06	E2	82	82	CT	G		DHVASCGVNLYQFYGPSGQYTHEFDGDEQFYVDLERKEAAWRWPEFSKFGGFDPQGALRNMAVAKHNLNIMIKRYNSTAATN
DQA1*01:07Q-E1-L27-pre--suf-G-suf2-	DQA1*01:07Q	E1	27	27		G		MILNKALLLGALALTTMMSPCGGEGIV
DQA1*01:07Q-E2-L82-pre-CT-suf-G-suf2-	DQA1*01:07Q	E2	82	82	CT	G		DHVASCGVNLYQFYGPSGQYTHEFDGDEEFYVDLERKETAWRWPEFSKFGGFDPQGALRNMAVAKHNLNIMIKCYNSTAATN
DQA1*01:07Q-E3-L93-pre-AG-suf-G-suf2-	DQA1*01:07Q	E3	93	93	AG	G		VPEVTVFSKSPVTLGQPNTLICLVDNIFPPVVNITWLSNGQSVTEGVSETSFLSKSDHSFFKISYLTFLPSADEIYDCKVEHWGLDQPLLKHW
DQA1*01:07Q-E4-L51-pre-AG-suf--suf2-	DQA1*01:07Q	E4	51	51	AG			PEIPAPMSELTETVVCTLGLSVGLVGIVVGTVFIIQGLRSVGASRHQGPLX
DQA1*01:08-E2-L82-pre-CT-suf-G-suf2-	DQA1*01:08	E2	82	82	CT	G		DHVASCGVNLYQFYGPSGQYTHEFDGDEQFYVDLERKETAWRWPEFSKFGGFDPQGALRNMAVAKHNLNIMIKRYNSTAATN
DQA1*01:08-E3-L93-pre-AG-suf-G-suf2-	DQA1*01:08	E3	93	93	AG	G		VPEVTVFSKSPVTLGQPNTLICLVDNIFPPVVNITWLSNGQSVTEAVSETSFLSKSDHSFFKISYLTFLPSADEIYDCKVEHWGLDQPLLKHW
DQA1*01:09-E2-L82-pre-CT-suf-G-suf2-	DQA1*01:09	E2	82	82	CT	G		DHVASCGVNLYQFYGPSGQYTHEFDGDEQFYVDLERKETAWRWPEFSKFGGFDPQGALRNMAVAKHNLNIMIKRYNSTAATN
DQA1*01:09-E3-L93-pre-AG-suf-G-suf2-	DQA1*01:09	E3	93	93	AG	G		VPEVTVFSKSPVTLDQPNTLICLVDNIFPPVVNITWLSNGQSVTEGVSETSFLSKSDHSFFKISYLTFLPSADEIYDCKVEHWGLDQPLLKHW
DQA1*01:10-E1-L27-pre--suf-G-suf2-	DQA1*01:10	E1	27	27		G		MILNKALLLGALALTTVMSPCGGEDIV
DQA1*01:10-E2-L82-pre-CT-suf-G-suf2-	DQA1*01:10	E2	82	82	CT	G		DHVASCGVNLYQFYGPSGQFTHEFDGDEQFYVDLEKKETAWRWPEFSKFGGFDPQGALRNMAVAKHNLNIMIKRYNSTTATN
DQA1*01:10-E3-L93-pre-AG-suf-G-suf2-	DQA1*01:10	E3	93	93	AG	G		VPEVTVFSKSPVTLGQPNTLICLVDNIFPPVVNITWLSNGHAVTEGVSETSFLSKSDHSFFKISYLTFLPSADEIYDCKVEHWGLDQPLLKHW
DQA1*01:10-E4-L51-pre-AG-suf--suf2-	DQA1*01:10	E4	51	51	AG			PEIPAPMSELTETVVCALGLSVGLVGIVVGTVFIIQGLRSVGASRHQGPLX
DQA1*01:11-E1-L27-pre--suf-G-suf2-	DQA1*01:11	E1	27	27		G		MILNKALLLGALALTTVMSPCGGEDIV
DQA1*01:11-E2-L82-pre-CT-suf-G-suf2-	DQA1*01:11	E2	82	82	CT	G		DHVASCGVNLYQFYGPSGQYTHEFDGDEQFYVDLERKETAWRWPEFSKFGGFDPQGALRNMAVAKHNLNIMIKRYNSTAATN
DQA1*01:11-E3-L93-pre-AG-suf-G-suf2-	DQA1*01:11	E3	93	93	AG	G		VPEVTVFSKSPVTLGQPNTLICLVDNIFPPVVNITWLSNGQSVTEGVSETSFLSKSDHSFFKISYLTFLPSADEIYDCKVEHWGLDQPLLKHW
DQA1*01:11-E4-L51-pre-AG-suf--suf2-	DQA1*01:11	E4	51	51	AG			PEILAPMSELTETVVCALGLSVGLMGIVVGTVFIIQGLRSVGASRHQGPLX
DQA1*01:12-E2-L82-pre-CT-suf-G-suf2-	DQA1*01:12	E2	82	82	CT	G		DHVASCGVNLYQFYGPSGQYTHEFDGDEEFYVDLERKETAWRWPEFSKFGGFDPQGALRNMAVAKHNLNIMIKRYNSTAATN
DQA1*01:12-E3-L93-pre-AG-suf-G-suf2-	DQA1*01:12	E3	93	93	AG	G		VPEVTVFSKSPVTLGQPNTLICLVDNIFPPVVNITWLSNGQSVTEGVSETSFLSKSDHSFFKISYLTFLPSADEIYDCKVQHWGLDQPLLKHW
DQA1*02:01-E1-L27-pre--suf-G-suf2-	DQA1*02:01	E1	27	27		G		MILNKALMLGALALTTVMSPCGGEDIV
DQA1*02:01-E2-L81-pre-CT-suf-G-suf2-	DQA1*02:01	E2	81	82	CT	G		DHVASYGVNLYQSYGPSGQFTHEFDGDEEFYVDLERKETVWKLPLFHRL-RFDPQFALTNIAVLKHNLNILIKRSNSTAATN
DQA1*02:01-E3-L93-pre-AG-suf-G-suf2-	DQA1*02:01	E3	93	93	AG	G		VPEVTVFSKSPVTLGQPNTLICLVDNIFPPVVNITWLSNGHSVTEGVSETSFLSKSDHSFFKISYLTFLPSADEIYDCKVEHWGLDEPLLKHW
DQA1*02:01-E4-L51-pre-AG-suf--suf2-	DQA1*02:01	E4	51	51	AG			PEIPAPMSELTETVVCALGLSVGLVGIVVGTVLIIRGLRSVGASRHQGPLX
DQA1*03:01-E1-L27-pre--suf-G-suf2-	DQA1*03:01	E1	27	27		G		MILNKALMLGALALTTVMSPCGGEDIV
DQA1*03:01-E2-L82-pre-CT-suf-G-suf2-	DQA1*03:01	E2	82	82	CT	G		DHVASYGVNLYQSYGPSGQYSHEFDGDEEFYVDLERKETVWQLPLFRRFRRFDPQFALTNIAVLKHNLNIVIKRSNSTAATN
DQA1*03:01-E3-L93-pre-AG-suf-G-suf2-	DQA1*03:01	E3	93	93	AG	G		VPEVTVFSKSPVTLGQPNTLICLVDNIFPPVVNITWLSNGHSVTEGVSETSFLSKSDHSFFKISYLTFLPSADEIYDCKVEHWGLDEPLLKHW
DQA1*03:01-E4-L51-pre-AG-suf--suf2-	DQA1*03:01	E4	51	51	AG			PEIPTPMSELTETVVCALGLSVGLVGIVVGTVLIIRGLRSVGASRHQGPLX
DQA1*03:02-E1-L27-pre--suf-G-suf2-	DQA1*03:02	E1	27	27		G		MILNKALMLGALALTTVTSPCGGEDIV
DQA1*03:02-E2-L82-pre-CT-suf-G-suf2-	DQA1*03:02	E2	82	82	CT	G		DHVASYGVNLYQSYGPSGQYSHEFDGDEEFYVDLERKETVWQLPLFRRFRRFDPQFALTNIAVLKHNLNIVIKRSNSTAATN
DQA1*03:02-E3-L93-pre-AG-suf-G-suf2-	DQA1*03:02	E3	93	93	AG	G		VPEVTVFSKSPVTLGQPNTLICLVDNIFPPVVNITWLSNGHSVTEGVSETSFLSKSDHSFFKISYLTFLPSDDEIYDCKVEHWGLDEPLLKHW
DQA1*03:02-E4-L51-pre-AG-suf--suf2-	DQA1*03:02	E4	51	51	AG			PEIPTPMSELTETVVCALGLSVGLVGIVVGTVLIIRGLRSVGASRHQGPLX
DQA1*03:03-E1-L27-pre--suf-G-suf2-	DQA1*03:03	E1	27	27		G		MILNKALMLGALALTTVMSPCGGEDIV
DQA1*03:03-E2-L82-pre-CT-suf-G-suf2-	DQA1*03:03	E2	82	82	CT	G		DHVASYGVNLYQSYGPSGQYSHEFDGDEEFYVDLERKETVWQLPLFRRFRRFDPQFALTNIAVLKHNLNIVIKRSNSTAATN
DQA1*03:03-E3-L93-pre-AG-suf-G-suf2-	DQA1*03:03	E3	93	93	AG	G		VPEVTVFSKSPVTLGQPNTLICLVDNIFPPVVNITWLSNGHSVTEGVSETSFLSKSDHSFFKISYLTFLPSDDEIYDCKVEHWGLDEPLLKHW
DQA1*03:03-E4-L51-pre-AG-suf--suf2-	DQA1*03:03	E4	51	51	AG			PEIPTPMSELTETVVCALGLSVGLVGIVVGTVLIIRGLRSVGASRHQGPLX
DQA1*04:01-E1-L27-pre--suf-G-suf2-	DQA1*04:01	E1	27	27		G		MILNKALLLGALALTTVMSPCGGEDIV
DQA1*04:01-E2-L81-pre-CT-suf-G-suf2-	DQA1*04:01	E2	81	82	CT	G		DHVASYGVNLYQSYGPSGQYTHEFDGDEQFYVDLGRKETVWCLPVLRQF-RFDPQFALTNIAVTKHNLNILIKRSNSTAATN
DQA1*04:01-E3-L93-pre-AG-suf-G-suf2-	DQA1*04:01	E3	93	93	AG	G		VPEVTVFSKSPVTLGQPNTLICLVDNIFPPVVNITWLSNGHSVTEGVSETSFLSKSDHSFFKISYLTFLPSADEIYDCKVEHWGLDEPLLKHW
DQA1*04:01-E4-L51-pre-AG-suf--suf2-	DQA1*04:01	E4	51	51	AG			PEIPAPMSELTETVVCALGLSVGLVGIVVGTVFIIRGLRSVGASRHQGPLX
DQA1*04:02-E1-L27-pre--suf-G-suf2-	DQA1*04:02	E1	27	27		G		MILNKALLLGALALTTVMSPCGGEDIV
DQA1*04:02-E2-L81-pre-CT-suf-G-suf2-	DQA1*04:02	E2	81	82	CT	G		DHVASYGVNLYQSYGPSGQYTHEFDGDEQFYVDLGRKETVWCLPVLRQF-RFDPQFALTNIAVTKHNLNILIKRSNSTAATN
DQA1*04:02-E3-L93-pre-AG-suf-G-suf2-	DQA1*04:02	E3	93	93	AG	G		VPEVTVFSKSPVTLGQPNTLICLVDNIFPPVVNITWLSNGHSVTEGVSEISFLSKSDHSFFKISYLTFLPSADEIYDCKVEHWGLDEPLLKHW
DQA1*04:02-E4-L51-pre-AG-suf--suf2-	DQA1*04:02	E4	51	51	AG			PEIPAPMSELTETVVCALGLSVGLVGIVVGTVFIIRGLRSVGASRHQGPLX
DQA1*04:03N-E2-L81-pre-CT-suf-G-suf2-	DQA1*04:03N	E2	81	82	CT	G		DHVASYGVNLYQSYGPSGQYTHEFDGDEQFYVDLGRKETVWCLPVLRXF-RFDPQFALTNIAVTKHNLNILIKRSNSTAATN
DQA1*04:04-E2-L81-pre-CT-suf-G-suf2-	DQA1*04:04	E2	81	82	CT	G		DHVASYGVNLYQSYGPSGQYTHEFDGDEQFYVDLGRKETVWCLPVLRQF-RFDPQFALTNIAVTKHNLNILIKRSNSTAATN
DQA1*04:04-E3-L93-pre-AG-suf-G-suf2-	DQA1*04:04	E3	93	93	AG	G		VPEVTVFSKSPVTLGQPNTLICLVDNIFPPVVNITWLSNGHSVTEGVSETSFLSKSDHSFFKISHLTFLPSADEIYDCKVEHWGLDEPLLKHW
DQA1*05:01-E1-L27-pre--suf-G-suf2-	DQA1*05:01	E1	27	27		G		MILNKALMLGALALTTVMSPCGGEDIV
DQA1*05:01-E2-L81-pre-CT-suf-*-suf2-	DQA1*05:01	E2	81	82	CT	*		DHVASYGVNLYQSYGPSGQYTHEFDGDEQFYVDLGRKETVWCLPVLRQF-RFDPQFALTNIAVLKHNLNSLIKRSNSTAATN
DQA1*05:01-E2-L81-pre-CT-suf-G-suf2-	DQA1*05:01	E2	81	82	CT	G		DHVASYGVNLYQSYGPSGQYTHEFDGDEQFYVDLGRKETVWCLPVLRQF-RFDPQFALTNIAVLKHNLNSLIKRSNSTAATN
DQA1*05:01-E3-L93-pre-AG-suf-G-suf2-	DQA1*05:01	E3	93	93	AG	G		VPEVTVFSKSPVTLGQPNILICLVDNIFPPVVNITWLSNGHSVTEGVSETSFLSKSDHSFFKISYLTLLPSAEESYDCKVEHWGLDKPLLKHW
DQA1*05:01-E4-L51-pre-AG-suf--suf2-	DQA1*05:01	E4	51	51	AG			PEIPAPMSELTETVVCALGLSVGLVGIVVGTVFIIRGLRSVGASRHQGPLX
DQA1*05:03-E1-L27-pre--suf-G-suf2-	DQA1*05:03	E1	27	27		G		MILNKALMLGALALTTVMSPCGGEDIV
DQA1*05:03-E2-L81-pre-CT-suf-G-suf2-	DQA1*05:03	E2	81	82	CT	G		DHVASYGVNLYQSYGPSGQYTHEFDGDEQFYVDLGRKETVWCLPVLRQF-RFDPQFALTNIAVLKHNLNSLIKRSNSTAATN
DQA1*05:03-E3-L93-pre-AG-suf-G-suf2-	DQA1*05:03	E3	93	93	AG	G		VPEVTVFSKSPVTLGQPNILICLVDNIFPPVVNITWLSNGHSVTEGVSETSFLSKSDHSFFKISYLTLLPSSEESYDCKVEHWGLDKPLLKHW
DQA1*05:03-E4-L51-pre-AG-suf--suf2-	DQA1*05:03	E4	51	51	AG			PEIPAPMSELTETVVCALGLSVGLVGIVVGTVFIIRGLRSVGASRHQGPLX
DQA1*05:04-E2-L81-pre-CT-suf-G-suf2-	DQA1*05:04	E2	81	82	CT	G		DHVASYGVNLYQSYGLSGQYTHEFDGDEQFYVDLGRKETVWCLPVLRQF-RFDPQFALTNIAVLKHNLNSLIKRSNSTAATN
DQA1*05:05-E1-L27-pre--suf-G-suf2-	DQA1*05:05	E1	27	27		G		MILNKALMLGTLALTTVMSPCGGEDIV
DQA1*05:05-E2-L81-pre-CT-suf-G-suf2-	DQA1*05:05	E2	81	82	CT	G		DHVASYGVNLYQSYGPSGQYTHEFDGDEQFYVDLGRKETVWCLPVLRQF-RFDPQFALTNIAVLKHNLNSLIKRSNSTAATN
DQA1*05:05-E3-L93-pre-AG-suf-G-suf2-	DQA1*05:05	E3	93	93	AG	G		VPEVTVFSKSPVTLGQPNILICLVDNIFPPVVNITWLSNGHSVTEGVSETSFLSKSDHSFFKISYLTLLPSAEESYDCKVEHWGLDKPLLKHW
DQA1*05:05-E4-L51-pre-AG-suf--suf2-	DQA1*05:05	E4	51	51	AG			PEIPAPMSELTETVVCALGLSVGLVGIVVGTVFIIRGLRSVGASRHQGPLX
DQA1*05:06-E1-L27-pre--suf-G-suf2-	DQA1*05:06	E1	27	27		G		MILNKALMLGALALTTVMSPCGGEDIV
DQA1*05:06-E2-L81-pre-CT-suf-G-suf2-	DQA1*05:06	E2	81	82	CT	G		DHVASYGVNLYQSYGPSGQYTHEFDGDEQFYVDLGRKETVWCLPVLRQF-RFDPQFALTNIAVLKHNLNSLIKRSNSTAATN
DQA1*05:06-E3-L93-pre-AG-suf-G-suf2-	DQA1*05:06	E3	93	93	AG	G		VPEVTVFSKSPVTVGQPNILICLVDNIFPPVVNITWLSNGHSVTEGVSETSFLSKSDHSFFKISYLTLLPSSEESYDCKVEHWGLDKPLLKHW
DQA1*05:06-E4-L51-pre-AG-suf--suf2-	DQA1*05:06	E4	51	51	AG			PEIPAPMSELTETVVCALGLSVGLVGIVVGTVFIIRGLRSVGASRHQGPLX
DQA1*05:07-E1-L27-pre--suf-G-suf2-	DQA1*05:07	E1	27	27		G		MILNKALMLGALALTTVMSPCGGEDIV
DQA1*05:07-E2-L81-pre-CT-suf-G-suf2-	DQA1*05:07	E2	81	82	CT	G		DHVASYGVNLYQSYGPSGQYTHEFDGDEQFYVDLGRKETVWCLPVLRQF-RFDPQFALTNIAVLKHNLNSLIKRSNSTAATN
DQA1*05:07-E3-L93-pre-AG-suf-G-suf2-	DQA1*05:07	E3	93	93	AG	G		VPEVTVFSKSPVTLGQPNILICLVDNIFPPVVNITWLSNGHSVTEGVSETSFLSKSDHSFFKISYLTLLPSSEESYDCKVEHWGLDKPLLKHW
DQA1*05:07-E4-L51-pre-AG-suf--suf2-	DQA1*05:07	E4	51	51	AG			PEIPAPMSELTETVVCALGLSVGLVCIVVGTVFIIRGLRSVGASRHQGPLX
DQA1*05:08-E1-L27-pre--suf-G-suf2-	DQA1*05:08	E1	27	27		G		MILNKALMLGTLALTTVMSPCGGEDIV
DQA1*05:08-E2-L81-pre-CT-suf-G-suf2-	DQA1*05:08	E2	81	82	CT	G		DHVASYGVNLYQSYGPSGQYTHEFDGDEQFYVDLGRKETVWCLPVLRQF-RFDPQFALTNIAVLKHNLNSLIKRSNSTAATN
DQA1*05:08-E3-L93-pre-AG-suf-G-suf2-	DQA1*05:08	E3	93	93	AG	G		VPEVTVFSKSPVTLGQPNILICLVDNIFPPVVNITWLSNGHSVTEGVSETIFLSKSDHSFFKISYLTLLPSAEESYDCKVEHWGLDKPLLKHW
DQA1*05:08-E4-L51-pre-AG-suf--suf2-	DQA1*05:08	E4	51	51	AG			PEIPAPMSELTETVVCALGLSVGLVGIVVGTVFIIRGLRSVGASRHQGPLX
DQA1*05:09-E1-L27-pre--suf-G-suf2-	DQA1*05:09	E1	27	27		G		MILNKALMLGTLALTTVMSPCGGKDIV
DQA1*05:09-E2-L81-pre-CT-suf-G-suf2-	DQA1*05:09	E2	81	82	CT	G		DHVASYGVNLYQSYGPSGQYTHEFDGDEQFYVDLGRKETVWCLPVLRQF-RFDPQFALTNIAVLKHNLNSLIKRSNSTAATN
DQA1*05:09-E3-L93-pre-AG-suf-G-suf2-	DQA1*05:09	E3	93	93	AG	G		VPEVTVFSKSPVTLGQPNILICLVDNIFPPVVNITWLSNGHSVTEGVSETSFLSKSDHSFFKISYLTLLPSAEESYDCKVEHWGLDKPLLKHW
DQA1*05:09-E4-L51-pre-AG-suf--suf2-	DQA1*05:09	E4	51	51	AG			PEIPAPMSELTETVVCALGLSVGLVGIVVGTVFIIRGLRSVGASRHQGPLX
DQA1*05:10-E2-L81-pre-CT-suf-G-suf2-	DQA1*05:10	E2	81	82	CT	G		DHVASYGVNLYQSYGPSGQYTHEFDGDEQFYVDLGRKETVWCLPVLRQF-RFDPQFALTNIAVLKHNLNSLVKRSNSTAATN
DQA1*05:10-E3-L93-pre-AG-suf-G-suf2-	DQA1*05:10	E3	93	93	AG	G		VPEVTVFSKSPVTLGQPNILICLVDNIFPPVVNITWLSNGHSVTEGVSETSFLSKSDHSFFKISYLTLLPSAEESYDCKVEHWGLDKPLLKHW
DQA1*05:11-E1-L27-pre--suf-G-suf2-	DQA1*05:11	E1	27	27		G		MILNKALMLGTLALTTVMSPCGGEDIV
DQA1*05:11-E2-L81-pre-CT-suf-G-suf2-	DQA1*05:11	E2	81	82	CT	G		DHVASYGVNLYQSYGPSGQYTHEFDGDEQFYVDLGRKETVWCLPVLRQF-RFDPQFALTNIAVLKHNLNSLIKRSNSTAATN
DQA1*05:11-E3-L93-pre-AG-suf-G-suf2-	DQA1*05:11	E3	93	93	AG	G		VPEVTVFSKSPVTLGQPNILICLVDNIFPPVVNITWLSNGHSVTEGVSETSFLSKSDHSFFKISYLTLLPSAEESYDCKVEHWGLDKPLLKHW
DQA1*05:11-E4-L51-pre-AG-suf--suf2-	DQA1*05:11	E4	51	51	AG			PEIPAPMSELTGTVVCALGLSVGLVGIVVGTVFIIRGLRSVGASRHQGPLX
DQA1*06:01-E1-L27-pre--suf-G-suf2-	DQA1*06:01	E1	27	27		G		MILNKALLLGALALTTVMSPCGGEDIV
DQA1*06:01-E2-L81-pre-CT-suf-G-suf2-	DQA1*06:01	E2	81	82	CT	G		DHVASYGVNLYQSYGPSGQFTHEFDGDEQFYVDLGRKETVWCLPVLRQF-RFDPQFALTNIAVTKHNLNILIKRSNSTAATN
DQA1*06:01-E3-L93-pre-AG-suf-G-suf2-	DQA1*06:01	E3	93	93	AG	G		VPEVTVFSKSPVTLGQPNTLICLVDNIFPPVVNITWLSNGHSVTEGVSETSFLSKSDHSFFKISYLTFLPSADEIYDCKVEHWGLDEPLLKHW
DQA1*06:01-E4-L51-pre-AG-suf--suf2-	DQA1*06:01	E4	51	51	AG			PEIPAPMSELTETVVCALGLSVGLVGIVVGTVFIIRGLRSVGASRHQGPLX
DQA1*06:02-E2-L81-pre-CT-suf-G-suf2-	DQA1*06:02	E2	81	82	CT	G		DHVASYGVNLYQSYGPSGQFTHEFDGDEQFYVDLGRKETVWCLPVLRQF-RFDPQFALTNIAVTKHNLNILIKRSNSTAATN
DQA1*06:02-E3-L93-pre-AG-suf-G-suf2-	DQA1*06:02	E3	93	93	AG	G		VPEVTVFSKSPVTLGQPNTLICLVDNIFPPVVNITWLSNGHSVTEGVSETRFLSKSDHSFFKISYLTFLPSADEIYDCKVEHWGLDEPLLKHW
