E*01:01-E1-L21-pre--suf-G-suf2-	E*01:01	E1	21	21		G		MVDGTLLLLLSEALALTQTWA
E*01:01-E2-L89-pre-GC-suf-G-suf2-	E*01:01	E2	89	89	GC	G		SHSLKYFHTSVSRPGRGEPRFISVGYVDDTQFVRFDNDAASPRMVPRAPWMEQEGSEYWDRETRSARDTAQIFRVNLRTLRGYYNQSEA
E*01:01-E3-L91-pre-GG-suf-G-suf2-	E*01:01	E3	91	91	GG	G		SHTLQWMHGCELGPDRRFLRGYEQFAYDGKDYLTLNEDLRSWTAVDTAAQISEQKSNDASEAEHQRAYLEDTCVEWLHKYLEKGKETLLHL
E*01:01-E4-L91-pre-AG-suf-A-suf2-	E*01:01	E4	91	91	AG	A		PPKTHVTHHPISDHEATLRCWALGFYPAEITLTWQQDGEGHTQDTELVETRPAGDGTFQKWAAVVVPSGEEQRYTCHVQHEGLPEPVTLRW
E*01:01-E5-L38-pre-AG-suf-G-suf2-	E*01:01	E5	38	38	AG	G		PASQPTIPIVGIIAGLVLLGSVVSGAVVAAVIWRKKSS
E*01:01-E6-L10-pre-GT-suf-T-suf2-	E*01:01	E6	10	10	GT	T		GKGGSYSKAE
E*01:01-E7-L13-pre-GG-suf--suf2-	E*01:01	E7	13	13	GG			SDSAQGSESHSLX
E*01:03-E1-L21-pre--suf-G-suf2-	E*01:03	E1	21	21		G		MVDGTLLLLLSEALALTQTWA
E*01:03-E2-L89-pre-GC-suf-G-suf2-	E*01:03	E2	89	89	GC	G		SHSLKYFHTSVSRPGRGEPRFISVGYVDDTQFVRFDNDAASPRMVPRAPWMEQEGSEYWDRETRSARDTAQIFRVNLRTLRGYYNQSEA
E*01:03-E3-L91-pre-GG-suf-G-suf2-	E*01:03	E3	91	91	GG	G		SHTLQWMHGCELGPDGRFLRGYEQFAYDGKDYLTLNEDLRSWTAVDTAAQISEQKSNDASEAEHQRAYLEDTCVEWLHKYLEKGKETLLHL
E*01:03-E4-L91-pre-AG-suf-A-suf2-	E*01:03	E4	91	91	AG	A		PPKTHVTHHPISDHEATLRCWALGFYPAEITLTWQQDGEGHTQDTELVETRPAGDGTFQKWAAVVVPSGEEQRYTCHVQHEGLPEPVTLRW
E*01:03-E5-L38-pre-AG-suf-G-suf2-	E*01:03	E5	38	38	AG	G		PASQPTIPIVGIIAGLVLLGSVVSGAVVAAVIWRKKSS
E*01:03-E6-L10-pre-GT-suf-T-suf2-	E*01:03	E6	10	10	GT	T		GKGGSYSKAE
E*01:03-E7-L13-pre-GG-suf--suf2-	E*01:03	E7	13	13	GG			SDSAQGSESHSLX
E*01:04-E3-L91-pre-GG-suf-*-suf2-	E*01:04	E3	91	91	GG	*		SHTLQWMHGCELGPDGRFLRGYEQFAYDGKDYLTLNEDLRSWTAVDTAAQISEQKSNDASEAEHQGAYLEDTCVEWLHKYLEKGKETLLHL
E*01:05-E2-L89-pre-GC-suf-G-suf2-	E*01:05	E2	89	89	GC	G		SHSLKYFHTSVSRPGRGEPRFISVGYVDDTQFVRFDNDAASPRMVPRAPWMEQEGSEYWDRETRSARDTAQIFRVNLRTLRGYYNQSKA
E*01:05-E3-L91-pre-GG-suf-G-suf2-	E*01:05	E3	91	91	GG	G		SHTLQWMHGCELGPDGRFLRGYEQFAYDGKDYLTLNEDLRSWTAVDTAAQISEQKSNDASEAEHQRAYLEDTCVEWLHKYLEKGKETLLHL
E*01:06-E1-L21-pre--suf-G-suf2-	E*01:06	E1	21	21		G		MVDGTLLLLLSEALALTQTWA
E*01:06-E2-L89-pre-GC-suf-G-suf2-	E*01:06	E2	89	89	GC	G		SHSLKYFHTSVSRPGRGEPRFISVGYVDDTQFVRFDNDAASPRMVPRAPWMEQEGSEYWDRETRSARDTAQIFRVNLRTLRGYYNQSEA
E*01:06-E3-L91-pre-GG-suf-G-suf2-	E*01:06	E3	91	91	GG	G		SHTLQWMHGCELGPDGRFLRGYEQFAYDGKDYLTLNEDLRSWTAVDTAAQISEQKSNDASEAEHQRAYLEDTCVEWLHKYLEKGKETLLHL
E*01:06-E4-L91-pre-AG-suf-A-suf2-	E*01:06	E4	91	91	AG	A		PPKTHVTHHPISDHEATLRCWALGFYPAEITLTWQQDGEGHTQDTELVETRPAGDGTFQKWAAVVVPSGEEQRYTCHVQHEGLSEPVTLRW
E*01:06-E5-L38-pre-AG-suf-G-suf2-	E*01:06	E5	38	38	AG	G		PASQPTIPIVGIIAGLVLLGSVVSGAVVAAVIWRKKSS
E*01:06-E6-L10-pre-GT-suf-T-suf2-	E*01:06	E6	10	10	GT	T		GKGGSYSKAE
E*01:06-E7-L13-pre-GG-suf--suf2-	E*01:06	E7	13	13	GG			SDSAQGSESHSLX
E*01:07-E2-L89-pre-GC-suf-G-suf2-	E*01:07	E2	89	89	GC	G		SHSLKYFHTSVSRPGRGEPRFISVGYVDDTQFVRFDNDAASPRMVPRAPWMEQEGSEYWDRETRSARDTAQIFRVNLRTLRGYYNQSEA
E*01:07-E3-L91-pre-GG-suf-G-suf2-	E*01:07	E3	91	91	GG	G		SHTLQWMHGCELGPDRRFLRGYEQFAYDGKDYLTLNEDLRSWTAVDTAAQISEQKSNDASEAEHQRVYLEDTCVEWLHKYLEKGKETLLHL
E*01:08N-E1-L21-pre--suf-G-suf2-	E*01:08N	E1	21	21		G		MVDGTLLLLLSEALALTQTWA
E*01:08N-E2-L89-pre-GC-suf-G-suf2-	E*01:08N	E2	89	89	GC	G		SHSLKYFHTSVSRPGRGEPRFISVGYVDDTQFVRFDNDAASPRMVPRAPWMEQEGSEYWDRETRSARDTAQIFRVNLRTLRGXYNQSEA
E*01:08N-E3-L91-pre-GG-suf-G-suf2-	E*01:08N	E3	91	91	GG	G		SHTLQWMHGCELGPDGRFLRGYEQFAYDGKDYLTLNEDLRSWTAVDTAAQISEQKSNDASEAEHQRAYLEDTCVEWLHKYLEKGKETLLHL
E*01:08N-E4-L91-pre-AG-suf-A-suf2-	E*01:08N	E4	91	91	AG	A		PPKTHVTHHPISDHEATLRCWALGFYPAEITLTWQQDGEGHTQDTELVETRPAGDGTFQKWAAVVVPSGEEQRYTCHVQHEGLPEPVTLRW
E*01:08N-E5-L38-pre-AG-suf-G-suf2-	E*01:08N	E5	38	38	AG	G		PASQPTIPIVGIIAGLVLLGSVVSGAVVAAVIWRKKSS
E*01:08N-E6-L10-pre-GT-suf-T-suf2-	E*01:08N	E6	10	10	GT	T		GKGGSYSKAE
E*01:08N-E7-L13-pre-GG-suf--suf2-	E*01:08N	E7	13	13	GG			SDSAQGSESHSLX
E*01:09-E1-L21-pre--suf-G-suf2-	E*01:09	E1	21	21		G		MVDGTLLLLLSEALALTQTWA
E*01:09-E2-L89-pre-GC-suf-G-suf2-	E*01:09	E2	89	89	GC	G		SHSLKYFHTSVSRPGRGEPRFISVGYVDDTQFVRFDNDAASPRMVPRAPWMEQEGSEYWDRETRSARDTAQIFRVNLRTLRGYYNQSEA
E*01:09-E3-L91-pre-GG-suf-G-suf2-	E*01:09	E3	91	91	GG	G		SHTLQWMHGCELGPDRRFLRGYEQFAYDGKDYLTLNEDLRSWTAVDTAAQISEQKSNDASEAEHQRAYLEDTCVEWLHKYLEKGKETLLHL
E*01:09-E4-L91-pre-AG-suf-A-suf2-	E*01:09	E4	91	91	AG	A		PPKTHVTHHPISDHEATLRCWALGFYPAEITLTWQQDGEGHTQDTELVETRPAGDGTFQKWAAVVVPSGEEPRYTCHVQHEGLPEPVTLRW
E*01:09-E5-L38-pre-AG-suf-G-suf2-	E*01:09	E5	38	38	AG	G		PASQPTIPIVGIIAGLVLLGSVVSGAVVAAVIWRKKSS
E*01:09-E6-L10-pre-GT-suf-T-suf2-	E*01:09	E6	10	10	GT	T		GKGGSYSKAE
E*01:09-E7-L13-pre-GG-suf--suf2-	E*01:09	E7	13	13	GG			SDSAQGSESHSLX
