F*01:01-E1-L21-pre--suf-G-suf2-	F*01:01	E1	21	21		G		MAPRSLLLLLSGALALTDTWA
F*01:01-E2-L89-pre-GC-suf-G-suf2-	F*01:01	E2	89	89	GC	G		SHSLRYFSTAVSRPGRGEPRYIAVEYVDDTQFLRFDSDAAIPRMEPREPWVEQEGPQYWEWTTGYAKANAQTDRVALRNLLRRYNQSEA
F*01:01-E3-L91-pre-GG-suf-G-suf2-	F*01:01	E3	91	91	GG	G		SHTLQGMNGCDMGPDGRLLRGYHQHAYDGKDYISLNEDLRSWTAADTVAQITQRFYEAEEYAEEFRTYLEGECLELLRRYLENGKETLQRA
F*01:01-E4-L91-pre-AT-suf-G-suf2-	F*01:01	E4	91	91	AT	G		PPKAHVAHHPISDHEATLRCWALGFYPAEITLTWQRDGEEQTQDTELVETRPAGDGTFQKWAAVVVPSGEEQRYTCHVQHEGLPQPLILRW
F*01:01-E5-L38-pre-AG-suf-G-suf2-	F*01:01	E5	38	38	AG	G		QSPQPTIPIVGIVAGLVVLGAVVTGAVVAAVMWRKKSS
F*01:01-E6-L10-pre-AT-suf-G-suf2-	F*01:01	E6	10	10	AT	G		RNRGSYSQAA
F*01:01-E7-L15-pre-TC-suf-G-suf2-	F*01:01	E7	15	15	TC	G		TDSAQGSGVSLTANK
F*01:02-E1-L21-pre--suf-G-suf2-	F*01:02	E1	21	21		G		MAPRSLLLLLSGVLALTDTWA
F*01:02-E2-L89-pre-GC-suf-G-suf2-	F*01:02	E2	89	89	GC	G		SHSLRYFSTAVSRPGRGEPRYIAVEYVDDTQFLRFDSDAAIPRMEPREPWVEQEGPQYWEWTTGYAKANAQTDRVALRNLLRRYNQSEA
F*01:02-E3-L91-pre-GG-suf-G-suf2-	F*01:02	E3	91	91	GG	G		SHTLQGMNGCDMGPDGRLLRGYHQHAYDGKDYISLNEDLRSWTAADTVAQITQRFYEAEEYAEEFRTYLEGECLELLRRYLENGKETLQRA
F*01:02-E4-L91-pre-AT-suf-G-suf2-	F*01:02	E4	91	91	AT	G		PPKAHVAHHPISDHEATLRCWALGFYPAEITLTWQRDGEEQTQDTELVETRPAGDGTFQKWAAVVVPSGEEQRYTCHVQHEGLPQPLILRW
F*01:02-E5-L38-pre-AG-suf-G-suf2-	F*01:02	E5	38	38	AG	G		QSPQPTIPIVGIVAGLVVLGAVVTGAVVAAVMWRKKSS
F*01:02-E6-L10-pre-AT-suf-G-suf2-	F*01:02	E6	10	10	AT	G		RNRGSYSQAA
F*01:02-E7-L15-pre-TC-suf-G-suf2-	F*01:02	E7	15	15	TC	G		TDSAQGSGVSLTANK
F*01:03-E1-L21-pre--suf-G-suf2-	F*01:03	E1	21	21		G		MAPRSLLLLLSGALALTDTWA
F*01:03-E2-L89-pre-GC-suf-G-suf2-	F*01:03	E2	89	89	GC	G		SHSLRYFSTAVSRPGRGEPRYIAVEYVDDTQFLRFDSDAAIPRMEPREPWVEQEGPQYWEWTTGYAKANAQTDRVALRNLLRRYNQSEA
F*01:03-E3-L91-pre-GG-suf-G-suf2-	F*01:03	E3	91	91	GG	G		SHTLQGMNGCDMGPDGRLLRGYHQHAYDGKDYISLNEDLRSWTAADTVAQITQRFYEAEEYAEEFRTYLEGECLELLRRYLENGKETLQRA
F*01:03-E4-L91-pre-AT-suf-G-suf2-	F*01:03	E4	91	91	AT	G		PPKAHVAHHPISDHEATLRCWALGFYPAEITLTWQRDGEEQTQDTELVETRPAGDGTFQKWAAVVVPPGEEQRYTCHVQHEGLPQPLILRW
F*01:03-E5-L38-pre-AG-suf-G-suf2-	F*01:03	E5	38	38	AG	G		QSPQPTIPIVGIVAGLVVLGAVVTGAVVAAVMWRKKSS
F*01:03-E6-L10-pre-AT-suf-G-suf2-	F*01:03	E6	10	10	AT	G		RNRGSYSQAA
F*01:03-E7-L15-pre-TC-suf-G-suf2-	F*01:03	E7	15	15	TC	G		TDSAQGSGVSLTANK
F*01:04-E1-L21-pre--suf-G-suf2-	F*01:04	E1	21	21		G		MAPRSLLLLLSGALALTDTWA
F*01:04-E2-L89-pre-GC-suf-G-suf2-	F*01:04	E2	89	89	GC	G		SHSLRYFSTAVSRPGRGEPRYIAVEYVDDTQFLRFDSDAAIPRMEPREQWVEQEGPQYWEWTTGYAKANAQTDRVALRNLLRRYNQSEA
F*01:04-E3-L91-pre-GG-suf-G-suf2-	F*01:04	E3	91	91	GG	G		SHTLQGMNGCDMGPDGRLLRGYHQHAYDGKDYISLNEDLRSWTAADTVAQITQRFYEAEEYAEEFRTYLEGECLELLRRYLENGKETLQRA
F*01:04-E4-L91-pre-AT-suf-G-suf2-	F*01:04	E4	91	91	AT	G		PPKAHVAHHPISDHEATLRCWALGFYPAEITLTWQRDGEEQTQDTELVETRPAGDGTFQKWAAVVVPSGEEQRYTCHVQHEGLPQPLILRW
F*01:04-E5-L38-pre-AG-suf-G-suf2-	F*01:04	E5	38	38	AG	G		QSPQPTIPIVGIVAGLVVLGAVVTGAVVAAVMWRKKSS
F*01:04-E6-L10-pre-AT-suf-G-suf2-	F*01:04	E6	10	10	AT	G		RNRGSYSQAA
F*01:04-E7-L15-pre-TC-suf-G-suf2-	F*01:04	E7	15	15	TC	G		TDSAQGSGVSLTANK
