G*01:01-E1-L24-pre--suf-G-suf2-	G*01:01	E1	24	24		G		MVVMAPRTLFLLLSGALTLTETWA
G*01:01-E2-L89-pre-GC-suf-A-suf2-	G*01:01	E2	89	89	GC	A		SHSMRYFSAAVSRPGRGEPRFIAMGYVDDTQFVRFDSDSACPRMEPRAPWVEQEGPEYWEEETRNTKAHAQTDRMNLQTLRGYYNQSEA
G*01:01-E3-L91-pre-GT-suf-*-suf2-	G*01:01	E3	91	97	GT	*		SHTLQWMIGCDLGSDGRLLRGYEQYAYDGKDYLALNEDLRSWTAADTAAQISKRKCEAANVAEQRRAYLEGTCVEWLHRYLENGKEMLQRA------
G*01:01-E3-L91-pre-GT-suf-G-suf2-	G*01:01	E3	91	97	GT	G		SHTLQWMIGCDLGSDGRLLRGYEQYAYDGKDYLALNEDLRSWTAADTAAQISKRKCEAANVAEQRRAYLEGTCVEWLHRYLENGKEMLQRA------
G*01:01-E4-L91-pre-AC-suf-*-suf2-	G*01:01	E4	91	91	AC	*		PPKTHVTHHPVFDYEATLRCWALGFYPAEIILTWQRDGEDQTQDVELVETRPAGDGTFQKWAAVVVPSGEEQRYTCHVQHEGLPEPLMLRW
G*01:01-E4-L91-pre-AC-suf-A-suf2-	G*01:01	E4	91	91	AC	A		PPKTHVTHHPVFDYEATLRCWALGFYPAEIILTWQRDGEDQTQDVELVETRPAGDGTFQKWAAVVVPSGEEQRYTCHVQHEGLPEPLMLRW
G*01:01-E5-L38-pre-AG-suf-G-suf2-	G*01:01	E5	38	38	AG	G		QSSLPTIPIMGIVAGLVVLAAVVTGAAVAAVLWRKKSS
G*01:02-E2-L89-pre-GC-suf-A-suf2-	G*01:02	E2	89	89	GC	A		SHSMRYFSAAVSRPGRGEPRFIAMGYVDDTQFVRFDSDSACPRMEPRAPWVEREGPEYWEEETRNTKAHAQTDRMNLQTLRGYYNQSEA
G*01:02-E3-L91-pre-GT-suf-G-suf2-	G*01:02	E3	91	97	GT	G		SHTLQWMIGCDLGSDGRLLRGYEQYAYDGKDYLALNEDLRSWTAADTAAQISKRKCEAANVAEQRRAYLEGTCVEWLHRYLENGKEMLQRA------
G*01:02-E4-L91-pre-AC-suf-A-suf2-	G*01:02	E4	91	91	AC	A		PPKTHVTHHPVFDYEATLRCWALGFYPAEIILTWQRDGEDQTQDVELVETRPAGDGTFQKWAAVVVPSGEEQRYTCHVQHEGLPEPLMLRW
G*01:02-E5-L38-pre-AG-suf-G-suf2-	G*01:02	E5	38	38	AG	G		QSSLPTIPIMGIVAGLVVLAAVVTGAAVAAVLWRKKSS
G*01:03-E1-L24-pre--suf-G-suf2-	G*01:03	E1	24	24		G		MVVMAPRTLFLLLSGALTLTETWA
G*01:03-E2-L89-pre-GC-suf-A-suf2-	G*01:03	E2	89	89	GC	A		SHSMRYFSAAVSRPGRGEPRFIAMGYVDDSQFVRFDSDSACPRMEPRAPWVEQEGPEYWEEETRNTKAHAQTDRMNLQTLRGYYNQSEA
G*01:03-E3-L91-pre-GT-suf-G-suf2-	G*01:03	E3	91	97	GT	G		SHTLQWMIGCDLGSDGRLLRGYEQYAYDGKDYLALNEDLRSWTAADTAAQISKRKCEAANVAEQRRAYLEGTCVEWLHRYLENGKEMLQRA------
G*01:03-E4-L91-pre-AC-suf-A-suf2-	G*01:03	E4	91	91	AC	A		PPKTHVTHHPVFDYEATLRCWALGFYPAEIILTWQRDGEDQTQDVELVETRPAGDGTFQKWAAVVVPSGEEQRYTCHVQHEGLPEPLMLRW
G*01:03-E5-L38-pre-AG-suf-G-suf2-	G*01:03	E5	38	38	AG	G		QSSLPTIPIMGIVAGLVVLAAVVTGAAVAAVLWRKKSS
G*01:04-E1-L24-pre--suf-G-suf2-	G*01:04	E1	24	24		G		MVVMAPRTLFLLLSGALTLTETWA
G*01:04-E2-L89-pre-GC-suf-A-suf2-	G*01:04	E2	89	89	GC	A		SHSMRYFSAAVSRPGRGEPRFIAMGYVDDTQFVRFDSDSACPRMEPRAPWVEQEGPEYWEEETRNTKAHAQTDRMNLQTLRGYYNQSEA
G*01:04-E3-L91-pre-GT-suf-G-suf2-	G*01:04	E3	91	97	GT	G		SHTLQWMIGCDLGSDGRLIRGYEQYAYDGKDYLALNEDLRSWTAADTAAQISKRKCEAANVAEQRRAYLEGTCVEWLHRYLENGKEMLQRA------
G*01:04-E4-L91-pre-AC-suf-*-suf2-	G*01:04	E4	91	91	AC	*		PPKTHVTHHPVFDYEATLRCWALGFYPAEIILTWQRDGEDQTQDVELVETRPAGDGTFQKWAAVVVPSGEEQRYTCHVQHEGLPEPLMLRW
G*01:04-E4-L91-pre-AC-suf-A-suf2-	G*01:04	E4	91	91	AC	A		PPKTHVTHHPVFDYEATLRCWALGFYPAEIILTWQRDGEDQTQDVELVETRPAGDGTFQKWAAVVVPSGEEQRYTCHVQHEGLPEPLMLRW
G*01:04-E5-L38-pre-AG-suf-G-suf2-	G*01:04	E5	38	38	AG	G		QSSLPTIPIMGIVAGLVVLAAVVTGAAVAAVLWRKKSS
G*01:05N-E1-L24-pre--suf-G-suf2-	G*01:05N	E1	24	24		G		MVVMAPRTLFLLLSGALTLTETWA
G*01:05N-E2-L89-pre-GC-suf-A-suf2-	G*01:05N	E2	89	89	GC	A		SHSMRYFSAAVSRPGRGEPRFIAMGYVDDTQFVRFDSDSACPRMEPRAPWVEQEGPEYWEEETRNTKAHAQTDRMNLQTLRGYYNQSEA
G*01:05N-E3-L90-pre-GT-suf-G-suf2-CG	G*01:05N	E3	90	97	GT	G	CG	SHTLQWMIGCDLGSDGRLLRGYEQYAYDGKDYLALNED-----CAPGPQRTLRLRSPSASV--RRPMWLNKGEPTWRARAWSGSTDTWRTGRRCCSA
G*01:05N-E4-L91-pre-AC-suf-A-suf2-	G*01:05N	E4	91	91	AC	A		PPKTHVTHHPVFDYEATLRCWALGFYPAEIILTWQRDGEDQTQDVELVETRPAGDGTFQKWAAVVVPSGEEQRYTCHVQHEGLPEPLMLRW
G*01:05N-E5-L38-pre-AG-suf-G-suf2-	G*01:05N	E5	38	38	AG	G		QSSLPTIPIMGIVAGLVVLAAVVTGAAVAAVLWRKKSS
G*01:06-E1-L24-pre--suf-G-suf2-	G*01:06	E1	24	24		G		MVVMAPRTLFLLLSGALTLTETWA
G*01:06-E2-L89-pre-GC-suf-A-suf2-	G*01:06	E2	89	89	GC	A		SHSMRYFSAAVSRPGRGEPRFIAMGYVDDTQFVRFDSDSACPRMEPRAPWVEQEGPEYWEEETRNTKAHAQTDRMNLQTLRGYYNQSEA
G*01:06-E3-L91-pre-GT-suf-G-suf2-	G*01:06	E3	91	97	GT	G		SHTLQWMIGCDLGSDGRLLRGYEQYAYDGKDYLALNEDLRSWTAADTAAQISKRKCEAANVAEQRRAYLEGTCVEWLHRYLENGKEMLQRA------
G*01:06-E4-L91-pre-AC-suf-A-suf2-	G*01:06	E4	91	91	AC	A		PPKTHVTHHPVFDYEATLRCWALGFYPAEIILTWQRDGEDQTQDVELVETRPAGDGTFQKWAAVVVPSGEEQRYMCHVQHEGLPEPLMLRW
G*01:06-E5-L38-pre-AG-suf-G-suf2-	G*01:06	E5	38	38	AG	G		QSSLPTIPIMGIVAGLVVLAAVVTGAAVAAVLWRKKSS
G*01:07-E1-L24-pre--suf-G-suf2-	G*01:07	E1	24	24		G		MVVMAPRTLFLLLSGALTLTETWA
G*01:07-E2-L89-pre-GC-suf-A-suf2-	G*01:07	E2	89	89	GC	A		SHSMRYFSAAVFRPGRGEPRFIAMGYVDDTQFVRFDSDSACPRMEPRAPWVEQEGPEYWEEETRNTKAHAQTDRMNLQTLRGYYNQSEA
G*01:07-E3-L91-pre-GT-suf-G-suf2-	G*01:07	E3	91	97	GT	G		SHTLQWMIGCDLGSDGRLIRGYEQYAYDGKDYLALNEDLRSWTAADTAAQISKRKCEAANVAEQRRAYLEGTCVEWLHRYLENGKEMLQRA------
G*01:07-E4-L91-pre-AC-suf-A-suf2-	G*01:07	E4	91	91	AC	A		PPKTHVTHHPVFDYEATLRCWALGFYPAEIILTWQRDGEDQTQDVELVETRPAGDGTFQKWAAVVVPSGEEQRYTCHVQHEGLPEPLMLRW
G*01:07-E5-L38-pre-AG-suf-G-suf2-	G*01:07	E5	38	38	AG	G		QSSLPTIPIMGIVAGLVVLAAVVTGAAVAAVLWRKKSS
G*01:08-E1-L24-pre--suf-G-suf2-	G*01:08	E1	24	24		G		MVVMAPRTLFLLLSGALTLTETWA
G*01:08-E2-L89-pre-GC-suf-A-suf2-	G*01:08	E2	89	89	GC	A		SHSMRYFSAAVSRPGRGEPRFIAMGYVDDTQFVRFDSDSACPRMEPRAPWVEQEGPEYWEEETRNTKAHAQTDRMNLQTLRGYYNQSEA
G*01:08-E3-L91-pre-GT-suf-G-suf2-	G*01:08	E3	91	97	GT	G		SHTLQWMIGCDLGSDGRLLRGYEQYAYDGKDYLALNEDLRSWTAADTAAQISKRKCEAANVAEQRRAYLEGTCVEWLHRYLENGKEMLQRA------
G*01:08-E4-L91-pre-AC-suf-A-suf2-	G*01:08	E4	91	91	AC	A		PPKTHVTHHPVFDYEATLRCWALGFYPAEIILTWQWDGEDQTQDVELVETRPAGDGTFQKWAAVVVPSGEEQRYTCHVQHEGLPEPLMLRW
G*01:08-E5-L38-pre-AG-suf-G-suf2-	G*01:08	E5	38	38	AG	G		QSSLPTIPIMGIVAGLVVLAAVVTGAAVAAVLWRKKSS
G*01:09-E2-L89-pre-GC-suf-A-suf2-	G*01:09	E2	89	89	GC	A		SHSMRYFSAAVSRPGRGEPRFIAMGYVDDTQFVRFDSDSACPRMEPRAPWVEQEGPEYWEEETRNTKAHAQTDRMNLQTLRGYYNQSEA
G*01:09-E3-L91-pre-GT-suf-G-suf2-	G*01:09	E3	91	97	GT	G		SHTLQWMIGCDLGSDGRLLRGYEQYAYDGKDYLALNEDLRSWTAADTAAQISKRKCEAANVAEQRRAHLEGTCVEWLHRYLENGKEMLQRA------
G*01:10-E2-L89-pre-GC-suf-A-suf2-	G*01:10	E2	89	89	GC	A		SHSMRYFSAAVSRPGRGEPRFIAMGYVDDMQFVRFDSDSACPRMEPRAPWVEQEGPEYWEEETRNTKAHAQTDRMNLQTLRGYYNQSEA
G*01:10-E3-L91-pre-GT-suf-G-suf2-	G*01:10	E3	91	97	GT	G		SHTLQWMIGCDLGSDGRLLRGYEQYAYDGKDYLALNEDLRSWTAADTAAQISKRKCEAANVAEQRRAYLEGTCVEWLHRYLENGKEMLQRA------
G*01:11-E2-L89-pre-GC-suf-A-suf2-	G*01:11	E2	89	89	GC	A		SHSMRYFSAAVSRPGRGEPRFIAMGYVDDMQFVRFDSDSACPRMEPRAPWVEQEGPEYWEEETRNTKAHAQTDRMNLQTLRGYYNQSEA
G*01:11-E3-L91-pre-GT-suf-G-suf2-	G*01:11	E3	91	97	GT	G		SHTLQWMIGCDLGSDGRLIRGYEQYAYDGKDYLALNEDLRSWTAADTAAQISKRKCEAANVAEQRRAYLEGTCVEWLHRYLENGKEMLQRA------
G*01:12-E2-L89-pre-GC-suf-A-suf2-	G*01:12	E2	89	89	GC	A		SHSMRYFSAAVSRPGRGEPRFIAMGHVDDTQFVRFDSDSACPRMEPRAPWVEQEGPEYWEEETRNTKAHAQTDRMNLQTLRGYYNQSEA
G*01:12-E3-L91-pre-GT-suf-G-suf2-	G*01:12	E3	91	97	GT	G		SHTLQWMIGCDLGSDGRLLRGYEQYAYDGKDYLALNEDLRSWTAADTAAQISKRKCEAANVAEQRRAYLEGTCVEWLHRYLENGKEMLQRA------
G*01:12-E4-L91-pre-AC-suf-A-suf2-	G*01:12	E4	91	91	AC	A		PPKTHVTHHPVFDYEATLRCWALGFYPAEIILTWQRDGEDQTQDVELVETRPAGDGTFQKWAAVVVPSGEEQRYTCHVQHEGLPEPLMLRW
G*01:13N-E2-L89-pre-GC-suf-A-suf2-	G*01:13N	E2	89	89	GC	A		SHSMRYFSAAVSRPGRGEPRFIAMGYVDDTQFVRFDSDSACPRMEPRAPWVEXEGPEYWEEETRNTKAHAQTDRMNLQTLRGYYNQSEA
G*01:13N-E3-L91-pre-GT-suf-G-suf2-	G*01:13N	E3	91	97	GT	G		SHTLQWMIGCDLGSDGRLLRGYEQYAYDGKDYLALNEDLRSWTAADTAAQISKRKCEAANVAEQRRAYLEGTCVEWLHRYLENGKEMLQRA------
G*01:13N-E4-L91-pre-AC-suf-A-suf2-	G*01:13N	E4	91	91	AC	A		PPKTHVTHHPVFDYEATLRCWALGFYPAEIILTWQRDGEDQTQDVELVETRPAGDGTFQKWAAVVVPSGEEQRYTCHVQHEGLPEPLMLRW
G*01:14-E2-L89-pre-GC-suf-A-suf2-	G*01:14	E2	89	89	GC	A		SHSMRYFSAAVSRPGRGEPRFIAMGYVDDTQFVRFDSDSACPRMEPRAPWVEQEGPEYWEEETRNTKAHAQTDRMNLQTLRGYYNQSEA
G*01:14-E3-L91-pre-GT-suf-G-suf2-	G*01:14	E3	91	97	GT	G		SHTLQWMIDCDLGSDGRLLRGYEQYAYDGKDYLALNEDLRSWTAADTAAQISKRKCEAANVAEQRRAYLEGTCVEWLHRYLENGKEMLQRA------
G*01:14-E4-L91-pre-AC-suf-A-suf2-	G*01:14	E4	91	91	AC	A		PPKTHVTHHPVFDYEATLRCWALGFYPAEIILTWQQDGEDQTQDVELVETRPAGDGTFQKWAAVVVPSGEEQRYMCHVQHEGLPEPLMLRW
G*01:15-E2-L89-pre-GC-suf-A-suf2-	G*01:15	E2	89	89	GC	A		SHSMRYFSAAVSRPGRGEPRFIAMGYVDDTQFVRFDSDSACPRMEPRAPWVEQEGPEYWEEETRNTKAHAQTDRMNLQTLRGYYNQSEA
G*01:15-E3-L91-pre-GT-suf-G-suf2-	G*01:15	E3	91	97	GT	G		SHTLQWMIGCDLVSDGRLIRGYEQYAYDGKDYLALNEDLRSWTAADTAAQISKRKCEAANVAEQRRAYLEGTCVEWLHRYLENGKEMLQRA------
G*01:15-E4-L91-pre-AC-suf-A-suf2-	G*01:15	E4	91	91	AC	A		PPKTHVTHHPVFDYEATLRCWALGFYPAEIILTWQRDGEDQTQDVELVETRPAGDGTFQKWAAVVVPSGEEQRYTCHVQHEGLPEPLMLRW
G*01:16-E2-L89-pre-GC-suf-A-suf2-	G*01:16	E2	89	89	GC	A		SHSMRYFSAAVSRPGRGEPRFIAMGYVDDTQFVRFDSDSACPRMEPRAPWVEQEGPEYWEEETRNTKAHAQTDRMNLQTLRGYYNQSEA
G*01:16-E3-L91-pre-GT-suf-G-suf2-	G*01:16	E3	91	97	GT	G		SHTLQWMIGCDLGCDGRLLRGYEQYAYDGKDYLALNEDLRSWTAADTAAQISKRKCEAANVAEQRRAYLEGTCVEWLHRYLENGKEMLQRA------
G*01:16-E4-L91-pre-AC-suf-A-suf2-	G*01:16	E4	91	91	AC	A		PPKTHVTHHPVFDYEATLRCWALGFYPAEIILTWQRDGEDQTQDVELVETRPAGDGTFQKWAAVVVPSGEEQRYMCHVQHEGLPEPLMLRW
G*01:17-E2-L89-pre-GC-suf-A-suf2-	G*01:17	E2	89	89	GC	A		SHSMRYFSAAVSRPGRGEPRFIAMGYVDDTQFVRFDSDSACPRMEPRAPWVEQEGPEYWEEETRNTKAHAQTDRMNLQTLRGYYNQSEA
G*01:17-E3-L91-pre-GT-suf-G-suf2-	G*01:17	E3	91	97	GT	G		SHTLQWMIGCDLGSDGRLLRGYEQYAYDGKDYLALNEDLRSWTAADTAAQISKRKCEAANVAEQRRAYLEGTCVEWLRRHLENGKEMLQRA------
G*01:18-E2-L89-pre-GC-suf-A-suf2-	G*01:18	E2	89	89	GC	A		SHSMRYFSAAVSRPGRGEPRFIAMGYVDDTQFVRFDSDSACPRMEPRAPWVEQEGPEYWEEETRNTKAHAQTDRMNLQTLRGYYNQSEA
G*01:18-E3-L91-pre-GT-suf-G-suf2-	G*01:18	E3	91	97	GT	G		SHTLQWMIGCDLGSDGRLLRGYEQYAYDGKDYLALNEDLRSWTAADTAAQISKRKCEAANVAEQRRAYLEGTCVEWLHRYLENGKEMLQRA------
G*01:18-E4-L91-pre-AC-suf-A-suf2-	G*01:18	E4	91	91	AC	A		PAKTHVTHHPVFDYEATLRCWALGFYPAEIILTWQRDGEDQTQDVELVETRPAGDGTFQKWAAVVVPSGEEQRYTCHVQHEGLPEPLMLRW
G*01:19-E2-L89-pre-GC-suf-A-suf2-	G*01:19	E2	89	89	GC	A		SHSMRYFSAAVSRPGRGEPRFIAMGYVDDTQFLRFDSDSACPRMEPRAPWVEQEGPEYWEEETRNTKAHAQTDRMNLQTLRGYYNQSEA
G*01:19-E3-L91-pre-GT-suf-G-suf2-	G*01:19	E3	91	97	GT	G		SHTLQWMIGCDLGSDGRLIRGYEQYAYDGKDYLALNEDLRSWTAADTAAQISKRKCEAANVAEQRRAYLEGTCVEWLHRYLENGKEMLQRA------
G*01:19-E4-L91-pre-AC-suf-A-suf2-	G*01:19	E4	91	91	AC	A		PPKTHVTHHPVFDYEATLRCWALGFYPAEIILTWQRDGEDQTQDVELVETRPAGDGTFQKWAAVVVPSGEEQRYTCHVQHEGLPEPLMLRW
