H*01:01-E1-L24-pre--suf-C-suf2-	H*01:01	E1	24	26		C		MVLMAPRTLLLLLSGALALT--QTWA
H*01:01-E2-L89-pre-GC-suf-G-suf2-	H*01:01	E2	89	89	GC	G		SHSMRYFYTTMSRPGRGEPRFISVGYVDDTQFVRFDSDAASQRMEPRAPWMEREGPEYWDRNTQICKAQAQTERENLRIALRYYNQSEG
H*01:01-E3-L91-pre-GT-suf-G-suf2-	H*01:01	E3	91	91	GT	G		SHTMQVMYGCDVGPDGRFLRGYEQHAYDSKDYIALNEDLRSWTAADMAAQITKRKWEAARQAEQLRAYLEGEFVEWLRRYLENGKETLQRA
H*01:01-E4-L91-pre-AC-suf--suf2-	H*01:01	E4	91	100	AC			PPKTHMTHHPISDHEATLRCWALGFYPA----EITLTWQRDGEDQTHTRSSWRPGLQGMEPSRSGRL--WWCLLERSRDTP-AMCSMRVCQSPSPXDG--
H*01:01-E5-L39-pre--suf--suf2-	H*01:01	E5	39	39				SHLPSPPSPSWASLLAWFYLXLWSLELWSLLXCGGRRAQ
H*01:01-E6-L11-pre--suf--suf2-	H*01:01	E6	11	11				IEKEGATLRLQ
H*01:01-E7-L15-pre--suf-AG-suf2-	H*01:01	E7	15	15		AG		AATVPRALMCLSRRE
H*01:02-E1-L24-pre--suf-C-suf2-	H*01:02	E1	24	26		C		MVLMAPRTLLLLLSGALALT--QTWA
H*01:02-E2-L89-pre-GC-suf-G-suf2-	H*01:02	E2	89	89	GC	G		SHSMRYFYTTMSRPGRGEPRFISVGYVDDTQFVRFDSDAASQRMEPRAPWMEREGPEYWDRNTQICKAQAQTERENLRIALLYYNQSEG
H*01:02-E3-L91-pre-GT-suf-G-suf2-	H*01:02	E3	91	91	GT	G		SHTMQVMYGCDVGPDGRFLRGYEQHAYDGKDYIALNEDLRSWTAADMAAQITKRKWEAARRAEQLRAYLEGEFVEWLRRYLENGKETLQRA
H*01:02-E4-L91-pre-AC-suf--suf2-	H*01:02	E4	91	100	AC			PPKTHMTHHPISDHEATLRCWALGFYPA----EITLTWQRDGEDQTHTRSSWRPGLQGMEPSRSGRL--WWCLLERSRDTP-AMCSMRVCQSPSPXDG--
H*01:02-E5-L39-pre--suf--suf2-	H*01:02	E5	39	39				SHLPSPPSPSWASLLAWFYLXLWSLELWSLLXCGGRRAQ
H*01:02-E6-L11-pre--suf--suf2-	H*01:02	E6	11	11				IEKEGATLRLQ
H*01:02-E7-L15-pre--suf-AG-suf2-	H*01:02	E7	15	15		AG		AATVPRALMCLSRRE
H*02:01-E1-L24-pre--suf-C-suf2-	H*02:01	E1	24	26		C		MVLMAPRTLLLLLSGALALT--QTWA
H*02:01-E2-L89-pre-GC-suf-G-suf2-	H*02:01	E2	89	89	GC	G		SHSMRYFYTTMSRPGRGEPRFISVGYVDDTQFVRFDSDDASPREEPRAPWMEREGPEYWDRNTQICKAQARTERENLRIALRYYNQSEG
H*02:01-E3-L91-pre-GT-suf-G-suf2-	H*02:01	E3	91	91	GT	G		SHTMQVMYGCDVGPDGRFLCGYEQHAYDGKDYIALNEDLRSWTAADMAAQITKRKWEAARRAEQRRVYLEGEFVEWLRRYLENGKETLQRA
H*02:01-E4-L91-pre-AC-suf--suf2-	H*02:01	E4	91	100	AC			PPKTHMTHHPISDHEATLRCWALGFYPA----EITLTWQRDGEDQTHTRSSWRPGLQGMEPSRSGRL--WWCLLERSRDTP-AMCSMRVCQSPSPXDG--
H*02:01-E5-L39-pre--suf--suf2-	H*02:01	E5	39	39				SHLPSPPSPSWASLLAWFYLXLWSLELWSLLXCGGRRAQ
H*02:01-E6-L11-pre--suf--suf2-	H*02:01	E6	11	11				IEKEGATLRLQ
H*02:01-E7-L15-pre--suf-AG-suf2-	H*02:01	E7	15	15		AG		AATVPRALMCLSQRE
H*02:02-E1-L22-pre--suf-C-suf2-	H*02:02	E1	22	26		C		MVLMAPRTLLLLLSGALT----QTWA
H*02:02-E2-L89-pre-GC-suf-G-suf2-	H*02:02	E2	89	89	GC	G		SHSMRYFYTTMSRPGRGEPRFISVGYVDYTQFVRFDSDDASPREEPRAPWMEREGPEYWDRNTQICKAQARTERENLRIALRYYNQSEG
H*02:02-E3-L91-pre-GT-suf-G-suf2-	H*02:02	E3	91	91	GT	G		SHTMQVMYGCDVGPDGRFLRGYEQHAYDGKDYIALNEDLRSWTAADMAAQITKRKWEAARVAEQLRAYLEGEFVEWLRRYLENGKETLQRA
H*02:02-E4-L91-pre-AC-suf--suf2-	H*02:02	E4	91	100	AC			PPKTHMTHYPISDHEATLRCWALGFYPA----EITLTWQRDGEDQTHTRSSWRPGLQGMEPSRSGRL--WWCLLERSRDTP-AMCSMRVCPSPSPXDG--
H*02:02-E5-L39-pre--suf--suf2-	H*02:02	E5	39	39				SHLPSPPSPSWASLLAWFYLXLWSLELWSLLXCGGRRAQ
H*02:02-E6-L11-pre--suf--suf2-	H*02:02	E6	11	11				IEKEGATLRLQ
H*02:02-E7-L15-pre--suf-AG-suf2-	H*02:02	E7	15	15		AG		AATVPRALMCLSRRE
H*02:03-E1-L22-pre--suf-C-suf2-	H*02:03	E1	22	26		C		MVLMAPRTLLLLLSGALT----QTWA
H*02:03-E2-L89-pre-GC-suf-G-suf2-	H*02:03	E2	89	89	GC	G		SHSMRYFYTTMSRPGRGEPRFISVGYVDDTQFVRFDSDDASPREEPRAPWMEREGPEYWDRNTQICKAQARTERENLRIALRYYNQSEG
H*02:03-E3-L91-pre-GT-suf-G-suf2-	H*02:03	E3	91	91	GT	G		SHTMQVMYGCDVGPDGRFLRGYEQHAYDGKDYIALNEDLRSWTAADMAAQITKRKWEAARRAEQLRAYLEGEFVEWLRRYLENGKETLQRA
H*02:03-E4-L91-pre-AC-suf--suf2-	H*02:03	E4	91	100	AC			PPKTHMTHYPISDHEATLRCWALGFYPA----EITLTWQRDGEDQTHTRSSWRPGLQGMEPSRSGRL--WWCLLERSRDTP-AMCSMRVCPSPSPXDG--
H*02:03-E5-L39-pre--suf--suf2-	H*02:03	E5	39	39				SHLPSPPSPSWASLLAWFYLXLWSLELWSLLXCGGRRAQ
H*02:03-E6-L11-pre--suf--suf2-	H*02:03	E6	11	11				IEKEGATLRLQ
H*02:03-E7-L15-pre--suf-AG-suf2-	H*02:03	E7	15	15		AG		AATVPRALMCLSRRE
H*02:04-E1-L26-pre--suf-C-suf2-	H*02:04	E1	26	26		C		MVLMAPRTLLLLLSGALALTLTQTWA
H*02:04-E2-L89-pre-GC-suf-G-suf2-	H*02:04	E2	89	89	GC	G		SHSMRYFYTTMSRPGRGEPRFISVGYVDDTQFVRFDSDDASPREEPRAPWMEREGPEYWDRNTQICKAQAQTERENLRIALRYYNQSEG
H*02:04-E3-L91-pre-GT-suf-G-suf2-	H*02:04	E3	91	91	GT	G		SHTMQVMYGCDVGPDGRFLRGYEQHAYDGKDYIALNEDLRSWTAADMAAQITKRKWEAARRAEQLRAYLEGEFVEWLRRYLENGKETLQRA
H*02:04-E4-L91-pre-AC-suf--suf2-GG	H*02:04	E4	91	100	AC		GG	PPQDTYDPPPHLXPXGHPEVLGPGLLPCGDHTDLAAGWGGPDPGHGARGDQACRGWNLPEVGGCGGA--FW----RGAEIHLPCAAXGSARAPHPEM---
H*02:04-E5-L39-pre--suf--suf2-	H*02:04	E5	39	39				SHLPSPTSPSWASLLAWFYLXLWSLELWSLLXCGGRRAQ
H*02:04-E6-L11-pre--suf--suf2-	H*02:04	E6	11	11				IEKEGATLRLQ
H*02:04-E7-L15-pre--suf-AG-suf2-	H*02:04	E7	15	15		AG		AATVPRALMCLSRLE
H*02:05-E1-L24-pre--suf-C-suf2-	H*02:05	E1	24	26		C		MVLMAPRTLLLLLSGALALT--QTWA
H*02:05-E2-L89-pre-GC-suf-G-suf2-	H*02:05	E2	89	89	GC	G		SHSMRYFYTTMSRPGRGEPRFISVGYVDDTQFVRFDSDDASPREEPRAPWMEREGPEYWDRNTQICKAQARTERENLRIALRYYNQSEG
H*02:05-E3-L91-pre-GT-suf-G-suf2-	H*02:05	E3	91	91	GT	G		SHTMQVMYGCDLGPDGRFLRGYEQHAYDGKDYIALNEDLRSWTAADMAAQITKRKWEAARRAEQRRVYLEGEFVEWLRRYLENGKETLQRA
H*02:05-E4-L91-pre-AC-suf--suf2-	H*02:05	E4	91	100	AC			PPKTHMTHHPISDHEATLRCWALGFYPA----EITLTWQRDGEDQTHTRSSWRPGLQGMEPSRSGRL--WWCLLERSRDTP-AMCSMRVCQSPSPXDG--
H*02:05-E5-L39-pre--suf--suf2-	H*02:05	E5	39	39				SHLPSPPSPSWASLLAWFYLXLWSLELWSLLXCGGRRAQ
H*02:05-E6-L11-pre--suf--suf2-	H*02:05	E6	11	11				IEKEGATLRLQ
H*02:05-E7-L15-pre--suf-AG-suf2-	H*02:05	E7	15	15		AG		AATVPRALMCLSRRE
H*02:06-E1-L24-pre--suf-C-suf2-	H*02:06	E1	24	26		C		MVLMAPRTLLLLLSGALALT--QTWA
H*02:06-E2-L89-pre-GT-suf-G-suf2-	H*02:06	E2	89	89	GT	G		SHSMRYFYTTMSRPGAGEPRFISVGYVDDTQFVRFDSDDASPREEPRAPWMEREGPKYWDRNTQICKAQAQTERENLRIALRYYNQSEG
H*02:06-E3-L91-pre-GT-suf-G-suf2-	H*02:06	E3	91	91	GT	G		SHTMQVMYGCDVGPDGPFLRGYEQHAYDGKDYIALNEDLRSWTAADMAAQITKRKWEAARRAEQRRVYLEGEFVEWLRRYLENGKETLQRA
H*02:06-E4-L91-pre-AC-suf--suf2-G	H*02:06	E4	91	100	AC		G	PPKTHMTHHPISDHEATLRCWALGFYPA----EITLTWQRDGEDQTQDTE-----LVETRPAGDGTFQKWAAVVVPSGEEQRYTCHVQHEGLPEPLTLRW
H*02:06-E5-L39-pre--suf--suf2-	H*02:06	E5	39	39				SHLPSPPSPSWASLLAWFYLXLWSLELWSLLXCGGRRAQ
H*02:06-E6-L11-pre--suf--suf2-	H*02:06	E6	11	11				IEKEGATLRLQ
H*02:06-E7-L15-pre--suf-AC-suf2-	H*02:06	E7	15	15		AC		AATVPRALMCLSRLE
H*03:01-E1-L24-pre--suf-C-suf2-	H*03:01	E1	24	26		C		MVLMAPRTLLLLLSGALALT--QTWA
H*03:01-E2-L89-pre-GC-suf-G-suf2-	H*03:01	E2	89	89	GC	G		SHSMRYFYTTMSRPGRGEPRFISVGYVDDTQFVRFDSDAASQRMEPRAPWMEREGPEYWDRNTQICKAQAQTERENLGIALRYYNQSEG
H*03:01-E3-L91-pre-GT-suf-G-suf2-	H*03:01	E3	91	91	GT	G		SHTIDVMYGCDVGPDGRFLRGYEQYAYDSKDYIALTEDLRSWTAADMAAQITKRKWEAARQAEQLRAYLEGEFVEWLRRYLENGKETLQRA
H*03:01-E4-L91-pre-AC-suf--suf2-	H*03:01	E4	91	100	AC			APKTHMTHHPISDHEATLRCWALGFYPA----EITLTWQRDGEDQTHTRSSWRPGLQGMEPSRSGRL--WWCLLERSRDTP-AMCSMRVCQSPSPXDG--
H*03:01-E5-L39-pre--suf--suf2-	H*03:01	E5	39	39				SHLPSPPSPSWASLLAWFYLXLWSLELWSLLXCGGRRAQ
H*03:01-E6-L11-pre--suf--suf2-	H*03:01	E6	11	11				IEKEGATLRLQ
H*03:01-E7-L15-pre--suf-AG-suf2-	H*03:01	E7	15	15		AG		AATVPRALMCLSRRE
