HFE*001:01-E1-L25-pre--suf-C-suf2-	HFE*001:01	E1	25	25		C		MGPRARPALLLLMLLQTAVLQGRLL
HFE*001:01-E2-L87-pre-GT-suf-G-suf2-	HFE*001:01	E2	87	87	GT	G		SHSLHYLFMGASEQDLGLSLFEALGYVDDQLFVFYDHESRRVEPRTPWVSSRISSQMWLQLSQSLKGWDHMFTVDFWTIMENHNHSK
HFE*001:01-E3-L91-pre-AG-suf-G-suf2-	HFE*001:01	E3	91	91	AG	G		SHTLQVILGCEMQEDNSTEGYWKYGYDGQDHLEFCPDTLDWRAAEPRAWPTKLEWERHKIRARQNRAYLERDCPAQLQQLLELGRGVLDQQ
HFE*001:01-E4-L91-pre-TG-suf-G-suf2-	HFE*001:01	E4	91	91	TG	G		PPLVKVTHHVTSSVTTLRCRALNYYPQNITMKWLKDKQPMDAKEFEPKDVLPNGDGTYQGWITLAVPPGEEQRYTCQVEHPGLDQPLIVIW
HFE*001:01-E5-L37-pre-AG-suf-A-suf2-	HFE*001:01	E5	37	37	AG	A		PSPSGTLVIGVISGIAVFVVILFIGILFIILRKRQGS
HFE*001:01-E6-L13-pre-GA-suf--suf2-	HFE*001:01	E6	13	13	GA			GAMGHYVLAEREX
HFE*002-E2-L87-pre-GT-suf-G-suf2-	HFE*002	E2	87	87	GT	G		SHSLHYLFMGASEQDLGLSLFEALGYVDDQLFVFYDHESRRVEPRTPWVSSRISSQMWLQLSQSLKGWDHMFTVDFWTIMENHNHSK
HFE*002-E3-L91-pre-AG-suf-G-suf2-	HFE*002	E3	91	91	AG	G		SHTLQVILGCEMQEDNSTEGYWKYGYDGQDHLEFCPDTLDWRAAEPRAWPTKLEWERHKIRARQNRAYLERDCPAQLQQLLELGRGVLDQQ
HFE*002-E4-L91-pre-TG-suf-G-suf2-	HFE*002	E4	91	91	TG	G		PPLVKVTHHVTSSVTTLRCRALNYYPQNITMKWLKDKQPMDAKEFEPKDVLPNGDGTYQGWITLAVPPGEEQRYTYQVEHPGLDQPLIVIW
HFE*002-E5-L37-pre-AG-suf-A-suf2-	HFE*002	E5	37	37	AG	A		PSPSGTLVIGVISGIAVFVVILFIGILFIILRKRQGS
HFE*003-E2-L87-pre-GT-suf-G-suf2-	HFE*003	E2	87	87	GT	G		SHSLHYLFMGASEQDLGLSLFEALGYVDDQLFVFYDDESRRVEPRTPWVSSRISSQMWLQLSQSLKGWDHMFTVDFWTIMENHNHSK
HFE*003-E3-L91-pre-AG-suf-G-suf2-	HFE*003	E3	91	91	AG	G		SHTLQVILGCEMQEDNSTEGYWKYGYDGQDHLEFCPDTLDWRAAEPRAWPTKLEWERHKIRARQNRAYLERDCPAQLQQLLELGRGVLDQQ
HFE*003-E4-L91-pre-TG-suf-G-suf2-	HFE*003	E4	91	91	TG	G		PPLVKVTHHVTSSVTTLRCRALNYYPQNITMKWLKDKQPMDAKEFEPKDVLPNGDGTYQGWITLAVPPGEEQRYTCQVEHPGLDQPLIVIW
HFE*003-E5-L37-pre-AG-suf-A-suf2-	HFE*003	E5	37	37	AG	A		PSPSGTLVIGVISGIAVFVVILFIGILFIILRKRQGS
HFE*004-E2-L87-pre-GT-suf-G-suf2-	HFE*004	E2	87	87	GT	G		SHSLHYLFMGASEQDLGLSLFEALGYVDDQLFVFYDYESRRVEPRTPWVSSRISSQMWLQLSQSLKGWDHMFTVDFWTIMENHNHSK
HFE*004-E3-L91-pre-AG-suf-G-suf2-	HFE*004	E3	91	91	AG	G		SHTLQVILGCEMQEDNSTEGYWKYGYDGQDHLEFCPDTLDWRAAEPRAWPTKLEWERHKIRARQNRAYLERDCPAQLQQLLELGRGVLDQQ
HFE*004-E4-L91-pre-TG-suf-G-suf2-	HFE*004	E4	91	91	TG	G		PPLVKVTHHVTSSVTTLRCRALNYYPQNITMKWLKDKQPMDAKEFEPKDVLPNGDGTYQGWITLAVPPGEEQRYTCQVEHPGLDQPLIVIW
HFE*004-E5-L37-pre-AG-suf-A-suf2-	HFE*004	E5	37	37	AG	A		PSPSGTLVIGVISGIAVFVVILFIGILFIILRKRQGS
