J*01:01-E1-L24-pre--suf--suf2-	J*01:01	E1	24	29				MGSWRPEPSSCCSRGP-----WPWPRPGR
J*01:01-E2-L90-pre--suf--suf2-	J*01:01	E2	90	90				APTPXGISAPPFPGRAAGSPASLPWATWTTRSSCGSTVTPXVXGXRRGRGGWSRRGRSIGTYRHWAPRPRHRLTEXTCGPCSATTTRARR
J*01:01-E2-L90-pre--suf--suf2-G	J*01:01	E2	90	90			G	APTPXGISAPRFPGRAAGSPASLPWATWTTRRSCGSTVTPXVXGXRRGRGGWSQEGPEYWDLQTLGAKAQAQTDRVNLRTLLRYYNQSEA
J*01:01-E3-L92-pre--suf--suf2-	J*01:01	E3	92	92				GITSSRECLAATWGPTGVSSAGMSSMPTTARITSPXTRTCAPGPPRIPRLRLPSASMRRPMWLSKGEPTWRAPAWSGSADTWRTGRRRCSAR
J*01:01-E4-L91-pre--suf-G-suf2-	J*01:01	E4	91	102		G		TPPKTHVTHPPLXTXGITRSWVL--GFYPA--EITLTWQRDGEDQTQDMELVETRPTGDGTFQKWAVVVVPS-------GEEQRYTCHVQHKGLPKPLILRW
J*01:01-E4-L91-pre--suf-G-suf2-G	J*01:01	E4	91	102		G	G	TPPRH--TXPTTLSLNMRHNEVLGSGLLPCGDHIDLAAGWGGPDPGHG-------ARGDQAHRGWNLPEVGGCGSAFWRGTEIHMPCAAQ--GAAQAPHPEM
J*01:01-E5-L33-pre-AG-suf-G-suf2-	J*01:01	E5	33	38	AG	G		PSPQPTIPIVGIIAGLVLL-----GAVVTAVMWRKKSS
J*01:01-E5-L38-pre-AG-suf-G-suf2-	J*01:01	E5	38	38	AG	G		PSPQPTIPIVGIIAGLVLLGAVVTGAVVTAVMWRKKSS
J*01:01-E6-L10-pre-AT-suf-A-suf2-	J*01:01	E6	10	10	AT	A		RKGGSYSQAA
J*01:01-E7-L15-pre-GC-suf-G-suf2-	J*01:01	E7	15	15	GC	G		SQSAQGSDVSLTACK
J*02:01-E1-L23-pre--suf--suf2-G	J*02:01	E1	23	29			G	MGSWRPEPSSCCSRDPALAETWA------
J*02:01-E2-L90-pre--suf--suf2-	J*02:01	E2	90	90				APTPXGISAPPFPGRAAGSPASLPWATWTTRSSCGSTVTPXVXGXRRGRGGWSRRGRSIGTYRHWAPRPRHRLTEXTCGPCSATTTRARR
J*02:01-E3-L92-pre--suf--suf2-	J*02:01	E3	92	92				GITSSRECLAATWGPTGVSSAGMSSMPTTARITSPXTRTCAPGPPRIPRLRLPSASMRRPMWLSKGEPTWRAPAWSGSADTWRTGRRRCSAR
J*02:01-E4-L91-pre--suf-G-suf2-G	J*02:01	E4	91	102		G	G	TPPKTHVTHPPLXTXGITRSWVL--GFYPA--EITLTWQRDGEDQTQDMELVETRPTGDGTFQKWAVVVVPS-------GEEQRYTCHVQHKGPAQAPHPEM
J*02:01-E5-L38-pre-AG-suf-G-suf2-	J*02:01	E5	38	38	AG	G		PSPQPTIPIVGIIAGLVLLGAVVTGAVVTAVMWRKKSS
J*02:01-E6-L10-pre-AT-suf-A-suf2-	J*02:01	E6	10	10	AT	A		RKGGSYSQAA
J*02:01-E7-L15-pre-GC-suf-G-suf2-	J*02:01	E7	15	15	GC	G		SQSAQGSDVSLTACK
