K*01:01-E1-L24-pre--suf--suf2-	K*01:01	E1	24	24				MGSWRPEPSSCCSWGPWPXPRPGR
K*01:01-E2-L90-pre--suf--suf2-	K*01:01	E2	90	90				VPTPXGISAPPCPGRVAGSPGTSQWATWTTRSSCGSTATRRLRGCSRSRRGWSRRDRSIGTGAHGTSGPRTDXQEXTCPCRAATTTRARP
K*01:01-E3-L91-pre--suf-GG-suf2-	K*01:01	E3	91	91		GG		GLTPSRXCMAATWGWKGASSAGMNSTPTMARITXPGTRTCAPGPRRTWRLRSPSASGRQKNLQSRSGPTWRARAWRGSQTPGEREGDAAAH
K*01:01-E3-L91-pre--suf-TG-suf2-	K*01:01	E3	91	91		TG		GLTPSRXCMAATWGWKGASSAGMNSTPTMARITXPGTRTCAPGPRRTWRLRSSSASGRQKNLQSRSGPTWRARAWRGSQTPGEREGDAAAH
K*01:01-E4-L92-pre-A-suf-A-suf2-G	K*01:01	E4	92	111	A	A	G	-PPHQDTYDPPFHLXLXGHPEVLGPGLLPCGDHTDLAAGWRGPDSGHGACRDQ------ACRGWKLPEVGSCGGAFWR---------GTE-IHVPCAAX--GVAQAPHPEM
K*01:01-E4-L92-pre-A-suf-G-suf2-	K*01:01	E4	92	111	A	G		-PLPQTHMIHHSVSDYKATLRCWALGFYPVE----ITLAWQQDGED-------------QTRDMELLETRPAGDGTFQKWAAVVVPSGEE-QRYPCHVQHEGLPKPLTLRW
K*01:01-E4-L92-pre-A-suf-G-suf2-G	K*01:01	E4	92	111	A	G	G	-PPPPDTYDPPFRLXLXGHPEVLGPGLLPCGDHTDLAAGWRGPDXGHGACRDQ------ACRGWNLPEVGSCGGAFWR---------GTE-IPVPCAAX--GVAQAPHPEM
K*01:01-E4-L92-pre-A-suf-G-suf2-GG	K*01:01	E4	92	111	A	G	GG	HPPPRHIXSTIPSLTIRP----------PXGAGPWASTLWRSHXAGSKMERTRLGTWSLXRPGLQGMEPSRSGQLWWC-----LLERNRD-TCAMCSMR--GCPSPSPXD-
K*01:01-E5-L38-pre-AG-suf-G-suf2-	K*01:01	E5	38	38	AG	G		QSSQPTIPIVGIVAGLVLLGAVVTGAVVSAVMCRKKNS
K*01:01-E7-L15-pre-GC-suf-G-suf2-	K*01:01	E7	15	15	GC	G		SDHAQGSDVSLTACK
K*01:02-E1-L24-pre--suf--suf2-	K*01:02	E1	24	24				MGLWRPEPSSCCSWGPWPXPRPGR
K*01:02-E2-L90-pre--suf--suf2-	K*01:02	E2	90	90				VPTPXGSSAPPCPGRVAGSPGTSQWATWTTRSSCGSTATRRLRGCSRRRRGWSRRDRSIGTGAHGTSGPRTDXQEXTCPCRAATTTRARP
K*01:02-E3-L91-pre--suf-GG-suf2-	K*01:02	E3	91	91		GG		GLTPSRXCMAATRGWNGASSAGMNSTPTMARITXPGTRTCAPGPRRTWRLRSPSASGRQKNLQSRSGPTWRARAWRGSQTPGEREGDAAAH
K*01:02-E4-L92-pre-A-suf-G-suf2-G	K*01:02	E4	92	111	A	G	G	HPPRKTHMIHHSISDYKATLRCWALGFYPME----ITLSWQQDEED-------------QTRDMELVETRPAGDGTFQKWAAVVVPSGEEQIHVPCAAX--GVARAPHPEM
K*01:02-E5-L38-pre-AG-suf-G-suf2-	K*01:02	E5	38	38	AG	G		QSSQPTIPIVGIVTGLVLLGAVVTGAVVSAVMCRKKNS
K*01:02-E7-L15-pre-GC-suf-G-suf2-	K*01:02	E7	15	15	GC	G		SDHAQGSDVSLTACK
K*01:03-E1-L24-pre--suf--suf2-	K*01:03	E1	24	24				MGSWRPKPSSCCSWGPWPXPRPGR
K*01:03-E2-L90-pre--suf--suf2-	K*01:03	E2	90	90				VPTPXGISAPPCPGRVAGSPGTSQWATWTTRSSCGSTATRRLRGCSRRRRGWSRRDRSIGTGAHRTSGPRTDXQEXTCPCRAATTTRARP
K*01:03-E3-L91-pre--suf-GG-suf2-	K*01:03	E3	91	91		GG		GLTPSRXCMAATWGWKGASSAGMNSTPTMARITXPGTRTCAPGPRRTWRLRSPSASGRQKNLQSRSGPTWRARAWRGSQTPGEREGDAAAH
K*01:03-E4-L92-pre-A-suf-A-suf2-GG	K*01:03	E4	92	111	A	A	GG	PPPPRHIXSTIPSLTIRP----------PXDAGPWASTLWRSHXPGSRMERTRLRTWSLXRPGLQGMETSRSGQLWWC-----LLERNRD-TCAMCSMR--GCPSPSPXD-
K*01:03-E5-L37-pre-AG-suf-G-suf2-	K*01:03	E5	37	38	AG	G		QSSQPTIPIVGIVAGLVLLGAVVTGAVVSAVMCRKNS-
K*01:03-E7-L15-pre-GC-suf-G-suf2-	K*01:03	E7	15	15	GC	G		SNHAQGSDVSLTACK
