L*01:01-E1-L24-pre--suf-G-suf2-	L*01:01	E1	24	24		G		MGVMAPRTLLLLLLGALALTETWA
L*01:01-E2-L89-pre-GC-suf-G-suf2-	L*01:01	E2	89	89	GC	G		SHSLRYFSTAVSQPGRGEPRFIAVGYVDDTEFVRFDSDSVSPRMERRAPWVEQEGLEYWDQETRNAKGHAQIYRVNLRTLLRYYNQSEA
L*01:01-E3-L90-pre-GT-suf-GG-suf2-	L*01:01	E3	90	90	GT	GG		SHTIQRKHGCDVGPTGASSAGMNSSPTMARITSPXTRTCTPGPPRTQRLRSPSTSGKRTNTQSRSGPTXGQVHGVAPQTPGEREGDAAAR
L*01:01-E4-L91-pre-A-suf-GG-suf2-	L*01:01	E4	91	91	A	GG		SPKGTCDPAPHLXPXGHPEVLGPGPLPCGDHTDLAAGWGGPDPGHGACGDQACRGRNLPEVGGCSGAFRRGAEIHVPCAAXGAARAPHPEM
L*01:01-E5-L38-pre-A-suf-AG-suf2-	L*01:01	E5	38	38	A	AG		AVFSAHHPHRGHRCWPVSPWSCGHWSCGCCCDVEEEKL
L*01:01-E6-L10-pre-A-suf-CT-suf2-	L*01:01	E6	10	10	A	CT		XNKEELCSGC
L*01:01-E7-L15-pre-G-suf-AG-suf2-	L*01:01	E7	15	15	G	AG		QQLCSVLXCISXYLX
L*01:02-E1-L24-pre--suf-G-suf2-	L*01:02	E1	24	24		G		MGVMAPRTLLLLLLGALALTETWA
L*01:02-E2-L89-pre-GC-suf-G-suf2-	L*01:02	E2	89	89	GC	G		SHSLRYFSTAVSQPGRGEPRFIAVGYVDDTEFVRFDSDSVSPRMERRAPWVEQEGLEYWDQETRNAKGHAQIYRVNLRTLLRYYNQSEA
L*01:02-E3-L90-pre-GT-suf-GG-suf2-	L*01:02	E3	90	90	GT	GG		SHTIQRKHDCDVGPTGASSAGMNSSPTMARITSPXTRTCPPGPPRTQRLRSPSTSGKRTNTQSRSGPTXGQVHGVAPQTPGEREGDAAAR
L*01:02-E4-L91-pre-A-suf-GG-suf2-G	L*01:02	E4	91	91	A	GG	G	SPKGTCDPAPRLXPXGHPXGAGPWASTLRRSHXPGSRMGRTRPRTRSLWRPGLQGTEPSRSGWLXWCLPERSRDTCAMCSMRGCQSPSPXD
L*01:02-E5-L38-pre-A-suf-AG-suf2-	L*01:02	E5	38	38	A	AG		AVFSAHHPHRGHRCWPVSPWSCGHWSCGCCCDVEEEKL
L*01:02-E7-L15-pre-G-suf-AG-suf2-	L*01:02	E7	15	15	G	AG		QQLCPVLXCISXYLX
