MICA*001-E1-L23-pre--suf-G-suf2-	MICA*001	E1	23	23		G		MGLGPVFLLLAGIFPFAPPGAAA
MICA*001-E2-L84-pre-AG-suf-G-suf2-	MICA*001	E2	84	84	AG	G		PHSLRYNLTVLSWDGSVQSGFLTEVHLDGQPFLRCDRQKCRAKPQGQWAEDVLGNKTWDRETRDLTGNGKDLRMTLAHIKDQKE
MICA*001-E3-L95-pre-GC-suf-G-suf2-	MICA*001	E3	95	95	GC	G		LHSLQEIRVCEIHEDNSTRSSQHFYYDGELFLSQNLETKEWTMPQSSRAQTLAMNVRNFLKEDAMKTKTHYHAMHADCLQELRRYLKSGVVLRRT
MICA*001-E4-L92-pre-TG-suf-G-suf2-	MICA*001	E4	92	92	TG	G		PPMVNVTRSEASEGNITVTCRASGFYPWNITLSWRQDGVSLSHDTQQWGDVLPDGNGTYQTWVATRICQGEEQRFTCYMEHSGNHSTHPVPS
MICA*001-E5-L43-pre-GG-suf-G-suf2-	MICA*001	E5	43	49	GG	G		KVLVLQSHWQTFHVSAV------AAAAIFVIIIFYVRCCKKKTSAAEGP
MICA*001-E6-L42-pre-AG-suf--suf2-	MICA*001	E6	42	42	AG			LVSLQVLDQHPVGTSDHRDATQLGFQPLMSDLGSTGSTEGAX
MICA*002:01-E1-L23-pre--suf-G-suf2-	MICA*002:01	E1	23	23		G		MGLGPVFLLLAGIFPFAPPGAAA
MICA*002:01-E2-L84-pre-AG-suf-G-suf2-	MICA*002:01	E2	84	84	AG	G		PHSLRYNLTVLSGDGSVQSGFLAEVHLDGQPFLRCDRQKCRAKPQGQWAEDVLGNKTWDRETRDLTGNGKDLRMTLAHIKDQKE
MICA*002:01-E3-L95-pre-GC-suf-G-suf2-	MICA*002:01	E3	95	95	GC	G		LHSLQEIRVCEIHEDNSTRSSQHFYYDGELFLSQNLETEEWTMPQSSRAQTLAMNVRNFLKEDAMKTKTHYHAMHADCLQELRRYLKSGVVLRRT
MICA*002:01-E4-L92-pre-TG-suf-G-suf2-	MICA*002:01	E4	92	92	TG	G		PPMVNVTRSEASEGNITVTCRASGFYPWNITLSWRQDGVSLSHDTQQWGDVLPDGNGTYQTWVATRICQGEEQRFTCYMEHSGNHSTHPVPS
MICA*002:01-E5-L48-pre-GG-suf-G-suf2-	MICA*002:01	E5	48	49	GG	G		KVLVLQSHWQTFHVSAV-AAAAAAAAAIFVIIIFYVCCCKKKTSAAEGP
MICA*002:01-E6-L42-pre-AG-suf--suf2-	MICA*002:01	E6	42	42	AG			LVSLQVLDQHPVGTSDHRDATQLGFQPLMSDLGSTGSTEGAX
MICA*002:02-E2-L84-pre-AG-suf-G-suf2-	MICA*002:02	E2	84	84	AG	G		PHSLRYNLTVLSGDGSVQSGFLAEVHLDGQPFLRCDRQKCRAKPQGQWAEDVLGNKTWDRETRDLTGNGKDLRMTLAHIKDQKE
MICA*002:02-E3-L95-pre-GC-suf-G-suf2-	MICA*002:02	E3	95	95	GC	G		LHSLQEIRVCEIHEDNSTRSSQHFYYDGELFLSQNLETEEWTMPQSSRAQTLAMNVRNFLKEDAMKTKTHYHAMHADCLQELRRYLKSGVVLRRT
MICA*002:02-E4-L92-pre-TG-suf-G-suf2-	MICA*002:02	E4	92	92	TG	G		PPMVNVTRSEASEGNITVTCRASGFYPWNITLSWRQDGVSLSHDTQQWGDVLPDGNGTYQTWVATRICQGEEQRFTCYMEHSGNHSTHPVPS
MICA*002:03-E2-L84-pre-AG-suf-G-suf2-	MICA*002:03	E2	84	84	AG	G		PHSLRYNLTVLSGDGSVQSGFLAEVHLDGQPFLRCDRQKCRAKPQGQWAEDVLGNKTWDRETRDLTGNGKDLRMTLAHIKDQKE
MICA*002:03-E3-L95-pre-GC-suf-G-suf2-	MICA*002:03	E3	95	95	GC	G		LHSLQEIRVCEIHEDNSTRSSQHFYYDGELFLSQNLETEEWTMPQSSRAQTLAMNVRNFLKEDAMKTKTHYHAMHADCLQELRRYLKSGVVLRRT
MICA*002:03-E4-L92-pre-TG-suf-G-suf2-	MICA*002:03	E4	92	92	TG	G		PPMVNVTRSEASEGNITVTCRASGFYPWNITLSWRQDGVSLSHDTQQWGDVLPDGNGTYQTWVATRICQGEEQRFTCYMEHSGNHSTHPVPS
MICA*002:03-E5-L48-pre-GG-suf-G-suf2-	MICA*002:03	E5	48	49	GG	G		KVLVLQSHWQTFHVSAV-AAAAAAAAAIFVIIIFYVCCCKKKTSAAEGP
MICA*002:04-E2-L84-pre-AG-suf-G-suf2-	MICA*002:04	E2	84	84	AG	G		PHSLRYNLTVLSGDGSVQSGFLAEVHLDGQPFLRCDRQKCRAKPQGQWAEDVLGNKTWDRETRDLTGNGKDLRMTLAHIKDQKE
MICA*002:04-E3-L95-pre-GC-suf-G-suf2-	MICA*002:04	E3	95	95	GC	G		LHSLQEIRVCEIHEDNSTRSSQHFYYDGELFLSQNLETEEWTMPQSSRAQTLAMNVRNFLKEDAMKTKTHYHAMHADCLQELRRYLKSGVVLRRT
MICA*002:04-E4-L92-pre-TG-suf-G-suf2-	MICA*002:04	E4	92	92	TG	G		PPMVNVTRSEASEGNITVTCRASGFYPWNITLSWRQDGVSLSHDTQQWGDVLPDGNGTYQTWVATRICQGEEQRFTCYMEHSGNHSTHPVPS
MICA*002:04-E5-L48-pre-GG-suf-G-suf2-	MICA*002:04	E5	48	49	GG	G		KVLVLQSHWQTFHVSAV-AAAAAAAAAIFVIIIFYVCCCKKKTSAAEGP
MICA*004-E1-L23-pre--suf-G-suf2-	MICA*004	E1	23	23		G		MGLGPVFLLLAGIFPFAPPGAAA
MICA*004-E2-L84-pre-AG-suf-G-suf2-	MICA*004	E2	84	84	AG	G		PHSLRYNLTVLSWDGSVQSGFLAEVHLDGQPFLRYDRQKCRAKPQGQWAEDVLGNKTWDRETRDLTGNGKDLRMTLAHIKDQKE
MICA*004-E3-L95-pre-GC-suf-G-suf2-	MICA*004	E3	95	95	GC	G		LHSLQEIRVCEIHEDNSTRSSQHFYYDGELFLSQNVETEEWTVPQSSRAQTLAMNVRNFLKEDAMKTKTHYHAMHADCLQELRRYLESSVVLRRR
MICA*004-E4-L92-pre-TG-suf-G-suf2-	MICA*004	E4	92	92	TG	G		PPMVNVTRSEASEGNITVTCRASSFYPRNITLTWRQDGVSLSHDTQQWGDVLPDGNGTYQTWVATRICQGEEQRFTCYMEHSGNHSTHPVPS
MICA*004-E5-L45-pre-GG-suf-G-suf2-	MICA*004	E5	45	49	GG	G		KVLVLQSHWQTFHVSAV----AAAAAAIFVIIIFYVRCCKKKTSAAEGP
MICA*004-E6-L42-pre-AG-suf--suf2-	MICA*004	E6	42	42	AG			LVSLQVLDQHPVGTSDHRDATQLGFQPLMSALGSTGSTEGAX
MICA*005-E2-L84-pre-AG-suf-G-suf2-	MICA*005	E2	84	84	AG	G		PHSLRYNLTVLSWDGSVQSGFLAEVHLDGQPFLRYDRQKCRAKPQGQWAEDVLGNKTWDRETRDLTGNGKDLRMTLAHIKDQKE
MICA*005-E3-L95-pre-GC-suf-G-suf2-	MICA*005	E3	95	95	GC	G		LHSLQEIRVCEIHEDNSTRSSQHFYYDGELFLSQNLETEEWTVPQSSRAQTLAMNVRNFLKEDAMKTKTHYHAMHADCLQELRRYLKSGVVLRRT
MICA*005-E4-L92-pre-TG-suf-*-suf2-	MICA*005	E4	92	92	TG	*		PPMVNVTRSEASEGNITVTCRASSFYPRNITLTWRQDGVSLSHDTQQWGDVLPDGNGTYQTWVATRICRGEEQRFTCYMEHSGNHSTHPVPS
MICA*006-E2-L84-pre-AG-suf-G-suf2-	MICA*006	E2	84	84	AG	G		PHSLRYNLTVLSWDGSVQSGFLAEVHLDGQPFLRYDRQKCRAKPQGQWAEDVLGNKTWDRETRDLTGNGKDLRMTLAHIKDQKE
MICA*006-E3-L95-pre-GC-suf-G-suf2-	MICA*006	E3	95	95	GC	G		LHSLQEIRVCEIHEDNSTRSSQHFYYDGELFLSQNVETEEWTVPQSSRAQTLAMNVRNFLKEDAMKTKTHYHAMHADCLQELRRYLESSIVLRRT
MICA*006-E4-L92-pre-TG-suf-G-suf2-	MICA*006	E4	92	92	TG	G		PPMVNVTRSEASEGNITVTCRASSFYPRNITLTWRQDGVSLSHDTQQWGDVLPDGNGTYQTWVATRICQGEEQRFTCYMEHSGNHSTHPVPS
MICA*006-E5-L45-pre-GG-suf-G-suf2-	MICA*006	E5	45	49	GG	G		KVLVLQSHWQTFHVSAV----AAAAAAIFVIIIFYVRCCKKKTSAAEGP
MICA*006-E6-L42-pre-AG-suf--suf2-	MICA*006	E6	42	42	AG			LVSLQVLDQHPVGTSDHRDATQLGFQPLMSALGSTGSTEGAX
MICA*007:01-E2-L84-pre-AG-suf-G-suf2-	MICA*007:01	E2	84	84	AG	G		PHSLRYNLTVLSWDGSVQSGFLAEVHLDGQPFLRCDRQKCRAKPQGQWAEDVLGNKTWDRETRDLTGNGKDLRMTLAHIKDQKE
MICA*007:01-E3-L95-pre-GC-suf-G-suf2-	MICA*007:01	E3	95	95	GC	G		LHSLQEIRVCEIHEDNSTRSSQHFYYDGELFLSQNLETEEWTMPQSSRAQTLAMNVRNFLKEDAMKTKTHYHAMHADCLQELRRYLKSGVVLRRT
MICA*007:01-E4-L92-pre-TG-suf-G-suf2-	MICA*007:01	E4	92	92	TG	G		PPMVNVTRSEASEGNITVTCRASGFYPWNITLSWRQDGVSLSHDTQQWGDVLPDGNGTYQTWVATRICQGEEQRFTCYMEHSGNHSTHPVPS
MICA*007:01-E5-L43-pre-GG-suf-G-suf2-	MICA*007:01	E5	43	49	GG	G		KVLVLQSHWQTFHVSAV------AAAAIFVIIIFYVRCCKKKTSAAEGP
MICA*007:02-E2-L84-pre-AG-suf-G-suf2-	MICA*007:02	E2	84	84	AG	G		PHSLRYNLTVLSWDGSVQSGFLAEVHLDGQPFLRCDRQKCRAKPQGQWAEDVLGNKTWDRETRDLTGNGKDLRMTLAHIKDQKE
MICA*007:02-E3-L95-pre-GC-suf-G-suf2-	MICA*007:02	E3	95	95	GC	G		LHSLQEIRVCEIHEDNSTRSSQHFYYDGELFLSQNLETEEWTMPQSSRAQTLAMNVRNFLKEDAMKTKTHYHAMHADCLQELRRYLKSGVVLRRT
MICA*007:02-E4-L92-pre-TG-suf-G-suf2-	MICA*007:02	E4	92	92	TG	G		PPMVNVTRSEASEGNITVTCRASGFYPWNITLSWRQDGVSLSHDTQQWGDVLPDGNGTYQTWVATRICQGEEQRFTCYMEHSGNHSTHPVPS
MICA*007:03-E2-L84-pre-AG-suf-G-suf2-	MICA*007:03	E2	84	84	AG	G		PHSLRYNLTVLSWDGSVQSGFLAEVHLDGQPFLRCDRQKCRAKPQGQWAEDVLGNKTWDRETRDLTGNGKDLRMTLAHIKDQKE
MICA*007:03-E3-L95-pre-GC-suf-G-suf2-	MICA*007:03	E3	95	95	GC	G		LHSLQEIRVCEIHEDNSTRSSQHFYYDGELFLSQNLETEEWTMPQSSRAQTLAMNVRNFLKEDAMKTKTHYHAMHADCLQELRRYLKSGVVLRRT
MICA*007:03-E4-L92-pre-TG-suf-G-suf2-	MICA*007:03	E4	92	92	TG	G		PPMVNVTRSEASEGNITVTCRASGFYPWNITLSWRQDGVSLSHDTQQWGDVLPDGNGTYQTWVATRICQGEEQRFTCYMEHSGNHSTHPVPS
MICA*007:03-E5-L43-pre-GG-suf-G-suf2-	MICA*007:03	E5	43	49	GG	G		KVLVLQSHWQTFHVSAV------AAAAIFVIIIFYVRCCKKKTSAAEGP
MICA*007:04-E2-L84-pre-AG-suf-G-suf2-	MICA*007:04	E2	84	84	AG	G		PHSLRYNLTVLSWDGSVQSGFLAEVHLDGQPFLRCDRQKCRAKPQGQWAEDVLGNKTWDRETRDLTGNGKDLRMTLAHIKDQKE
MICA*007:04-E3-L95-pre-GC-suf-G-suf2-	MICA*007:04	E3	95	95	GC	G		LHSLQEIRVCEIHEDNSTRSSQHFYYDGELFLSQNLETEEWTMPQSSRAQTLAMNVRNFLKEDAMKTKTHYHAMHADCLQELRRYLKSGVVLRRT
MICA*007:04-E4-L92-pre-TG-suf-G-suf2-	MICA*007:04	E4	92	92	TG	G		PPMVNVTRSEASEGNITVTCRASGFYPWNITLSWRQDGVSLSHDTQQWGDVLPDGNGTYQTWVATRICQGEEQRFTCYMEHSGNHSTHPVPS
MICA*007:04-E5-L43-pre-GG-suf-G-suf2-	MICA*007:04	E5	43	49	GG	G		KVLVLQSHWQTFHVSAV------AAAAIFVIIIFYVRCCKKKTSAAEGP
MICA*007:05-E2-L84-pre-AG-suf-G-suf2-	MICA*007:05	E2	84	84	AG	G		PHSLRYNLTVLSWDGSVQSGFLAEVHLDGQPFLRCDRQKCRAKPQGQWAEDVLGNKTWDRETRDLTGNGKDLRMTLAHIKDQKE
MICA*007:05-E3-L95-pre-GC-suf-G-suf2-	MICA*007:05	E3	95	95	GC	G		LHSLQEIRVCEIHEDNSTRSSQHFYYDGELFLSQNLETEEWTMPQSSRAQTLAMNVRNFLKEDAMKTKTHYHAMHADCLQELRRYLKSGVVLRRT
MICA*007:05-E4-L92-pre-TG-suf-G-suf2-	MICA*007:05	E4	92	92	TG	G		PPMVNVTRSEASEGNITVTCRASGFYPWNITLSWRQDGVSLSHDTQQWGDVLPDGNGTYQTWVATRICQGEEQRFTCYMEHSGNHSTHPVPS
MICA*007:05-E5-L43-pre-GG-suf-G-suf2-	MICA*007:05	E5	43	49	GG	G		KVLVLQSHWQTFHVSAV------AAAAIFVIIIFYVRCCKKKTSAAEGP
MICA*007:06-E2-L84-pre-AG-suf-G-suf2-	MICA*007:06	E2	84	84	AG	G		PHSLRYNLTVLSWDGSVQSGFLAEVHLDGQPFLRCDRQKCRAKPQGQWAEDVLGNKTWDRETRDLTGNGKDLRMTLAHIKDQKE
MICA*007:06-E3-L95-pre-GT-suf-G-suf2-	MICA*007:06	E3	95	95	GT	G		LHSLQEIRVCEIHEDNSTRSSQHFYYDGELFLSQNLETEEWTMPQSSRAQTLAMNVRNFLKEDAMKTKTHYHAMHADCLQELRRYLKSGVVLRRT
MICA*007:06-E4-L92-pre-TG-suf-G-suf2-	MICA*007:06	E4	92	92	TG	G		PPMVNVTRSEASEGNITVTCRASGFYPWNITLSWRQDGVSLSHDTQQWGDVLPDGNGTYQTWVATRICQGEEQRFTCYMEHSGNHSTHPVPS
MICA*007:06-E5-L43-pre-GG-suf-G-suf2-	MICA*007:06	E5	43	49	GG	G		KVLVLQSHWQTFHVSAV------AAAAIFVIIIFYVRCCKKKTSAAEGP
MICA*008:01-E1-L23-pre--suf-G-suf2-	MICA*008:01	E1	23	23		G		MGLGPVFLLLAGIFPFAPPGAAA
MICA*008:01-E2-L84-pre-AG-suf-G-suf2-	MICA*008:01	E2	84	84	AG	G		PHSLRYNLTVLSWDGSVQSGFLAEVHLDGQPFLRYDRQKCRAKPQGQWAEDVLGNKTWDRETRDLTGNGKDLRMTLAHIKDQKE
MICA*008:01-E3-L95-pre-GC-suf-G-suf2-	MICA*008:01	E3	95	95	GC	G		LHSLQEIRVCEIHEDNSTRSSQHFYYDGELFLSQNLETEEWTVPQSSRAQTLAMNVRNFLKEDAMKTKTHYHAMHADCLQELRRYLESGVVLRRT
MICA*008:01-E4-L92-pre-TG-suf-G-suf2-	MICA*008:01	E4	92	92	TG	G		PPMVNVTRSEASEGNITVTCRASSFYPRNIILTWRQDGVSLSHDTQQWGDVLPDGNGTYQTWVATRICRGEEQRFTCYMEHSGNHSTHPVPS
MICA*008:01-E5-L44-pre-GG-suf-G-suf2-A	MICA*008:01	E5	44	49	GG	G	A	KVLVLQSHWQTFHVSAV-----AAGCCYFCYYYFLCPLLXEENISCRGS
MICA*008:01-E6-L42-pre-AG-suf--suf2-	MICA*008:01	E6	42	42	AG			LVSLQVLDQHPVGTSDHRDATQLGFQPLMSALGSTGSTEGTX
MICA*008:02-E2-L84-pre-AG-suf-G-suf2-	MICA*008:02	E2	84	84	AG	G		PHSLRYNLTVLSWDGSVQSGFLAEVHLDGQPFLRYDRQKCRAKPQGQWAEDVLGNKTWDRETRDLTGNGKDLRMTLAHIKDQKE
MICA*008:02-E3-L95-pre-GC-suf-G-suf2-	MICA*008:02	E3	95	95	GC	G		LHSLQEIRVCEIHEDNSTRSSQHFYYDGELFLSQNLETEEWTVPQSSRAQTLAMNVRNFLKEDAMKTKTHYHAMHADCLQELRRYLESGVVLRRT
MICA*008:02-E4-L92-pre-TG-suf-G-suf2-	MICA*008:02	E4	92	92	TG	G		PPMVNVTRSEASEGNITVTCRASSFYPRNIILTWRQDGVSLSHDTQQWGDVLPDGNGTYQTWVATRICRGEEQRFTCYMEHSGNHSTHPVPS
MICA*008:02-E5-L44-pre-GG-suf-G-suf2-A	MICA*008:02	E5	44	49	GG	G	A	KVLVLQSHWQTFHVSAV-----AAGCCYFCYYYFLCPLLXEENISCRGS
MICA*008:03-E2-L84-pre-AG-suf-G-suf2-	MICA*008:03	E2	84	84	AG	G		PHSLRYNLTVLSWDGSVQSGFLAEVHLDGQPFLRYDRQKCRAKPQGQWAEDVLGNKTWDRETRDLTGNGKDLRMTLAHIKDQKE
MICA*008:03-E3-L95-pre-GC-suf-G-suf2-	MICA*008:03	E3	95	95	GC	G		LHSLQEIRVCEIHEDNSTRSSQHFYYDGELFLSQNLETEEWTVPQSSRAQTLAMNVRNFLKEDAMKTKTHYHAMHADCLQELRRYLESGVVLRRT
MICA*008:03-E4-L92-pre-TG-suf-G-suf2-	MICA*008:03	E4	92	92	TG	G		PPMVNVTRSEASEGNITVTCRASSFYPRNIILTWRQDGVSLSHDTQQWGDVLPDGNGTYQTWVATRICRGEEQRFTCYMEHSGNHSTHPVPS
MICA*008:04-E1-L23-pre--suf-G-suf2-	MICA*008:04	E1	23	23		G		MGLGPVFLLLAGIFPFAPPGAAA
MICA*008:04-E2-L84-pre-AG-suf-G-suf2-	MICA*008:04	E2	84	84	AG	G		PHSLRYNLTVLSWDGSVQSGFLAEVHLDGQPFLRYDRQKCRAKPQGQWAEDVLGNKTWDRETRDLTGNGKDLRMTLAHIKDQKE
MICA*008:04-E3-L95-pre-GC-suf-G-suf2-	MICA*008:04	E3	95	95	GC	G		LHSLQEIRVCEIHEDNSTRSSQHFYYDGELFLSQNLETEEWTVPQSSRAQTLAMNVRNFLKEDAMKTKTHYHAMHADCLQELRRYLESGVVLRRT
MICA*008:04-E4-L92-pre-TG-suf-G-suf2-	MICA*008:04	E4	92	92	TG	G		PPMVNVTRSEASEGNITVTCRASSFYPRNIILTWRQDGVSLSHDTQQWGDVLPDGNGTYQTWVATRICRGEEQRFTCYMEHSGNHSTHPVPS
MICA*008:04-E5-L44-pre-GG-suf-G-suf2-A	MICA*008:04	E5	44	49	GG	G	A	KVLVLQSHWQTFHVSAV-----AAGCCYFCYYYFLCPLLXEENISCRGS
MICA*008:04-E6-L42-pre-AG-suf--suf2-	MICA*008:04	E6	42	42	AG			LVSLQVLDQHPVGTSDHRDATQLGFQPLMSALGSTGSTEGTX
MICA*008:05-E2-L84-pre-AG-suf-G-suf2-	MICA*008:05	E2	84	84	AG	G		PHSLRYNLTVLSWDGSVQSGFLAEVHLDGQPFLRYDRQKCRAKPQGQWAEDVLGNKTWDRETRDLTGNGKDLRMTLAHIKDQKE
MICA*008:05-E3-L95-pre-GC-suf-G-suf2-	MICA*008:05	E3	95	95	GC	G		LHSLQEIRVCEIHEDNSTRSSQHFYYDGELFLSQNLETEEWTVPQSSRAQTLAMNVRNFLKEDAMKTKTHYHAMHADCLQELRRYLESGVVLRRT
MICA*008:05-E4-L92-pre-TG-suf-G-suf2-	MICA*008:05	E4	92	92	TG	G		PPMVNVTRSEASEGNITVTCRASSFYPRNIILTWRQDGVSLSHDTQQWGDVLPDGNGTYQTWVATRICRGEEQRFTCYMEHSGNHSTHPVPS
MICA*008:05-E5-L44-pre-GG-suf-G-suf2-A	MICA*008:05	E5	44	49	GG	G	A	KVLVLQSHWQTFHVSAV-----AAGCCYFCYYYFLCPLLXEENISCRGS
MICA*009:01-E2-L84-pre-AG-suf-G-suf2-	MICA*009:01	E2	84	84	AG	G		PHSLRYNLTVLSWDGSVQSGFLAEVHLDGQPFLRYDRQKCRAKPQGQWAEDVLGNKTWDRETRDLTGNGKDLRMTLAHIKDQKE
MICA*009:01-E3-L95-pre-GC-suf-G-suf2-	MICA*009:01	E3	95	95	GC	G		LHSLQEIRVCEIHEDNSTRSSQHFYYDGELFLSQNVETEEWTVPQSSRAQTLAMNVRNFLKEDAMKTKTHYHAMHADCLQELRRYLESSVVLRRT
MICA*009:01-E4-L92-pre-TG-suf-G-suf2-	MICA*009:01	E4	92	92	TG	G		PPMVNVTRSEASEGNITVTCRASSFYPRNITLTWRQDGVSLSHDTQQWGDVLPDGNGTYQTWVATRICQGEEQRFTCYMEHSGNHSTHPVPS
MICA*009:01-E5-L45-pre-GG-suf-G-suf2-	MICA*009:01	E5	45	49	GG	G		KVLVLQSHWQTFHVSAV----AAAAAAIFVIIIFYVRCCKKKTSAAEGP
MICA*009:01-E6-L42-pre-AG-suf--suf2-	MICA*009:01	E6	42	42	AG			LVSLQVLDQHPVGTSDHRDATQLGFQPLMSALGSTGSTEGAX
MICA*009:02-E2-L84-pre-AG-suf-G-suf2-	MICA*009:02	E2	84	84	AG	G		PHSLRYNLTVLSWDGSVQSGFLAEVHLDGQPFLRYDRQKCRAKPQGQWAEDVLGNKTWDRETRDLTGNGKDLRMTLAHIKDQKE
MICA*009:02-E3-L95-pre-GC-suf-G-suf2-	MICA*009:02	E3	95	95	GC	G		LHSLQEIRVCEIHEDNSTRSSQHFYYDGELFLSQNVETEEWTVPQSSRAQTLAMNVRNFLKEDAMKTKTHYHAMHADCLQELRRYLESSVVLRRT
MICA*009:02-E4-L92-pre-TG-suf-G-suf2-	MICA*009:02	E4	92	92	TG	G		PPMVNVTRSEASEGNITVTCRASSFYPRNITLTWRQDGVSLSHDTQQWGDVLPDGNGTYQTWVATRICQGEEQRFTCYMEHSGNHSTHPVPS
MICA*009:02-E5-L45-pre-GG-suf-G-suf2-	MICA*009:02	E5	45	49	GG	G		KVLVLQSHWQTFHVSAV----AAAAAAIFVIIIFYVRCCKKKTSAAEGP
MICA*009:02-E6-L42-pre-AG-suf--suf2-	MICA*009:02	E6	42	42	AG			LVSLQVLDQHPVGTSDHRDATQLGFQPLMSALGSTGSTEGAX
MICA*010:01-E1-L23-pre--suf-G-suf2-	MICA*010:01	E1	23	23		G		MGLGPVFLLLAGIFPFAPPGAAA
MICA*010:01-E2-L84-pre-AG-suf-G-suf2-	MICA*010:01	E2	84	84	AG	G		PHSLPYNLTVLSWDGSVQSGFLAEVHLDGQPFLRYDRQKCRAKPQGQWAEDVLGNKTWDRETRDLTGNGKDLRMTLAHIKDQKE
MICA*010:01-E3-L95-pre-GC-suf-G-suf2-	MICA*010:01	E3	95	95	GC	G		LHSLQEIRVCEIHEDNSTRSSQHFYYDGELFLSQNLETEEWTVPQSSRAQTLAMNVRNFLKEDAMKTKTHYHAMHADCLQELRRYLESSVVLRRT
MICA*010:01-E4-L92-pre-TG-suf-G-suf2-	MICA*010:01	E4	92	92	TG	G		PPMVNVTRSEASEGNITVTCRASSFYPRNIILTWRQDGVSLSHDTQQWGDVLPDGNGTYQTWVATRICRGEEQRFTCYMEHSGNHSTHPVPS
MICA*010:01-E5-L44-pre-GG-suf-G-suf2-	MICA*010:01	E5	44	49	GG	G		KVLVLQSHWQTFHVSAV-----AAAAAIFVIIIFYVRCCKKKTSAAEGP
MICA*010:01-E6-L42-pre-AG-suf--suf2-	MICA*010:01	E6	42	42	AG			LVSLQVLDQHPVGTSDHRDATQLGFQPLMSALGSTGSTEGAX
MICA*010:02-E2-L84-pre-AG-suf-G-suf2-	MICA*010:02	E2	84	84	AG	G		PHSLPYNLTVLSWDGSVQSGFLAEVHLDGQPFLRYDRQKCRAKPQGQWAEDVLGNKTWDRETRDLTGNGKDLRMTLAHIKDQKE
MICA*010:02-E3-L95-pre-GC-suf-G-suf2-	MICA*010:02	E3	95	95	GC	G		LHSLQEIRVCEIHEDNSTRSSQHFYYDGELFLSQNLETEEWTVPQSSRAQTLAMNVRNFLKEDAMKTKTHYHAMHADCLQELRRYLESSVVLRRT
MICA*010:02-E4-L92-pre-TG-suf-G-suf2-	MICA*010:02	E4	92	92	TG	G		PPMVNVTRSEASEGNITVTCRASSFYPRNIILTWRQDGVSLSHDTQQWGDVLPDGNGTYQTWVATRICRGEEQRFTCYMEHSGNHSTHPVPS
MICA*010:02-E5-L44-pre-GG-suf-G-suf2-	MICA*010:02	E5	44	49	GG	G		KVLVLQSHWQTFHVSAV-----AAAAAIFVIIIFYVRCCKKKTSAAEGP
MICA*010:02-E6-L42-pre-AG-suf--suf2-	MICA*010:02	E6	42	42	AG			LVSLQVLDQHPVGTSDHRDATQLGFQPLMSALGSTGSTEGAX
MICA*011-E2-L84-pre-AG-suf-G-suf2-	MICA*011	E2	84	84	AG	G		PHSLRYNLTVLSGDGSVQSGFLAEVHLDGQPFLRCDRQKCRAKPQGQWAEDVLGNKTWDRETRDLTGNGKDLRMTLAHIKDQKE
MICA*011-E3-L95-pre-GC-suf-G-suf2-	MICA*011	E3	95	95	GC	G		LHSLQEIRVCEIHEDNSTRSSQHFYYDGELFLSQNLETEEWTMPQSSRAQTLAMNVRNFLKEDAVKTKTHYHAMHADCLQELRRYLKSGVVLRRT
MICA*011-E4-L92-pre-TG-suf-G-suf2-	MICA*011	E4	92	92	TG	G		PPMVNVTRSEASEGNITVTCRASGFYPWNITLSWRQDGVSLSHDTQQWGDVLPDGNGTYQTWVATRICQGEEQRFTCYMEHSGNHSTHAVPS
MICA*011-E5-L45-pre-GG-suf-G-suf2-	MICA*011	E5	45	49	GG	G		KVLVLQSHWQTFHVSAV----AAAAAAIFVIIIFYVCCCKKKTSAAEGP
MICA*011-E6-L42-pre-AG-suf--suf2-	MICA*011	E6	42	42	AG			LVSLQVLDQHPVGTSDHRDATQLGFQPLMSALGSAGSTEGAX
MICA*012:01-E1-L23-pre--suf-G-suf2-	MICA*012:01	E1	23	23		G		MGLGPVFLLLAGIFPFAPPGAAA
MICA*012:01-E2-L84-pre-AG-suf-G-suf2-	MICA*012:01	E2	84	84	AG	G		PHSLRYNLTVLSWDGSVQSGFLTEVHLDGQPFLRCDRQKCRAKPQGQWAEDVLGNKTWDRETRDLTGNGKDLRMTLAHIKDQKE
MICA*012:01-E3-L95-pre-GC-suf-G-suf2-	MICA*012:01	E3	95	95	GC	G		LHSLQEIRVCEIHEDNSTRSSQHFYYDGELFLSQNLETEEWTMPQSSRAQTLAMNVRNFLKEDAMKTKTLYHAMHADCLQELRRYLKSGVVLRRT
MICA*012:01-E4-L92-pre-TG-suf-G-suf2-	MICA*012:01	E4	92	92	TG	G		PPMVNVTRSEASEGNITVTCRASGFYPWNITLSWRQDGVSLSHDTQQWGDVLPDGNGTYQTWVATRICQGEEQRFTCYMEHSGNHSTHPVPS
MICA*012:01-E5-L43-pre-GG-suf-G-suf2-	MICA*012:01	E5	43	49	GG	G		KVLVLQSHWQTFHVSAV------AAAAIFVIIIFYVRCCKKKTSAAEGP
MICA*012:01-E6-L42-pre-AG-suf--suf2-	MICA*012:01	E6	42	42	AG			LVSLQVLDQHPVGTSDHRDATQLGFQPLMSDLGSTGSTEGAX
MICA*012:02-E2-L84-pre-AG-suf-G-suf2-	MICA*012:02	E2	84	84	AG	G		PHSLRYNLTVLSWDGSVQSGFLTEVHLDGQPFLRCDRQKCRAKPQGQWAEDVLGNKTWDRETRDLTGNGKDLRMTLAHIKDQKE
MICA*012:02-E3-L95-pre-GC-suf-G-suf2-	MICA*012:02	E3	95	95	GC	G		LHSLQEIRVCEIHEDNSTRSSQHFYYDGELFLSQNLETEEWTMPQSSRAQTLAMNVRNFLKEDAMKTKTLYHAMHADCLQELRRYLKSGVVLRRT
MICA*012:02-E4-L92-pre-TG-suf-G-suf2-	MICA*012:02	E4	92	92	TG	G		PPMVNVTRSEASEGNITVTCRASGFYPWNITLSWRQDGVSLSHDTQQWGDVLPDGNGTYQTWVATRICQGEEQRFTCYMEHSGNHSTHPVPS
MICA*012:03-E2-L84-pre-AG-suf-G-suf2-	MICA*012:03	E2	84	84	AG	G		PHSLRYNLTVLSWDGSVQSGFLTEVHLDGQPFLRCDRQKCRAKPQGQWAEDVLGNKTWDRETRDLTGNGKDLRMTLAHIKDQKE
MICA*012:03-E3-L95-pre-GC-suf-G-suf2-	MICA*012:03	E3	95	95	GC	G		LHSLQEIRVCEIHEDNSTRSSQHFYYDGELFLSQNLETEEWTMPQSSRAQTLAMNVRNFLKEDAMKTKTLYHAMHADCLQELRRYLKSGVVLRRT
MICA*012:03-E4-L92-pre-TG-suf-G-suf2-	MICA*012:03	E4	92	92	TG	G		PPMVNVTRSEASEGNITVTCRASGFYPWNITLSWRQDGVSLSHDTQQWGDVLPDGNGTYQTWVATRICQGEEQRFTCYMEHSGNHSTHPVPS
MICA*012:04-E2-L84-pre-AG-suf-G-suf2-	MICA*012:04	E2	84	84	AG	G		PHSLRYNLTVLSWDGSVQSGFLTEVHLDGQPFLRCDRQKCRAKPQGQWAEDVLGNKTWDRETRDLTGNGKDLRMTLAHIKDQKE
MICA*012:04-E3-L95-pre-GC-suf-G-suf2-	MICA*012:04	E3	95	95	GC	G		LHSLQEIRVCEIHEDNSTRSSQHFYYDGELFLSQNLETEEWTMPQSSRAQTLAMNVRNFLKEDAMKTKTLYHAMHADCLQELRRYLKSGVVLRRT
MICA*012:04-E4-L92-pre-TG-suf-G-suf2-	MICA*012:04	E4	92	92	TG	G		PPMVNVTRSEASEGNITVTCRASGFYPWNITLSWRQDGVSLSHDTQQWGDVLPDGNGTYQTWVATRICQGEEQRFTCYMEHSGNHSTHPVPS
MICA*012:04-E5-L43-pre-GG-suf-G-suf2-	MICA*012:04	E5	43	49	GG	G		KVLVLQSHWQTFHVSAV------AAAAIFVIIIFYVRCCKKKTSAAEGP
MICA*013-E2-L84-pre-AG-suf-G-suf2-	MICA*013	E2	84	84	AG	G		PHSLRYNLTVLSGDGSVQSGFLAEVHLDGQPFLRCDRQKCRAKPQGQWAEDVLGNKTWDRETRDLTGNGKDLRMTLAHIKDQKE
MICA*013-E3-L95-pre-GC-suf-G-suf2-	MICA*013	E3	95	95	GC	G		LHSLQEIRVCEIHEDNSTRSSQHFYYDGELFLSQNLETEEWTVPQSSRAQTLAMNVRNFLKEDAMKTKTHYHAMHADCLQELRRYLESGVVLRRT
MICA*013-E4-L92-pre-TG-suf-*-suf2-	MICA*013	E4	92	92	TG	*		PPMVNVTRSEASEGNITVTCRASGFYPWNITLSWRQDGVSLSHDTQQWGDVLPDGNGTYQTWVATRICRGEEQRFTCYMEHSGNHSTHPVPS
MICA*014-E2-L84-pre-AG-suf-G-suf2-	MICA*014	E2	84	84	AG	G		PHSLRYNLTVLSGDGSVQSGFLAEVHLDGQPFLRCDRQKCRAKPQGQWAEDVLGNKTWDRETRDLTGNGKDLRMTLAHIKDQKE
MICA*014-E3-L95-pre-GC-suf-G-suf2-	MICA*014	E3	95	95	GC	G		LHSLQEIRVCEIHEDNSTRSSQHFYYDRELFLSQNLETEEWTMPQSSRAQTLAMNVRNFLKEDAMKTKTHYHAMHADCLQELRRYLESGVVLRRR
MICA*014-E4-L92-pre-TG-suf-*-suf2-	MICA*014	E4	92	92	TG	*		PPMVNVTRSEASEGNITVTCRASGFYPWNITLSWRQDGVSLSHDTQQWGDVLPDGNGTYQTWVATRICQGEEQRFTCYMEHSGNHSTHPVPS
MICA*015-E2-L84-pre-AG-suf-G-suf2-	MICA*015	E2	84	84	AG	G		PHSLRYNLTVLSGDGSVQSGFLAEVHLDGQPFLRCDRQKCRAKPQGQWAEDVLGNKTWDRETRDLTGNGKDLRMTLAHIKDQKE
MICA*015-E3-L95-pre-GC-suf-G-suf2-	MICA*015	E3	95	95	GC	G		LHSLQEIRVCEIHEDNSTRSSQHFYYDRELFLSQNLETEEWTMPQSSRAQTLAMNVRNFLKEDAMKTKTHYHAMHADCLQELRRYLKSGVVLRRT
MICA*015-E4-L92-pre-TG-suf--suf2-	MICA*015	E4	92	92	TG			PPMVNVTRSEASEGNITVTCRASGFYPWNITLSWRQDGVSLSHDTQQWGDVLPDGNGTYQTWVATRICQGEEQRFTCYMEHSGNHSTHPVPS
MICA*015-E5-L48-pre-GG-suf-G-suf2-	MICA*015	E5	48	49	GG	G		KVLVLQSHWQTFHVSAV-AAAAAAAAAIFVIIIFYVCCCKKKTSAAEGP
MICA*015-E6-L42-pre-AG-suf--suf2-	MICA*015	E6	42	42	AG			LVSLQVLDQHPVGTSDHRDATQLGFQPLMSDLGSTGSTEGAX
MICA*016-E2-L84-pre-AG-suf-G-suf2-	MICA*016	E2	84	84	AG	G		PHSLRYNLTVLSWDGSVQSGFLAEVHLDGQPFLRYDRQKCRAKPQGQWAEDVLGNKTWDRETRDLTGNGKDLRMTLAHIKDQKE
MICA*016-E3-L95-pre-GC-suf-G-suf2-	MICA*016	E3	95	95	GC	G		LHSLQEIRVCEIHEDNSTRSSQHFYYDGELFLSQNLETEEWTVPQSSRAQTLAMNVRNFLKEDAMKTKTHYHAMHADCLQELRRYLESSVVLRRT
MICA*016-E4-L92-pre-TG-suf-G-suf2-	MICA*016	E4	92	92	TG	G		PPMVNVTRSEASEGNITVTCRASSFYPRNIILTWRQDGLSLSHDTQQWGDVLPDGNGTYQTWVATRICRGEEQRFTCYMEHSGNHSTHPVPS
MICA*016-E5-L44-pre-GG-suf-G-suf2-	MICA*016	E5	44	49	GG	G		KVLVLQSHWQTFHVSAV-----AAAAAIFVIIIFYVRCCKKKTSAAEGP
MICA*016-E6-L42-pre-AG-suf--suf2-	MICA*016	E6	42	42	AG			LVSLQVLDQHPVGTSDHRDATQLGFQPLMSALGSTGSTEGAX
MICA*017-E1-L23-pre--suf-G-suf2-	MICA*017	E1	23	23		G		MGLGPVFLLLAGIFPFAPPGAAA
MICA*017-E2-L84-pre-AG-suf-G-suf2-	MICA*017	E2	84	84	AG	G		PHSLRYNLTVLSGDGSVQSGFLAEVHLDGQPFLRCDRQKCRAKPQGQWAEDVLGNKTWDRETRDLTGNGKDLRMTLAHIKDQKE
MICA*017-E3-L95-pre-GC-suf-G-suf2-	MICA*017	E3	95	95	GC	G		LHSLREIRVCEIHEDNSTRSSQHFYYDGELFLSQNLETEEWTMPQSSRAQTLAMNVRNFLKEDAMKTKTHYHAMHADCLQELRRYLKSGVVLRRT
MICA*017-E4-L92-pre-TG-suf--suf2-	MICA*017	E4	92	92	TG			PPMVNVTRSEASEGNITVTCRASGFYPWNITLSWRQDGVSLSHDTQQWGDVLPDGNGTYQTWVATRICQGEEQRFTCYMEHSGNHSTHPVPS
MICA*017-E5-L48-pre-GG-suf-G-suf2-	MICA*017	E5	48	49	GG	G		KVLVLQSHWQTFHVSAV-AAAAAAAAAIFVIIIFYVCCCKKKTSAAEGP
MICA*017-E6-L42-pre-AG-suf--suf2-	MICA*017	E6	42	42	AG			LVSLQVLDQHPVGTSDHRDATQLGFQPLMSDLGSTGSTEGAX
MICA*018:01-E1-L23-pre--suf-G-suf2-	MICA*018:01	E1	23	23		G		MGLGPVFLLLAGIFPFAPPGAAA
MICA*018:01-E2-L84-pre-AG-suf-G-suf2-	MICA*018:01	E2	84	84	AG	G		PHSLRYNLTVLSWDGSVQSGFLTEVHLDGQPFLRCDRQKCRAKPQGQWAEDVLGNKTWDRETRDLTGNGKDLRMTLAHIKDQKE
MICA*018:01-E3-L95-pre-GC-suf-G-suf2-	MICA*018:01	E3	95	95	GC	G		LHSLQEIRVCEIHEDNSTRSSQHFYYDGELFLSQNLETEEWTMPQSSRAQTLAMNVRNFLKEDAMKTKTHYHAMHADCLQELRRYLKSGVVLRRT
MICA*018:01-E4-L92-pre-TG-suf-G-suf2-	MICA*018:01	E4	92	92	TG	G		PPMVNVTRSEASEGNITVTCRASGFYPWNITLSWRQDGVSLSHDTQQWGDVLPDGNGTYQTWVATRICQGEEQRFTCYMEHSGNHSTHPVPS
MICA*018:01-E5-L43-pre-GG-suf-G-suf2-	MICA*018:01	E5	43	49	GG	G		KVLVLQSHWQTFHVSAV------AAAAIFVIIIFYVRCCKKKTSAAEGP
MICA*018:01-E6-L42-pre-AG-suf--suf2-	MICA*018:01	E6	42	42	AG			LVSLQVLDQHPVGTSDHRDATQLGFQPLMSDLGSTGSTEGTX
MICA*018:02-E2-L84-pre-AG-suf-G-suf2-	MICA*018:02	E2	84	84	AG	G		PHSLRYNLTVLSWDGSVQSGFLTEVHLDGQPFLRCDRQKCRAKPQGQWAEDVLGNKTWDRETRDLTGNGKDLRMTLAHIKDQKE
MICA*018:02-E3-L95-pre-GC-suf-G-suf2-	MICA*018:02	E3	95	95	GC	G		LHSLQEIRVCEIHEDNSTRSSQHFYYDGELFLSQNLETEEWTMPQSSRAQTLAMNVRNFLKEDAMKTKTHYHAMHADCLQELRRYLKSGVVLRRT
MICA*018:02-E4-L92-pre-TG-suf-G-suf2-	MICA*018:02	E4	92	92	TG	G		PPMVNVTRSEASEGNITVTCRASGFYPWNITLSWRQDGVSLSHDTQQWGDVLPDGNGTYQTWVATRICQGEEQRFTCYMEHSGNHSTHPVPS
MICA*018:02-E5-L43-pre-GG-suf-G-suf2-	MICA*018:02	E5	43	49	GG	G		KVLVLQSHWQTFHVSAV------AAAAIFVIIIFYVRCCKKKTSAAEGP
MICA*019:01-E1-L23-pre--suf-G-suf2-	MICA*019:01	E1	23	23		G		MGLGPVFLLLAGIFPFAPPGAAA
MICA*019:01-E2-L84-pre-AG-suf-G-suf2-	MICA*019:01	E2	84	84	AG	G		PHSLRYNLTVLSWDGSVQSGFLAEVHLDGQPFLRYDRQKCRAKPQGQWAEDVLGNKTWDRETRDLTGNGKDLRMTLAHIKDQKE
MICA*019:01-E3-L95-pre-GC-suf-G-suf2-	MICA*019:01	E3	95	95	GC	G		LHSLQEIRVCEIHEDNSTRSSQHFYYDGELFLSQNLETEEWTVPQSSRAQTLAMNVRNFLKEDAMKTKTHYHAMHADCLQELRRYLESSVVLRRT
MICA*019:01-E4-L92-pre-TG-suf-G-suf2-	MICA*019:01	E4	92	92	TG	G		PPMVNVTRSEASEGNITVTCRASSFYPRNIILTWRQDGVSLSHDTQQWGDVLPDGNGTYQTWVATRICRGEEQRFTCYMEHSGNHSTHPVPS
MICA*019:01-E5-L44-pre-GG-suf-G-suf2-	MICA*019:01	E5	44	49	GG	G		KVLVLQSHWQTFHVSAV-----AAAAAIFVIIIFYVRCCKKKTSAAEGP
MICA*019:01-E6-L42-pre-AG-suf--suf2-	MICA*019:01	E6	42	42	AG			LVSLQVLDQHPVGTSDHRDATQLGFQPLMSALGSTGSTEGAX
MICA*019:02-E2-L84-pre-AG-suf-G-suf2-	MICA*019:02	E2	84	84	AG	G		PHSLRYNLTVLSWDGSVQSGFLAEVHLDGQPFLRYDRQKCRAKPQGQWAEDVLGNKTWDRETRDLTGNGKDLRMTLAHIKDQKE
MICA*019:02-E3-L95-pre-GC-suf-G-suf2-	MICA*019:02	E3	95	95	GC	G		LHSLQEIRVCEIHEDNSTRSSQHFYYDGELFLSQNLETEEWTVPQSSRAQTLAMNVRNFLKEDAMKTKTHYHAMHADCLQELRRYLESSVVLRRT
MICA*019:02-E4-L92-pre-TG-suf-G-suf2-	MICA*019:02	E4	92	92	TG	G		PPMVNVTRSEASEGNITVTCRASSFYPRNIILTWRQDGVSLSHDTQQWGDVLPDGNGTYQTWVATRICRGEEQRFTCYMEHSGNHSTHPVPS
MICA*019:02-E5-L44-pre-GG-suf-G-suf2-	MICA*019:02	E5	44	49	GG	G		KVLVLQSHWQTFHVSAV-----AAAAAIFVIIIFYVRCCKKKTSAAEGP
MICA*020-E2-L84-pre-AG-suf-G-suf2-	MICA*020	E2	84	84	AG	G		PHSLRYNLTVLSGDGSVQSGFLAEVHLDGQPFLRCDRQKCRAKPQGQWAEDVLGNKTWDRETRDLTGNGKDLRMTLAHIKDQKE
MICA*020-E3-L95-pre-GC-suf-G-suf2-	MICA*020	E3	95	95	GC	G		LHSLQEIRVCEIHEDNSTRSSQHFYYDGELFLSQNLETEEWTMPQSSRAQTLAMNVRNFLKEDAMKTKTHYHAMHADCLQELRRYLKSGVVLRRT
MICA*020-E4-L92-pre-TG-suf-G-suf2-	MICA*020	E4	92	92	TG	G		PPMVNVTRSEASEGNITVTCRASGFYPWNITLSWRQDGVSLSHDTQQWGDVLPDGNGTYQTWVATRICQGEEQRFTCYMEHSGNHSTHPVPS
MICA*020-E5-L49-pre-GG-suf-G-suf2-	MICA*020	E5	49	49	GG	G		KVLVLQSHWQTFHVSAVAAAAAAAAAAIFVIIIFYVCCCKKKTSAAEGP
MICA*022-E2-L84-pre-AG-suf-G-suf2-	MICA*022	E2	84	84	AG	G		PHSLRYNLTVLSGDGSVQSGFLAEVHLDGQPFLRCDRQKCRAKPQGQWAEDVLGNKTWDRETRDLTGNGKDLRMTLAHIKDQKE
MICA*022-E3-L95-pre-GC-suf-G-suf2-	MICA*022	E3	95	95	GC	G		LHSLQEIRVCEIHEDNSTRSSQHFYYDGELFLSQNLETEEWTVPQSSRAQTLAMNVRNFLKEDAMKTKTHYHAMHADCLQELRRYLESSVVLRRT
MICA*022-E4-L92-pre-TG-suf-G-suf2-	MICA*022	E4	92	92	TG	G		PPMVNVTRSEASEGNITVTCRASSFYPRNIILTWRQDGVSLSHDTQQWGDVLPDGNGTYQTWVATRICRGEEQRFTCYMEHSGNHSTHPVPS
MICA*023-E2-L84-pre-AG-suf-G-suf2-	MICA*023	E2	84	84	AG	G		PHSLRYNLTVLSGDGSVQSGFLAEVHLDGQPFLRCDRQKCRAKPQGQWAEDVLGNKTWDRETRDLTGNGKDLRMTLAHIKDQKE
MICA*023-E3-L95-pre-GC-suf-G-suf2-	MICA*023	E3	95	95	GC	G		LHSLQEIRVCEIHEDNSTRSSQHFYYDGELFLSQNLETEEWTMPQSSRAQTLAMNVRNFLKEDAMKTKTHYHAMHADCLQELRRYLKSGVVLRRT
MICA*023-E4-L92-pre-TG-suf-G-suf2-	MICA*023	E4	92	92	TG	G		PPMVNVTRSEASEGNITVTCRASGFYPWNITLSWRQDGVSLSHDTQQWGDVLPDGNGTYQTWVATRICQGEEQRFTCYMEHSGNHSTHPVPS
MICA*023-E5-L35-pre-GG-suf-*-suf2-*	MICA*023	E5	35	49	GG	*	*	KVLVLQSHWQTFHVSAV-----AAGCCYFCYYYFLCPLLX---------
MICA*024-E2-L84-pre-AG-suf-G-suf2-	MICA*024	E2	84	84	AG	G		PHSLRYNLTVLSWDGSVQSGFLAEVHLDGQPFLRYDRQKCRAKPQGQWAEDVLGNKTWDRETRDLTGNGKDLRMTLAHIKDQKE
MICA*024-E3-L95-pre-GC-suf-G-suf2-	MICA*024	E3	95	95	GC	G		LHSLQEIRVCEIHEDNSTRSSQHFYYDGELFLSQNLETEEWTVPQSSRAQTLAMNVRNFLKEDAMKTKTHYHAMHADCLQELRRYLESGVVLRRT
MICA*024-E4-L92-pre-TG-suf-G-suf2-	MICA*024	E4	92	92	TG	G		PPMVNVTRSEASEGNITVTCRASSFYPRNITLTWRQDGVSLSHDTQQWGDVLPDGNGTYQTWVATRICQGEEQRFTCYMEHSGNHSTHPVPS
MICA*025-E2-L84-pre-AG-suf-G-suf2-	MICA*025	E2	84	84	AG	G		PHSLPYNLTVLSWDGSVQSGFLAEVHLDGQPFLRYDRQKCRAKPQGQWAEDVLGNKTWDRETRDLTGNGKDLRMTLAHIKDQKE
MICA*025-E3-L95-pre-GC-suf-G-suf2-	MICA*025	E3	95	95	GC	G		LHSLQEIRVCEIHEDNSTRSSQHFYYDGELFLSQNLETEEWTMPQSSRAQTLAMNVRNFLKEDAMKTKTHYHAMHADCLQELRRYLKSGVVLRRT
MICA*025-E4-L92-pre-TG-suf-G-suf2-	MICA*025	E4	92	92	TG	G		PPMVNVTRSEASEGNITVTCRASGFYPWNITLSWRQDGVSLSHDTQQWGDVLPDGNGTYQTWVATRICQGEEQRFTCYMEHSGNHSTHPVPS
MICA*026-E2-L84-pre-AG-suf-G-suf2-	MICA*026	E2	84	84	AG	G		PHSLRYNLTVLSWDGSVQSGFLAEVHLDGQPFLRCDRQKCRAKPQGQWAEDVLGNKTWDRETRDLTGNGKDLRMTLAHIKDQKE
MICA*026-E3-L95-pre-GC-suf-G-suf2-	MICA*026	E3	95	95	GC	G		LHSLQEIRVCEIHEDNSTRSSQHFYYDGELFLSQNLETEEWTMPQSSRAQTLAMNVRNFLKEDAMKTKTHYHAMHADCLQELRRYLKSGVVLRRT
MICA*026-E4-L92-pre-TG-suf-G-suf2-	MICA*026	E4	92	92	TG	G		PPMVNVTRSEASEGNITVTCRASGFYPWNITLSWRQDGVSLSHDTQQWGDVLPDGNGTYQTWVATRICQGEEQRFTCYMEHSGNHSTHPVPS
MICA*026-E5-L45-pre-GG-suf-G-suf2-	MICA*026	E5	45	49	GG	G		KVLVLQSHWQTFHVSAV----AAAAAAIFVIIIFYVRCCKKKTSAAEGP
MICA*027-E1-L23-pre--suf-G-suf2-	MICA*027	E1	23	23		G		MGLGPVFLLLAGIFPFAPPGAAA
MICA*027-E2-L84-pre-AG-suf-G-suf2-	MICA*027	E2	84	84	AG	G		PHSLRYNLTVLSWDGSVQSGFLAEVHLDGQPFLRYDRQKCRAKPQGQWAEDVLGNKTWDRETRDLTGNGKDLRMTLAHIKDQKE
MICA*027-E3-L95-pre-GC-suf-G-suf2-	MICA*027	E3	95	95	GC	G		LHSLQEIRVCEIHEDNSTRSSQHFYYDGELFLSQNLETEEWTVPQSSRAQTLAMNVRNFLKEDAMKTKTHYHAMHADCLQELRRYLESGVVLRRT
MICA*027-E4-L92-pre-TG-suf-G-suf2-	MICA*027	E4	92	92	TG	G		PPMVNVTRSEASEGNITVTCRASSFYPRNIILTWRQDGVSLSHDTQQWGDVLPDGNGTYQTWVATRICRGEEQRFTCYMEHSGNHSTHPVPS
MICA*027-E5-L44-pre-GG-suf-G-suf2-	MICA*027	E5	44	49	GG	G		KVLVLQSHWQTFHVSAV-----AAAAAIFVIIIFYVRCCKKKTSAAEGP
MICA*027-E6-L42-pre-AG-suf--suf2-	MICA*027	E6	42	42	AG			LVSLQVLDQHPVGTSDHRDATQLGFQPLMSALGSTGSTEGAX
MICA*028-E2-L84-pre-AG-suf-G-suf2-	MICA*028	E2	84	84	AG	G		PHSLRYNLTVLSWDGSVQSGFLAEVHLDGQPFLRYDRQKCRAKPQGQWAEDVLGNKTWDRETRDLTGNGKDLRMTLAHIKDQKE
MICA*028-E3-L95-pre-GC-suf-G-suf2-	MICA*028	E3	95	95	GC	G		LHSLQEIRVCEIHEDNSTRSSQHFYYDGELFLSQNLETEEWTVPQSSRAQTLAMNVRNFLKEDAMKTKTHYHAMHADCLQELRRYLESGVVLRRT
MICA*028-E4-L92-pre-TG-suf-G-suf2-	MICA*028	E4	92	92	TG	G		PPMVNVTRSEASEGNITVTCRASGFYPWNITLSWRQDGVSLSHDTQQWGDVLPDGNGTYQTWVATRICQGEEQRFTCYMEHSGNHSTHPVPS
MICA*028-E5-L35-pre-GG-suf-*-suf2-*	MICA*028	E5	35	49	GG	*	*	KVLVLQSHWQTFHVSAV-----AAGCCYFCYYYFLCPLLX---------
MICA*029-E2-L84-pre-AG-suf-G-suf2-	MICA*029	E2	84	84	AG	G		PHSLRYNLTVLSWDGSVQSGFLAEVHLDGQPFLRCDRQKCRAKPQGQWAEDVLGNKTWDRETRDLTGNGKDLRMTLAHIKDQKE
MICA*029-E3-L95-pre-GC-suf-G-suf2-	MICA*029	E3	95	95	GC	G		LHSLQEIRVCEIHEDNSTRSSQHFYYDGELFLSQNLETEEWTMPQSSRAQTLAMNIRNFLKEDAMKTKTHYHAMHADCLQELRRYLKSGVVLRRT
MICA*029-E4-L92-pre-TG-suf-G-suf2-	MICA*029	E4	92	92	TG	G		PPMVNVTRSEASEGNITVTCRASGFYPWNITLSWRQDGVSLSHDTQQWGDVLPDGNGTYQTWVATRICQGEEQRFTCYMEHSGNHSTHPVPS
MICA*029-E5-L43-pre-GG-suf-G-suf2-	MICA*029	E5	43	49	GG	G		KVLVLQSHWQTFHVSAV------AAAAIFVIIIFYVRCCKKKTSAAEGP
MICA*030-E2-L84-pre-AG-suf-G-suf2-	MICA*030	E2	84	84	AG	G		PHSLRYNLTVLSGDGSVQSGFLAEVHLDGQPFLRCDRQKCRAKPQGQWAEDVLGNKTWDRETRDLTGNGKDLRMTLAHIKDQKE
MICA*030-E3-L95-pre-GC-suf-G-suf2-	MICA*030	E3	95	95	GC	G		LHSLQEIRVCEIHEDNSTRSSQHFYYDGELFLSQNLETEEWTMPQSSRAQTLAMNVRNFLKEDAMKTKTHYHAMHADCLQELRRYLKSGVVLRRT
MICA*030-E4-L92-pre-TG-suf-G-suf2-	MICA*030	E4	92	92	TG	G		PPMVNVTRSEASEGNITVTCRASGFYPWNITLSWRQDGVSLSHDTQQWGDVLPDGNGTYQTWVATRICQGEEQRFTCYMEHSGNHSTHAVPS
MICA*030-E5-L45-pre-GG-suf-G-suf2-	MICA*030	E5	45	49	GG	G		KVLVLQSHWQTFHVSAV----AAAAAAIFVIIIFYVCCCKKKTSAAEGP
MICA*031-E2-L84-pre-AG-suf-G-suf2-	MICA*031	E2	84	84	AG	G		PHSLRYNLTVLSWDGSVQSGFLAEVHLDGQPFLRYDRQKCRAKPQGQWAEDVLGNKTWDRETRDLTGNGKDLRMTLAHIKDQKE
MICA*031-E3-L95-pre-GC-suf-G-suf2-	MICA*031	E3	95	95	GC	G		LHSLQEIRVCEIHEDNSTRSSQHFYYDGELFLSQNLETKEWTMPQSSRAQTLAMNVRNFLKEDAMKTKTHYHAMHADCLQELRRYLKSGVVLRRT
MICA*031-E4-L92-pre-TG-suf-G-suf2-	MICA*031	E4	92	92	TG	G		PPMVNVTRSEASEGNITVTCRASGFYPWNITLSWRQDGVSLSHDTQQWGDVLPDGNGTYQTWVATRICQGEEQRFTCYMEHSGNHSTHPVPS
MICA*032-E2-L84-pre-AG-suf-G-suf2-	MICA*032	E2	84	84	AG	G		PHSLRYNLTVLSWDGSVQSGFLAEVHLDGQPFLRYDRQKCRAKPQGQWAEDVLGNKTWDRETRDLTGNGKDLRMTLAHIKDQKE
MICA*032-E3-L95-pre-GC-suf-G-suf2-	MICA*032	E3	95	95	GC	G		LHSLQEIRVCEIHEDNSTRSSQHFYYDGELFLSQNLETEEWTMPQSSRAQTLAMNVRNFLKEDAMKTKTLYHAMHADCLQELRRYLKSSVVLRRR
MICA*032-E4-L92-pre-TG-suf-G-suf2-	MICA*032	E4	92	92	TG	G		PPMVNVTRSEASEGNITVTCRASGFYPWNITLSWRQDGVSLSHDTQQWGDVLPDGNGTYQTWVATRICQGEEQRFTCYMEHSGNHSTHPVPS
MICA*033-E2-L84-pre-AG-suf-G-suf2-	MICA*033	E2	84	84	AG	G		PHSLRYNLTVLSWDGSVQSGFLAEVHLDGQPFLRYDRQKCRAKPQGQWAEDVLGNKTWDRETRDLTGNGKDLRMTLAHIKDQKE
MICA*033-E3-L95-pre-GC-suf-G-suf2-	MICA*033	E3	95	95	GC	G		LHSLQEIRVCEIHEDNSTRSSQHFYYDGELFLSQNLESEEWTVPQSSRAQTLAMNVRNFLKEDAMKTKTHYHAMHADCLQELRRYLESSVVLRRT
MICA*033-E4-L92-pre-TG-suf-G-suf2-	MICA*033	E4	92	92	TG	G		PPMVNVTRSEASEGNITVTCRASSFYPRNIILTWRQDGVSLSHDTQQWGDVLPDGNGTYQTWVATRICRGEEQRFTCYMEHSGNHSTHPVPS
MICA*033-E5-L44-pre-GG-suf-G-suf2-	MICA*033	E5	44	49	GG	G		KVLVLQSHWQTFHVSAV-----AAAAAIFVIIIFYVRCCKKKTSAAEGP
MICA*034-E2-L84-pre-AG-suf-G-suf2-	MICA*034	E2	84	84	AG	G		PHSLRYNLTVLSGDGSVQSGFLAEVHLDGQPFLRCDRQKCRAKPQGQWAEDVLGNKTWDRETRDLTGNGKDLRMTLAHIKDQKE
MICA*034-E3-L95-pre-GC-suf-G-suf2-	MICA*034	E3	95	95	GC	G		LHSLQEIRVCEIHEDNSTRSSQHFYYDGELFLSQNLETEEWTMPQSSRAQTLAMNVRNFLKEDAVKTKTHYHAMHADCLQELRRYLKSGVVLRRT
MICA*034-E4-L92-pre-TG-suf-G-suf2-	MICA*034	E4	92	92	TG	G		PPMVNVTRSEASEGNITVTCRASSFYPRNITLTWRQDGVSLSHDTQQWGDVLPDGNGTYQTWVATRICQGEEQRFTCYMEHSGNHSTHPVPS
MICA*035-E2-L84-pre-AG-suf-G-suf2-	MICA*035	E2	84	84	AG	G		PHSLRYNLTVLSGDGSVQSGFLAEVHLDGQPFLRCDRQKCRAKPQGQWAEDVLGNKTWDRETRDLTGNGKDLRMTLAHIKDQKE
MICA*035-E3-L95-pre-GC-suf-G-suf2-	MICA*035	E3	95	95	GC	G		LHSLQEIRVCEIHEDNSTRSSQHFYYDGELFLSQNLETEEWTMPQSSRAQTLAMNVRNFLKEDAMKTKTHYHAMHADCLQELRRYLKSGVVLRRT
MICA*035-E4-L92-pre-TG-suf-G-suf2-	MICA*035	E4	92	92	TG	G		PPMVNVTRSEASEGNITVTCRASSFYPRNIILTWRQDGVSLSHDTQQWGDVLPDGNGTYQTWVATRICRGEEQRFTCYMEHSGNHSTHPVPS
MICA*036-E2-L84-pre-AG-suf-G-suf2-	MICA*036	E2	84	84	AG	G		PHSLRYNLTVLSGDGSVQSGFLAEVHLDGQPFLRCDRQKCRAKPQGQWAEDVLGNKTWDRETRDLTGNGKDLRMTLAHIKDQKE
MICA*036-E3-L95-pre-GC-suf-G-suf2-	MICA*036	E3	95	95	GC	G		LHSLQEIRVCEIHEDNSTKSSQHFYYDGELFLSQNLETEEWTMPQSSRAQTLAMNVRNFLKEDAMKTKTHYHAMHADCLQELRRYLESSVVLRRT
MICA*036-E4-L92-pre-TG-suf-G-suf2-	MICA*036	E4	92	92	TG	G		PPMVNVTRSEASEGNITVTCRASGFYPWNITLSWRQDGVSLSHDTQQWGDVLPDGNGTYQTWVATRICQGEEQRFTCYMEHSGNHSTHPVPS
MICA*037-E2-L84-pre-AG-suf-G-suf2-	MICA*037	E2	84	84	AG	G		PHSLRYNLTVLSWDGSVQSGFLAEVHLDGQPFLRCDRQKCRAKPQGQWAEDVLGNKTWDRETRDLTGNGKDLRMTLAHIKDQKE
MICA*037-E3-L95-pre-GC-suf-G-suf2-	MICA*037	E3	95	95	GC	G		LHSLQEIRVCEIHEDNSTRSSQHFYYDGELFLSQNLETEEWTMPQSSRAQTLAMNVRNFLKEDAMKTKTHYHAMHADCLQELRRYLKSGVVLRRT
MICA*037-E4-L92-pre-TG-suf-G-suf2-	MICA*037	E4	92	92	TG	G		PPMVNVTRSEASEGNITVTCRASSFYPRNIILTWRQDGVSLSHDTQQWGDVLPDGNGTYQTWVATRICRGEEQRFTCYMEHSGNHSTHPVPS
MICA*038-E2-L84-pre-AG-suf-G-suf2-	MICA*038	E2	84	84	AG	G		PHSLRYNLTVLSWDGSVQSGFLAEVHLDGQPFLRCDRQKCRAKPQGQWAEDVLGNKTWDRETRDLTGNGKDLRMTLAHIKDQKE
MICA*038-E3-L95-pre-GC-suf-G-suf2-	MICA*038	E3	95	95	GC	G		LHSLQEIRVCEIHEDNSTRSSQHFYYDGELFLSQNLETEEWTMPQSSRAQTLAMNVRNFLKEDAMKTKTHYHAMHADCLQELRRYLKSGVVLRRT
MICA*038-E4-L92-pre-TG-suf-G-suf2-	MICA*038	E4	92	92	TG	G		PPMVNVTRSEASEGNITVTCRASSFYPRNITLTWRQDGVSLSHDTQQWGDVLPDGNGTYQTWVATRICQGEEQRFTCYMEHSGNHSTHPVPS
MICA*039-E2-L84-pre-AG-suf-G-suf2-	MICA*039	E2	84	84	AG	G		PHSLRYNLTVLSWDGSVQSGFLAEVHLDGQPFLRCDRQKCRAKPQGQWAEDVLGNKTWDRETRDLTGNGKDLRMTLAHIKDQKE
MICA*039-E3-L95-pre-GC-suf-G-suf2-	MICA*039	E3	95	95	GC	G		LHSLQEIRVCEIHEDNSTRSSQHFYYDGELFLSQNLETEEWTMPQSSRAQTLAMNVRNFLKEDAMKTKTHYHAMHADCLQELRRYLKSGVVLRRT
MICA*039-E4-L92-pre-TG-suf-G-suf2-	MICA*039	E4	92	92	TG	G		PPMVNVTRSEASEGNITVTCRASSFYPRNIILTWRQDGLSLSHDTQQWGDVLPDGNGTYQTWVATRICRGEEQRFTCYMEHSGNHSTHPVPS
MICA*040-E2-L84-pre-AG-suf-G-suf2-	MICA*040	E2	84	84	AG	G		PHSLRYNLTVLSWDGSVQSGFLAEVHLDGQPFLRCDRQKCRAKPQGQWAEDVLGNKTWDRETRDLTGNGKDLRMTLAHIKDQKE
MICA*040-E3-L95-pre-GC-suf-G-suf2-	MICA*040	E3	95	95	GC	G		LHSLQEIRVCEIHEDNSTRSSQHFYYDGELFLSQNLETKEWTMPQSSRAQTLAMNVRNFLKEDAMKTKTHYHAMHADCLQELRRYLKSGVVLRRT
MICA*040-E4-L92-pre-TG-suf-G-suf2-	MICA*040	E4	92	92	TG	G		PPMVNVTRSEASEGNITVTCRASGFYPWNITLSWRQDGVSLSHDTQQWGDVLPDGNGTYQTWVATRICQGEEQRFTCYMEHSGNHSTHPVPS
MICA*041-E2-L84-pre-AG-suf-G-suf2-	MICA*041	E2	84	84	AG	G		PHSLRYNLTVLSGDGSVQSGFLAEGHLDGQPFLRCDRQKCRAKPQGQWAEDVLGNKTWDRETRDLTGNGKDLRMTLAHIKDQKE
MICA*041-E3-L95-pre-GC-suf-G-suf2-	MICA*041	E3	95	95	GC	G		LHSLQEIRVCEIHEDNSTRSSQHFYYDGELFLSQNLETEEWTMPQSSRAQTLAMNVRNFLKEDAMKTKTHYHAMHADCLQELRRYLKSGVVLRRT
MICA*041-E4-L92-pre-TG-suf-G-suf2-	MICA*041	E4	92	92	TG	G		PPMVNVTRSEASEGNITVTCRASGFYPWNITLSWRQDGVSLSHDTQQWGDVLPDGNGTYQTWVATRICQGEEQRFTCYMEHSGNHSTHPVPS
MICA*041-E5-L48-pre-GG-suf-G-suf2-	MICA*041	E5	48	49	GG	G		KVLVLQSHWQTFHVSAV-AAAAAAAAAIFVIIIFYVCCCKKKTSAAEGP
MICA*042-E2-L84-pre-AG-suf-G-suf2-	MICA*042	E2	84	84	AG	G		PHSLRYNLTVLSWDGSVQSGFLAEVHLDGQPFLRYDRQKCRAKPQGQWAEDVLGNKTWDRETRDLTGNGKDLRMTLAHIKDQKE
MICA*042-E3-L95-pre-GC-suf-G-suf2-	MICA*042	E3	95	95	GC	G		LHSLQEIRVCEIHEDNSTRSSQHFYYDGELFLSQNLETEEWTMPQSSRAQTLAMNVRNFLKEDAMKTKTHYHAMHADCLQELRRYLKSGVVLRRT
MICA*042-E4-L92-pre-TG-suf-G-suf2-	MICA*042	E4	92	92	TG	G		PPMVNVTRSEASEGNITVTCRASSFYPRNIILTWRQDGVSLSHDTQQWGDVLPDGNGTYQTWVATRICRGEEQRFTCYMEHSGNHSTHPVPS
MICA*043-E2-L84-pre-AG-suf-G-suf2-	MICA*043	E2	84	84	AG	G		PHSLRYNLTVLSWDGSVQSGFLAEVHLDGQPFLRCDRQKCRAKPQGQWAEDVLGNKTWDRETRDLTGNGKDLRMTLAHIKDQKE
MICA*043-E3-L95-pre-GC-suf-G-suf2-	MICA*043	E3	95	95	GC	G		LHSLQEIRVCEIHEDNSTRSSQHFYYDGELFLSQNLETEEWTMPQSSRAQTLAMNVRNFLKEDAMKTKTRYHAMHADCLQELRRYLKSGVVLRRT
MICA*043-E4-L92-pre-TG-suf-G-suf2-	MICA*043	E4	92	92	TG	G		PPMVNVTRSEASEGNITVTCRASGFYPWNITLSWRQDGVSLSHDTQQWGDVLPDGNGTYQTWVATRICQGEEQSFTCYMEHSGNHSTHPVPS
MICA*043-E5-L43-pre-GG-suf-G-suf2-	MICA*043	E5	43	49	GG	G		KVLVLQSHWQTFHVSAV------AAAAIFVIIIFYVCCCKKKTSAAEGP
MICA*044-E2-L84-pre-AG-suf-G-suf2-	MICA*044	E2	84	84	AG	G		PHSLRYNLTVLSGDGSVQSGFLAEVHLDGQPFLRYDRQKCRAKPQGQWAEDVLGNKTWDRETRDLTGNGKDLRMTLAHIKDQKE
MICA*044-E3-L95-pre-GC-suf-G-suf2-	MICA*044	E3	95	95	GC	G		LHSLQEIRVCEIHEDNSTRSSQHFYYDGELFLSQNVETEEWTVPQSSRAQTLAMNVRNFLKEDAMKTKTHYHAMHADCLQELRRYLESSVVLRRR
MICA*044-E4-L92-pre-TG-suf-G-suf2-	MICA*044	E4	92	92	TG	G		PPMVNVTRSEASEGNITVTCRASSFYPRNITLTWRQDGVSLSHDTQQWGDVLPDGNGTYQTWVATRICQGEEQRFTCYMEHSGNHSTHPVPS
MICA*045-E1-L23-pre--suf-G-suf2-	MICA*045	E1	23	23		G		MGLGPVFLLLAGIFPFAPPGAAA
MICA*045-E2-L84-pre-AG-suf-G-suf2-	MICA*045	E2	84	84	AG	G		PHSLRYNLTVLSWDGSVQSGFLAEVHLDGQPFLRCDRQKCRAKPQGQWAEDVLGNKTWDRETRDLTGNGKDLRMTLAHIKDQKE
MICA*045-E3-L95-pre-GC-suf-G-suf2-	MICA*045	E3	95	95	GC	G		LHSLQEIRVCEIHEDNSTRSSQHFYYDGELFLSQNLETEEWTMPQSSRAQTLAMNVRNFLKEDAMKTKTHYHAMHADCLQELRRYLKSGVVLRRT
MICA*045-E4-L92-pre-TG-suf-G-suf2-	MICA*045	E4	92	92	TG	G		PPMVNVTRSEASEGNITVTCRASGFYPWNITLSWRQDGVSLSHDTQQWGDVLPDGNGTYQTWVATRICEGEEQRFTCYMEHSGNHSTHPVPS
MICA*045-E5-L43-pre-GG-suf-G-suf2-	MICA*045	E5	43	49	GG	G		KVLVLQSHWQTFHVSAV------AAAAIFVIIIFYVRCCKKKTSAAEGP
MICA*045-E6-L42-pre-AG-suf--suf2-	MICA*045	E6	42	42	AG			LVSLQVLDQHPVGTSDHRDATQLGFQPLMSDLGSTGSTEGAX
MICA*046-E2-L84-pre-AG-suf-G-suf2-	MICA*046	E2	84	84	AG	G		PHSLRYNLTVLSGDGSVQSGFLAEVHLDGQPFLRCDRQKCRAKPQGQWAEDVLGNKTWDRETRDLTGNGKDLRMTLAHIKDQKE
MICA*046-E3-L95-pre-GC-suf-G-suf2-	MICA*046	E3	95	95	GC	G		LHSLQEIRVCEIHEDNSTRSSQHFYYDGELFLSQNLETEEWTMPQSSRAQTLAMNVRNFLKEDAMKTKTHYHAMHADCLQELRRYLKSGVVLRRT
MICA*046-E4-L92-pre-TG-suf-G-suf2-	MICA*046	E4	92	92	TG	G		PPMVNVTRSEASEGNITVTCRASGFCPWNITLSWRQDGVSLSHDTQQWGDVLPDGNGTYQTWVATRICQGEEQRFTCYMEHSGNHSTHPVPS
MICA*046-E5-L48-pre-GG-suf-G-suf2-	MICA*046	E5	48	49	GG	G		KVLVLQSHWQTFHVSAV-AAAAAAAAAIFVIIIFYVCCCKKKTSAAEGP
MICA*047-E2-L84-pre-AG-suf-G-suf2-	MICA*047	E2	84	84	AG	G		PHSLRYNLTVLSGDGSVQSGFLAEGHLDGQPFLRCDRQKCRAKPQGQWAEDVLGNKTWDRETRDLTGNGKDLRMTLAHIKDQKE
MICA*047-E3-L95-pre-GC-suf-G-suf2-	MICA*047	E3	95	95	GC	G		LHSLQEIRVCEIHEDNSTRSSQHFYYDGELFLSQNLETEEWTMPQSSRAQTLAMNVRNFLKEDAMKTKTHYHAMHADCLQELRRYLKSGVVLRRT
MICA*047-E4-L92-pre-TG-suf-G-suf2-	MICA*047	E4	92	92	TG	G		PPMVNVTRSEASEGNITVTCRASGFYPWNITLSWRQDGVSLSHDTQQWGDVLPDGNGTYQTWVATRICQGEEQRFTCYMEHSGNHSTHAVPS
MICA*047-E5-L45-pre-GG-suf-G-suf2-	MICA*047	E5	45	49	GG	G		KVLVLQSHWQTFHVSAV----AAAAAAIFVIIIFYVCCCKKKTSAAEGP
MICA*048-E2-L84-pre-AG-suf-G-suf2-	MICA*048	E2	84	84	AG	G		PHSLRYNLTVLSWDGSVQSGFLAEVHLDGQPFLRYDRQKCRAKPQGQWAEDVLGNKTWDRETRDLTGNGKDLRMTLAHIKDQKE
MICA*048-E3-L95-pre-GC-suf-G-suf2-	MICA*048	E3	95	95	GC	G		LHSLQEIRVCEIHEDNSTRSSQHFYYDGELFLSQNLETEEWTVPQSSRAQTLAMNVRNFLKEDAMKTKTHYHAMHADCLQELRRYLESGVVLRRT
MICA*048-E4-L92-pre-TG-suf-G-suf2-	MICA*048	E4	92	92	TG	G		PPMVNVTRSEASEGNITVTCRASSFYPRNIILTWRQDGVSLSHDTQQWGDVLPDGNGTYQTWVATRICRGEEQRFTCYMEHSGNHSTHPVPS
MICA*048-E5-L44-pre-GG-suf-G-suf2-	MICA*048	E5	44	49	GG	G		KVLVLQSHWQTFHVSAV-----AAAAAIFVIIIFYVRCCKKKTSAADGP
MICA*048-E6-L42-pre-AG-suf--suf2-	MICA*048	E6	42	42	AG			LVSLQVLDQHPVGTSDHRDATQLGFQPLMSALGSTGSTEGAX
MICA*049-E2-L84-pre-AG-suf-G-suf2-	MICA*049	E2	84	84	AG	G		PHSLRYNLTVLSWDGSVQSGFLAEVHLDGQPFLRYDRQKCRAKPQGQWAEDVLGNKTWDRETRDLTGNGKDLRMTLAHIKDQKE
MICA*049-E3-L95-pre-GC-suf-G-suf2-	MICA*049	E3	95	95	GC	G		LHSLQEIRVCEIHEDNSTRSSQHFYYDGELFLSQNVETEEWTVPQSSRAQTLAMNVRNFLKEDAMKTKTHYHAMHADCLQELRRYLESSVVLRRT
MICA*049-E4-L92-pre-TG-suf-G-suf2-	MICA*049	E4	92	92	TG	G		PPMVNVTRSEASEGNITVTCRASSFYPRNITLTWRQDGVSLSHDTQQWGDVLPDGNGTYQTWVATRICQGEEQRFTCYMEHSGNHSTHPVPS
MICA*049-E5-L45-pre-GG-suf-G-suf2-	MICA*049	E5	45	49	GG	G		KVLVLQSHWQTFHVSAV----AAAAAAIFVIIIFYVRCCKKKTSAAEGP
MICA*049-E6-L42-pre-AG-suf--suf2-	MICA*049	E6	42	42	AG			LVSLQVLDQHPVGMSDHRDATQLGFQPLMSALGSTGSTEGAX
MICA*050-E2-L84-pre-AG-suf-G-suf2-	MICA*050	E2	84	84	AG	G		PHSLRYNLTVLSGDGSVQSGFLAEVHLDGQPFLRCDRQKCRAKPQGQWAEDVLGNKTWDRETRDLTGNGKDLRMTLAHIKDQKE
MICA*050-E3-L95-pre-GC-suf-G-suf2-	MICA*050	E3	95	95	GC	G		LHSFQEIRVCEIHEDNSTRSSQHFYYDGELFLSQNLETEEWTMPQSSRAQTLAMNVRNFLKEDAMKTKTHYHAMHADCLQELRRYLKSGVVLRRT
MICA*050-E4-L92-pre-TG-suf-G-suf2-	MICA*050	E4	92	92	TG	G		PPMVNVTRSEASEGNITVTCRASGFYPWNITLSWRQDGVSLSHDTQQWGDVLPDGNGTYQTWVATRICQGEEQRFTCYMEHSGNHSTHPVPS
MICA*050-E5-L46-pre-GG-suf-G-suf2-	MICA*050	E5	46	49	GG	G		KVLVLQSHWQTFHVSAV---AAAAAAAIFVIIIFYVCCCKKKTSAAEGP
MICA*051-E2-L84-pre-AG-suf-G-suf2-	MICA*051	E2	84	84	AG	G		PHSLRYNLTVLSWDGSVQSGFLAEVHLDGQPFLRYDRQKCRAKPQGQWAEDVLGNKTWDRETRDLTGNGKDLRMTLAHIKDQKE
MICA*051-E3-L95-pre-GC-suf-G-suf2-	MICA*051	E3	95	95	GC	G		LHSLQEIRVCEIHEDNSTRSSQHFYYDGELFLSQNLETEEWTMPQSSRAQTLAMNVRNFLKEDAMKTKTHYHAMHADCLQELRRYLKSGVVLRRT
MICA*051-E4-L92-pre-TG-suf-G-suf2-	MICA*051	E4	92	92	TG	G		PPMVNVTRSEASEGNITVTCRASGFYPWNITLSWRQDGVSLSHDTQQWGDVLPDGNGTYQTWVATRICQGEEQRFTCYMEHSGNHSTHPVPS
MICA*051-E5-L43-pre-GG-suf-G-suf2-	MICA*051	E5	43	49	GG	G		KVLVLQSHWQTFHVSAV------AAAAIFVIIIFYVRCCKKKTSAAEGP
MICA*052-E2-L84-pre-AG-suf-G-suf2-	MICA*052	E2	84	84	AG	G		PHSLRYNLTVLSGDGSVQSGFLAEVHLDGQPFLRCDRQKCRAKPQGQWAEDVLGNKTWDRETRDLTGNGKDLRMTLAHIKDQKE
MICA*052-E3-L95-pre-GC-suf-G-suf2-	MICA*052	E3	95	95	GC	G		LHSLQEIRVCEIHEDNSTRSSQHFYYDGELFLSQNLETEEWTMPQSSRAQTLAMNVRNFLKEDAMKTKTHYHAMHADCLQELRRYLKSGVVLRRT
MICA*052-E4-L92-pre-TG-suf-G-suf2-	MICA*052	E4	92	92	TG	G		PPMVNVTRSEASEGNITVTCRASGFYPWNITLSWRQDGVSLSHDTQQWGDVLPDGNGTYQTWVATRICQGEEQRFTCYMEHSGNHSTHPVPS
MICA*052-E5-L48-pre-GG-suf-G-suf2-	MICA*052	E5	48	49	GG	G		KVLVLQSHWQTFHVSAV-AAAAAAAAAIFVIIIFYICCCKKKTSAAEGP
MICA*053-E2-L84-pre-AG-suf-G-suf2-	MICA*053	E2	84	84	AG	G		PHSLRYNLTVLSGDGSVQSGFLAEVHLDGQPFLRCDRQKCRAKPQGQWAEDVLGNKTWDRETRDLTGNGKDLRMTLAHIKDQKE
MICA*053-E3-L95-pre-GC-suf-G-suf2-	MICA*053	E3	95	95	GC	G		LHSLQEIRVCEIHEDNSTRSSQHFYYDGELFLSQNLETEEWTVPQSSRAQTLAMNVRNFLKEDAMKTKTHYHAMHADCLQELRRYLESGVVLRRT
MICA*053-E4-L92-pre-TG-suf-G-suf2-	MICA*053	E4	92	92	TG	G		PPMVNVTRSEASEGNITVTCRASSFYPRNIILTWRQDGVSLSHDTQQWGDVLPDGNGTYQTWVATRICRGEEQRFTCYMEHSGNHSTHPVPS
MICA*053-E5-L44-pre-GG-suf-G-suf2-A	MICA*053	E5	44	49	GG	G	A	KVLVLQSHWQTFHVSAV-----AAGCCYFCYYYFLCPLLXEENISCRGS
MICA*054-E2-L84-pre-AG-suf-G-suf2-	MICA*054	E2	84	84	AG	G		PHSLPYNLTVLSWDGSVQSGFLAEVHLDGQPFLRYDRQKCRAKPQGQWAEDVLGNKTWDRETRDLTGNGKDLRMTLAHIKDQKE
MICA*054-E3-L95-pre-GC-suf-G-suf2-	MICA*054	E3	95	95	GC	G		LHSLQEIRVCEIHEDNSTRSSQHFYYDGELFLSQNLETEEWTVPQSSRAQTLAMNVRNFLKEDAMKTKTHYHAMHADCLQELRRYLESSVVLRRT
MICA*054-E4-L92-pre-TG-suf-G-suf2-	MICA*054	E4	92	92	TG	G		PPMVNVTRSEASEGNITVTCRASSFYPRNIILTWRQDGVSLSHDTQQWGDVLPDGNGTYQTWVATRICRGEEQRFTCYMEHSGNHGTHPVPS
MICA*054-E5-L44-pre-GG-suf-G-suf2-	MICA*054	E5	44	49	GG	G		KVLVLQSHWQTFHVSAV-----AAAAAIFVIIIFYVRCCKKKTSAAEGP
MICA*055-E2-L84-pre-AG-suf-G-suf2-	MICA*055	E2	84	84	AG	G		PHSLRYNLTVLSGDGSVQSGFLAEVHLDGQPFLRCDRQKCRAKPQGQWAEDVLGNKTWDRETRDLTGNGKDLRMTLAHIKDQKE
MICA*055-E3-L95-pre-GC-suf-G-suf2-	MICA*055	E3	95	95	GC	G		LHSLQEIRVCEIHEDNSTRSSQHFYYDGELFLSQNLETEEWTMPQSSRAQTLAMNVRNFLKEDAMKTKTHYHAMHADCLQELRRYLKSGVVLRRT
MICA*055-E4-L92-pre-TG-suf-G-suf2-	MICA*055	E4	92	92	TG	G		PPMVNVTRSEASEGNITVTCRASGFYPWNITLSWRQDGVSLSHDTQQWGDVLPDGNGTYQTWVATRICQGEEQRFTCYMEHSGNHSTHPVPS
MICA*055-E5-L44-pre-GG-suf-*-suf2-	MICA*055	E5	44	49	GG	*		KVLVLQSHWQTFHVSAV--AAAAAAAAIFVIIIFYVCCCKKKTSAA---
MICA*056-E2-L84-pre-AG-suf-G-suf2-	MICA*056	E2	84	84	AG	G		PHSLRYNLTVLSWDGSVQSGFLAEVHLDGQPFLRYDRQKCRAKPQGQWAEDVLGNKTWDRETRDLTGNGKDLRMTLAHIKDQKE
MICA*056-E3-L95-pre-GC-suf-G-suf2-	MICA*056	E3	95	95	GC	G		LHSLQEIRVCEIHEDNSTRSSQHFYYDGELFLSQNLETEEWTVPQSSRAQTLAMNVRNFLKEDAMKTKTHYHAMHADCLQELRRYLESSVVLRRT
MICA*056-E4-L92-pre-TG-suf-G-suf2-	MICA*056	E4	92	92	TG	G		PPMVNVTRSEASEGNITVTCRASSFYPRNIILTWRQDGVSLSHDTQQSGDVLPDGNGTYQTWVATRICRGEEQRFTCYMEHSGNHSTHPVPS
MICA*056-E5-L44-pre-GG-suf-G-suf2-	MICA*056	E5	44	49	GG	G		KVLVLQSHWQTFHVSAV-----AAAAAIFVIIIFYVRCCKKKTSAAEGP
MICA*057-E2-L84-pre-AG-suf-G-suf2-	MICA*057	E2	84	84	AG	G		PHSLRYNLTVLSWDGSVQSGFLAEVHLDGQPFLRYDRQKCRAKPQGQWAEDVLGNKTWDRETRDLTGNGKDLRMTLAHIKDQKE
MICA*057-E3-L95-pre-GC-suf-G-suf2-	MICA*057	E3	95	95	GC	G		LHSLQEIRVCEIHEDNSTRSSQHFYYDGELFLSQNLETEEWTVPQSSRAQTLAMNVRNFLKEDAMKTKTHYHAMHADCLQELRRYLESSVVLRRT
MICA*057-E4-L92-pre-TG-suf-G-suf2-	MICA*057	E4	92	92	TG	G		PPMVNVTRSEASEGNITVTCRASSFYPRNIILTWRQDGVSLSHDTQQWGDVLPDGNGTYQTWVATRICQGEEQRFTCYMEHSGNHSTHPVPS
MICA*058-E2-L84-pre-AG-suf-G-suf2-	MICA*058	E2	84	84	AG	G		PHSLRYNLTVLSWDGSVQSGFLAEVHLDGQPFLRYDRQKCRAKPQGQWAEDVLGNKTWDRETRDLTGNGKDLRMTLAHIKDQKE
MICA*058-E3-L95-pre-GC-suf-G-suf2-	MICA*058	E3	95	95	GC	G		LHSLQEIRVCEIHEDNSTRSSQHFYYDGELFLSQNLETEEWTVPQSSRAQTLAMNVRNFLKEDAMKTKTHYHAMHADCLQELRRYLESGVVLRRT
MICA*058-E4-L92-pre-TG-suf-G-suf2-	MICA*058	E4	92	92	TG	G		PPMVNVTRSEASEGNITVTCRASSFYPRNIILTWRQDGVSLSHDTQQWGDVLPDGNGTYQTWVATRICRGEEQRFTCYMEHSRNHSTHPVPS
MICA*058-E5-L44-pre-GG-suf-G-suf2-A	MICA*058	E5	44	49	GG	G	A	KVLVLQSHWQTFHVSAV-----AAGCCYFCYYYFLCPLLXEENISCRGS
MICA*059-E2-L84-pre-AG-suf-G-suf2-	MICA*059	E2	84	84	AG	G		PHSLRYNLTVLSWDGSVQSGFLAEGHLDGQPFLRCDRQKCRAKPQGQWAEDVLGNKTWDRETRDLTGNGKDLRMTLAHIKDQKE
MICA*059-E3-L95-pre-GC-suf-G-suf2-	MICA*059	E3	95	95	GC	G		LHSLQEIRVCEIHEDNSTRSSQHFYYDGELFLSQNLETEEWTMPQSSRAQTLAMNVRNFLKEDAMKTKTHYHAMHADCLQELRRYLKSGVVLRRT
MICA*059-E4-L92-pre-TG-suf-G-suf2-	MICA*059	E4	92	92	TG	G		PPMVNVTRSEASEGNITVTCRASGFYPWNITLSWRQDGVSLSHDTQQWGDVLPDGNGTYQTWVATRICEGEEQRFTCYMEHSGNHSTHPVPS
MICA*060-E2-L84-pre-AG-suf-G-suf2-	MICA*060	E2	84	84	AG	G		PHSLRYNLTVLSWDGSVQSGFLTEVHLDGQPFLRCDRQKCRAKPQGQWAEDVLGNKTWDRETRDLTGNGKDLRMTLAHIKDQKE
MICA*060-E3-L95-pre-GC-suf-G-suf2-	MICA*060	E3	95	95	GC	G		LHSLQEIRVCEIHEDNSTRSSQHFYYDGELFLSQNLETEEWTMPQSSRAQTLAMNVRNFLKEDAMKTKTLYHAMHADCLQELRRYLKSGVVLRRT
MICA*060-E4-L92-pre-TG-suf-G-suf2-	MICA*060	E4	92	92	TG	G		PPMVNVTRSEASEGNITVTCRASGFYPWNITLSWRQDGVSLSHDTQQWGDVLPDGNGTYQTWVATRICQGEEQRFTCYMEHSRNHSTHPVPS
MICA*061-E2-L84-pre-AG-suf-G-suf2-	MICA*061	E2	84	84	AG	G		PHSLRYNLTVLSWDGSVQSGFLTEVHLDGQPFLRCDRQKCRAKPQGQWAEDVLGNKTWDRETRDLTGNGKDLRMTLAHIKDQKE
MICA*061-E3-L95-pre-GC-suf-G-suf2-	MICA*061	E3	95	95	GC	G		LHSLQEIRVCEIHEDNSTRSSQHFYYDGELFLSQNLETEEWTMPQSSRAQTLAMNVRNFLKEDAMKTKTLYHAMHADCLQELRRYLKSGVVLRRT
MICA*061-E4-L92-pre-TG-suf-G-suf2-	MICA*061	E4	92	92	TG	G		PPMVNVTRSEASEGNITVTCRASGFYPWNITLSWRQDGVSLSHDTQQWGDVLPDGNGTYQTWVATRICQGKEQRFTCYMEHSGNHSTHPVPS
MICA*061-E5-L43-pre-GG-suf-G-suf2-	MICA*061	E5	43	49	GG	G		KVLVLQSHWQTFHVSAV------AAAAIFVIIIFYVRCCKKKTSAAEGP
MICA*062-E2-L84-pre-AG-suf-G-suf2-	MICA*062	E2	84	84	AG	G		PHSLPYNLTVLSWDGSVQSGFLAEVHLDGQPFLRYDRQKCRAKPQGQWAEDVLGNKTWDRETRDLTGNGKDLRMTLAHIKDQKE
MICA*062-E3-L95-pre-GC-suf-G-suf2-	MICA*062	E3	95	95	GC	G		LHSLQEIRVCEIHEDNSTRSSQHFYYDGELFLSQNLETEEWTVPQSSRAQTLAMNVRNFLKEDAMKTKTHYHAMHADCLQELRRYLESSVVLRRT
MICA*062-E4-L92-pre-TG-suf-G-suf2-	MICA*062	E4	92	92	TG	G		PPMVNVTRSEASEGNITVTCRASSFYPRNIILTWRQDGVSLSHDTQQWGDVLPDGNGTYQTWVATRICRGEEQRFTCYMEHSRNHSTHPVPS
MICA*063N-E2-L84-pre-AG-suf-G-suf2-	MICA*063N	E2	84	84	AG	G		PHSLRYNLTVLSWDGSVQSGFLAEVHLDGQPFLRYDRXKCRAKPQGQWAEDVLGNKTWDRETRDLTGNGKDLRMTLAHIKDQKE
MICA*063N-E3-L95-pre-GC-suf-G-suf2-	MICA*063N	E3	95	95	GC	G		LHSLQEIRVCEIHEDNSTRSSQHFYYDGELFLSQNLETEEWTVPQSSRAQTLAMNVRNFLKEDAMKTKTHYHAMHADCLQELRRYLESGVVLRRT
MICA*063N-E4-L92-pre-TG-suf-G-suf2-	MICA*063N	E4	92	92	TG	G		PPMVNVTRSEASEGNITVTCRASSFYPRNIILTWRQDGVSLSHDTQQWGDVLPDGNGTYQTWVATRICRGEEQRFTCYMEHSGNHSTHPVPS
MICA*063N-E5-L43-pre-GG-suf-G-suf2-	MICA*063N	E5	43	49	GG	G		KVLVLQSHWQTFHVSAV------AAAAIFVIIIFYVRCCKKKTSAAEGP
MICA*064N-E2-L84-pre-AG-suf-G-suf2-	MICA*064N	E2	84	84	AG	G		PHSLRYNLTVLSWDGSVQSGFLAEVHLDGQPFLRYDRQKCRAKPQGQWAEDVLGNKTWDRETRDLTGNGKDLRMTLAHIKDQKE
MICA*064N-E3-L95-pre-GC-suf-G-suf2-	MICA*064N	E3	95	95	GC	G		LHSLQEIRVCEIHEDNSTRSSQHFYYDGELFLSQNLETEEWTVPQSSRAQTLAMNVRNFLKEDAMKTKTHYHAMHADCLQELRRYLESGVVLRRT
MICA*064N-E4-L92-pre-TG-suf-G-suf2-	MICA*064N	E4	92	92	TG	G		PPMVNVTRSEASEGNITVTCRASSFYPRNIILTWRQDGVSLSHDTQQWGDVLPDGNGTYQTXVATRICRGEEQRFTCYMEHSGNHSTHPVPS
MICA*064N-E5-L44-pre-GG-suf-G-suf2-	MICA*064N	E5	44	49	GG	G		KVLVLQSHWQTFHVSAV-----AAAAAIFVIIIFYVRCCKKKTSAAEGP
MICA*065-E2-L84-pre-AG-suf-G-suf2-	MICA*065	E2	84	84	AG	G		PHSLPYNLTVLSWDGSVQSGFLAEVHLDGQPFLRYDRQKCRAKPQGQWAEDVLGNKTWDRETRDLTGNGKDLRMTLAHIKDQKE
MICA*065-E3-L95-pre-GC-suf-G-suf2-	MICA*065	E3	95	95	GC	G		LHSLQEIRVCEIHEDNSTRSSQHFYYDGELFLSQNLETEEWTVPQSSRAQTLAMNVRNFLKEDAMKTKTHYHAMHADCLQELRRYLESSVVLRRT
MICA*065-E4-L92-pre-TG-suf-G-suf2-	MICA*065	E4	92	92	TG	G		PPMVNVTCSEASEGNITVTCRASSFYPRNIILTWRQDGVSLSHDTQQWGDVLPDGNGTYQTWVATRICRGEEQRFTCYMEHSGNHSTHPVPS
MICA*065-E5-L44-pre-GG-suf-G-suf2-	MICA*065	E5	44	49	GG	G		KVLVLQSHWQTFHVSAV-----AAAAAIFVIIIFYVRCCKKKTSAAEGP
MICA*066-E2-L84-pre-AG-suf-G-suf2-	MICA*066	E2	84	84	AG	G		PHSLPYNLTVLSWDGSVQSGFLAEVHLDGQPFLRYDRQKCRAKPQGQWAEDVLGNKTWDRETRDLTGNGKDLRMTLAHIKDQKE
MICA*066-E3-L95-pre-GC-suf-G-suf2-	MICA*066	E3	95	95	GC	G		LHSLQEIRVCEIHEDNSTRSSQHFYYDGELFLSQNLETEEWTVPQSSRAQTLAMNVRNFLKEDAMKTKTHYHAMHADCLQELRRYLESSVVLRRT
MICA*066-E4-L92-pre-TG-suf-G-suf2-	MICA*066	E4	92	92	TG	G		PPMVNVTRSEASEGNITVTCRASSFYPRNIILTWRQDGVSLSHDTQQWGDVLPDGNGTYQTWVATRICRGEAQRFTCYMEHSGNHSTHPVPS
MICA*066-E5-L44-pre-GG-suf-G-suf2-	MICA*066	E5	44	49	GG	G		KVLVLQSHWQTFHVSAV-----AAAAAIFVIIIFYVRCCKKKTSAAEGP
MICA*067-E2-L84-pre-AG-suf-G-suf2-	MICA*067	E2	84	84	AG	G		PHSLRYNLTVLSWDGSVQSGFLAEVHLDGQPFLRYDRQKCRAKPQGQWAEDVLGNKTWDRETRDLTGNGKDLRMTLAHIKDQKE
MICA*067-E3-L95-pre-GC-suf-G-suf2-	MICA*067	E3	95	95	GC	G		LHSLQEIRVCEIHEDSSTRSSQHFYYDGELFLSQNVETEEWTVPQSSRAQTLAMNVRNFLKEDAMKTKTHYHAMHADCLQELRRYLESSVVLRRR
MICA*067-E4-L92-pre-TG-suf-G-suf2-	MICA*067	E4	92	92	TG	G		PPMVNVTRSEASEGNITVTCRASSFYPRNITLTWRQDGVSLSHDTQQWGDVLPDGNGTYQTWVATRICQGEEQRFTCYMEHSGNHSTHPVPS
MICA*067-E5-L45-pre-GG-suf-G-suf2-	MICA*067	E5	45	49	GG	G		KVLVLQSHWQTFHVSAV----AAAAAAIFVIIIFYVRCCKKKTSAAEGP
MICA*068-E2-L84-pre-AG-suf-G-suf2-	MICA*068	E2	84	84	AG	G		PHSLRYNLTVLSGDGSVQSGFLAEVHLDGQPFLRCDRQKCRAKPQGQWAEDVLGNKTWDRETRDLTGNGKDLRMTLAHIKDQKE
MICA*068-E3-L95-pre-GC-suf-G-suf2-	MICA*068	E3	95	95	GC	G		LHSLQEIRVCEIHEDNSTRSSQHFYYDGELFLSQNLETEEWTMPQSSRAQTLAMNVRNFLKEDAMKTKTHYHAMHADCLQELRRYLKSGVVLRRT
MICA*068-E4-L92-pre-TG-suf--suf2-	MICA*068	E4	92	92	TG			PPMVNVTRSEASEGNITVTCRASGFYPWNITLSWRQDGVSLSHDTQQWGDVLPDGNGTYQTWVATRICQGEEQRFTCYMEHSGNHSTHPVPS
MICA*068-E5-L48-pre-GG-suf-G-suf2-	MICA*068	E5	48	49	GG	G		KVLVLQSHWQTFHVSAV-AAAAAAAAAIFVIIIFYVCCCKKKTSAAEGP
MICA*068-E6-L42-pre-AG-suf--suf2-	MICA*068	E6	42	42	AG			LVSLQVLDQHPVGTSDHRDATQLGFQPLMSDLGSTGSTEGAX
MICA*069-E1-L23-pre--suf-G-suf2-	MICA*069	E1	23	23		G		MGLGPVFLLLAGIFPFAPPGAAA
MICA*069-E2-L84-pre-AG-suf-G-suf2-	MICA*069	E2	84	84	AG	G		PHSLPYNLTVLSWDGSVQSGFLAEVHLDGQPFLRYDRQKCRAKPQGQWAEDVLGNKTWDRETRDLTGNGKDLRMTLAHIKDQKE
MICA*069-E3-L95-pre-GC-suf-G-suf2-	MICA*069	E3	95	95	GC	G		LHSLQEIRVCEIHEDNSTRSSQHFYYDGELFLSQNLETEEWTVPQSSRAQTLAMNVRNFLKEDAMKTKTHYHAMHADCLQELRRYLESSVVLRRT
MICA*069-E4-L92-pre-TG-suf-G-suf2-	MICA*069	E4	92	92	TG	G		PPMVNVTRSEASEGNITVTCRASSFYPRNIILTWRQDGVSLSHDTQQWGDVLPDGNGTYQTWVATRICRGEEQRFTCYMEHSGNHSTHPVPS
MICA*069-E5-L44-pre-GG-suf-G-suf2-	MICA*069	E5	44	49	GG	G		KVLVLQSHWQTFHVSAV-----AAAAAIFVIIIFYVRCCKKKTSAAEGP
MICA*069-E6-L42-pre-AG-suf--suf2-	MICA*069	E6	42	42	AG			LVSLQVLDQHPVGTSDHRDATQLGFQPLMSDLGSTGSTEGAX
MICA*070-E1-L23-pre--suf-G-suf2-	MICA*070	E1	23	23		G		MGLGPVFLLLAGIFPFAPPGAAA
MICA*070-E2-L84-pre-AG-suf-G-suf2-	MICA*070	E2	84	84	AG	G		PHSLRYNLTVLSWDGSVQSGFLAEVHLDGQPFLRYDSQKCRAKPQGQWAEDVLGNKTWDRETRDLTGNGKDLRMTLAHIKDQKE
MICA*070-E3-L95-pre-GC-suf-G-suf2-	MICA*070	E3	95	95	GC	G		LHSLQEIRVCEIHEDNSTRSSQHFYYDGELFLSQNLETEEWTVPQSSRAQTLAMNVRNFLKEDAMKTKTHYHAMHADCLQELRRYLESGVVLRRT
MICA*070-E4-L92-pre-TG-suf-G-suf2-	MICA*070	E4	92	92	TG	G		PPMVNVTRSEASEGNITVTCRASSFYPRNIILTWRQDGVSLSHDTQQWGDVLPDGNGTYQTWVATRICRGEEQRFTCYMEHSGNHSTHPVPS
MICA*070-E5-L44-pre-GG-suf-G-suf2-A	MICA*070	E5	44	49	GG	G	A	KVLVLQSHWQTFHVSAV-----AAGCCYFCYYYFLCPLLXEENISCRGS
MICA*072-E2-L84-pre-AG-suf-G-suf2-	MICA*072	E2	84	84	AG	G		PHSLRYNLTVLSGDGSVQSGFLAEVHLDGQPFLRCDRQKCRAKPQGQWAEDVLGNKTWDRETRDLTGNGKDLRMTLAHIKDQKE
MICA*072-E3-L95-pre-GC-suf-G-suf2-	MICA*072	E3	95	95	GC	G		LHSLQEIRVCEIHEDNSTRSSQHFYYDGELFLSQNLETEEWTMPQSSRAQTLAMNVRNFLKEDAMKTKTHYHAMHADCLQELRRYLKSSVVLRRT
MICA*072-E4-L92-pre-TG-suf-G-suf2-	MICA*072	E4	92	92	TG	G		PPMVNVTRSEASEGNITVTCRASGFYPWNITLSWRQDGVSLSHDTQQWGDVLPDGNGTYQTWVATRICQGEEQRFTCYMEHSGNHSTHPVPS
MICA*072-E5-L48-pre-GG-suf-G-suf2-	MICA*072	E5	48	49	GG	G		KVLVLQSHWQTFHVSAV-AAAAAAAAAIFVIIIFYVCCCKKKTSAAEGP
MICA*073-E2-L84-pre-AG-suf-G-suf2-	MICA*073	E2	84	84	AG	G		PHSLRYNLTVLSRDGSVQSGFLAEVHLDGQPFLRYDRQKCRAKPQGQWAEDVLGNKTWDRETRDLTGNGKDLRMTLAHIKDQKE
MICA*073-E3-L95-pre-GC-suf-G-suf2-	MICA*073	E3	95	95	GC	G		LHSLQEIRVCEIHEDNSTRSSQHFYYDGELFLSQNLETEEWTVPQSSRAQTLAMNVRNFLKEDAMKTKTHYHAMHADCLQELRRYLESGVVLRRT
MICA*073-E4-L92-pre-TG-suf-G-suf2-	MICA*073	E4	92	92	TG	G		PPMVNVTRSEASEGNITVTCRASSFYPRNIILTWRQDGVSLSHDTQQWGDVLPDGNGTYQTWVATRICRGEEQRFTCYMEHSGNHSTHPVPS
MICA*073-E5-L44-pre-GG-suf-G-suf2-A	MICA*073	E5	44	49	GG	G	A	KVLVLQSHWQTFHVSAV-----AAGCCYFCYYYFLCPLLXEENISCRGS
MICA*074-E2-L84-pre-AG-suf-G-suf2-	MICA*074	E2	84	84	AG	G		PHSLRYNLTVLSWDGSVQSGFLAEVHLDGQPFLRYDRQKCRAKPQGQWAEDVLGNKTWDRETRDLTGNGKDLRMTLAHIKDQKE
MICA*074-E3-L95-pre-GC-suf-G-suf2-	MICA*074	E3	95	95	GC	G		LHSLQEMRVCEIHEDNSTRSSQHFYYDGELFLSQNVETEEWTVPQSSRAQTLAMNVRNFLKEDAMKTKTHYHAMHADCLQELRRYLESSVVLRRT
MICA*074-E4-L92-pre-TG-suf-G-suf2-	MICA*074	E4	92	92	TG	G		PPMVNVTRSEASEGNITVTCRASSFYPRNITLTWRQDGVSLSHDTQQWGDVLPDGNGTYQTWVATRICQGEEQRFTCYMEHSGNHSTHPVPS
MICA*074-E5-L45-pre-GG-suf-G-suf2-	MICA*074	E5	45	49	GG	G		KVLVLQSHWQTFHVSAV----AAAAAAIFVIIIFYVRCCKKKTSAAEGP
MICA*075-E2-L84-pre-AG-suf-G-suf2-	MICA*075	E2	84	84	AG	G		PHSLRYNLTVLSGDGSVQSGFLAEVHLDGQPFLRCDRQKCRAKPQGQWAEDVLGNKTWDRETRDLTGNGKDLRMTLAHIKDQKE
MICA*075-E3-L95-pre-GC-suf-G-suf2-	MICA*075	E3	95	95	GC	G		LHSLQEIRVCEIHEDNSTRSSQHFYYDGELFLSQNLETEEWTMPQSSRAQTLAMNVRNFLKEDAMKTKTHYHAMHADCLQELRRYLKSGVVLRRT
MICA*075-E4-L92-pre-TG-suf-G-suf2-	MICA*075	E4	92	92	TG	G		PPMVNVTRSEASEGNITVTCRASGFYPWNITLSWRQDGVSLSHDTQQWGDVLPDGNGTYQTWVATRICQGEEQKFTCYMEHSGNHSTHPVPS
MICA*075-E5-L48-pre-GG-suf-G-suf2-	MICA*075	E5	48	49	GG	G		KVLVLQSHWQTFHVSAV-AAAAAAAAAIFVIIIFYVCCCKKKTSAAEGP
MICA*076-E2-L84-pre-AG-suf-G-suf2-	MICA*076	E2	84	84	AG	G		PHSLRYNLTVLSWDGSVQSGFLAEVHLDGQPFLRYDRQKCRAKPQGQWAEDVLGNKTWDRETRDLTGNGKDLRMTLAHIKDQKE
MICA*076-E3-L95-pre-GC-suf-G-suf2-	MICA*076	E3	95	95	GC	G		LHSLQEIRVCEIHEDNSTRSSQHFYYDGELFLSQNVETEEWTVPQSSRAQTLAMNVRNFLKEDAMKTKTHYHAMHADCLQELRRYLESSVVLRRT
MICA*076-E4-L92-pre-TG-suf-G-suf2-	MICA*076	E4	92	92	TG	G		PPMVNVTRSEASEGNITVTCRASSFYPRNIILTWRQDGVSLSHDTQQWGDVLPDGNGTYQTWVATRICRGEEQRFTCYMEHSGNHSTHPVPS
MICA*076-E5-L44-pre-GG-suf-G-suf2-	MICA*076	E5	44	49	GG	G		KVLVLQSHWQTFHVSAV-----AAAAAIFVIIIFYVRCCKKKTSAAEGP
MICA*077-E2-L84-pre-AG-suf-G-suf2-	MICA*077	E2	84	84	AG	G		PHSLRYNLTVLSWDGSVQSGFLAEVHLDGQPFLRYDRQKCRAKPQGQWAEDVLGNKTWDRETRDLTGNGKDLRMTLAHIKDQKE
MICA*077-E3-L95-pre-GC-suf-G-suf2-	MICA*077	E3	95	95	GC	G		LHSLQEIRVCEIHEDNSTRSSQHFYYDGELFLSQNVETEEWTVPQSSRAQTLAMNVRNFLKEDAMKTKTHYHAMHADCLQELRRYLESSVVLRRR
MICA*077-E4-L92-pre-TG-suf-G-suf2-	MICA*077	E4	92	92	TG	G		PPMVNVTRSEASEGNITVTCRASSFYPRNITLTWRQDGVSLSHDTQQWGDVLPDGNGTYQTWVATRICQGEEQRFTCYMEHSGNHGTHPVPS
MICA*077-E5-L45-pre-GG-suf-G-suf2-	MICA*077	E5	45	49	GG	G		KVLVLQSHWQTFHVSAV----AAAAAAIFVIIIFYVRCCKKKTSAAEGP
MICA*078-E2-L84-pre-AG-suf-G-suf2-	MICA*078	E2	84	84	AG	G		PHSLRYNLTVLSGDGSVQSGFLAEVHLDGQPFLRCDRQKCRAKPQGQWAEDVLGNKTWDRETRDLTGNGKDLRMTLAHIKDQKE
MICA*078-E3-L95-pre-GC-suf-G-suf2-	MICA*078	E3	95	95	GC	G		LHSLQEIRVCEIHEDNSTRSSQHFYYDGELFLSQNLETEEWTMPQSSRAQTLAMNIRNFLKEDAMKTKTHYHAMHADCLQELRRYLKSGVVLRRT
MICA*078-E4-L92-pre-TG-suf-G-suf2-	MICA*078	E4	92	92	TG	G		PPMVNVTRSEASEGNITVTCRASGFYPWNITLSWRQDGVSLSHDTQQWGDVLPDGNGTYQTWVATRICQGEEQRFTCYMEHSGNHSTHPVPS
MICA*078-E5-L48-pre-GG-suf-G-suf2-	MICA*078	E5	48	49	GG	G		KVLVLQSHWQTFHVSAV-AAAAAAAAAIFVIIIFYVCCCKKKTSAAEGP
MICA*079-E2-L84-pre-AG-suf-G-suf2-	MICA*079	E2	84	84	AG	G		PHSLRYNLTVLSWDGSVQSGFLAEVHLDGQPFLRCDRQKCRAKPQGQWAEDVLGNKTWDRETRDLTGNGKDLRMTLAHIKDQKE
MICA*079-E3-L95-pre-GC-suf-G-suf2-	MICA*079	E3	95	95	GC	G		LHSLQEIRVCEIHEDNSTRSSQHFYYDGELFLSQNLETEEWTMPQSSRAQTLAMNVRNFLKEDAMKTKTHYHAMHADCLQELRRYLKSGVVLRRT
MICA*079-E4-L92-pre-TG-suf-G-suf2-	MICA*079	E4	92	92	TG	G		PPMVNVTRSEASEGNITVTCRASGFYPWNITLSWRQDGVSLSHDTQQWGDVLPDGNGTYQTWVATRIRQGEEQRFTCYMEHSGNHSTHPVPS
MICA*079-E5-L43-pre-GG-suf-G-suf2-	MICA*079	E5	43	49	GG	G		KVLVLQSHWQTFHVSAV------AAAAIFVIIIFYVRCCKKKTSAAEGP
MICA*080-E2-L84-pre-AG-suf-G-suf2-	MICA*080	E2	84	84	AG	G		PHSLRYNLTVLSWDGSVQSGFLAEVHLDGQPFLRYDRQKCRAKPQGQWAEDVLGNKTWDRETRDLTGNGKDLRMTLAHIKDQKE
MICA*080-E3-L95-pre-GC-suf-G-suf2-	MICA*080	E3	95	95	GC	G		LHSLQEIRVCEIHEDNSTRSSQHFYYDGELFLSQNLETEEWTVPQSSRAQTLAMNVRNFLKEDAMKTKTHYHAMHADCLQELRRYLESGVVLRRT
MICA*080-E4-L92-pre-TG-suf-G-suf2-	MICA*080	E4	92	92	TG	G		PPMVNVTRSEASEGNITVTCRASSFYPRNIILTWRQDGVSLSHDTQQWGDVLPDGNGTYQTWVATRICRGEEQRFTCYMEHSGNHSIHPVPS
MICA*080-E5-L44-pre-GG-suf-G-suf2-A	MICA*080	E5	44	49	GG	G	A	KVLVLQSHWQTFHVSAV-----AAGCCYFCYYYFLCPLLXEENISCRGS
MICA*081-E2-L84-pre-AG-suf-G-suf2-	MICA*081	E2	84	84	AG	G		PHSLRYNLTVLSGDGSVQSGFLAEVHLDGQPFLRCDRQKCRAKPQGQWAEDVLGNKTWDRETRDLTGNGKDLRMTLAHIKDQKE
MICA*081-E3-L95-pre-GC-suf-G-suf2-	MICA*081	E3	95	95	GC	G		LHSLQEIRVCEIHEDNSTRSSQHFYYDGELFLSQNLETEEWTMPQSSRAQTLAMNVRNFLKEDAMKTKTHYHAMHADCLQELRRYLKSGVVLRRT
MICA*081-E4-L92-pre-TG-suf-G-suf2-	MICA*081	E4	92	92	TG	G		PPMVNVTRSEASEGNITVTCRASGFYPWNITLSWRQDGVSLSHDTQQWGDVLPDGNGTYQTWAATRICQGEEQRFTCYMEHSGNHSTHPVPS
MICA*081-E5-L48-pre-GG-suf-G-suf2-	MICA*081	E5	48	49	GG	G		KVLVLQSHWQTFHVSAV-AAAAAAAAAIFVIIIFYVCCCKKKTSAAEGP
MICA*082-E2-L84-pre-AG-suf-G-suf2-	MICA*082	E2	84	84	AG	G		PHSLRYNLTVLSWDGSVQSGFLAEVHLDGQPFLRYDRQKCRAKPQGQWAEDVLGNKTWDRETRDLTGNGKDLRMTLAHIKDQKE
MICA*082-E3-L95-pre-GC-suf-G-suf2-	MICA*082	E3	95	95	GC	G		LHSLQEIRVCEIHEDNSTRSSQHFYYDGELFLSQNLETEEWTVPQSSRAQTLAMNVRNFLKEDAMKTKTHYHAMHADCLQELWRYLESGVVLRRT
MICA*082-E4-L92-pre-TG-suf-G-suf2-	MICA*082	E4	92	92	TG	G		PPMVNVTRSEASEGNITVTCRASSFYPRNIILTWRQDGVSLSHDTQQWGDVLPDGNGTYQTWVATRICRGEEQRFTCYMEHSGNHSTHPVPS
MICA*082-E5-L44-pre-GG-suf-G-suf2-A	MICA*082	E5	44	49	GG	G	A	KVLVLQSHWQTFHVSAV-----AAGCCYFCYYYFLCPLLXEENISCRGS
MICA*083-E2-L84-pre-AG-suf-G-suf2-	MICA*083	E2	84	84	AG	G		PHSLRYNLTVLSGDGSVQSGFLAEVHLDGQPFLRCDRQKCRAKPQGQWAEDVLGNKTWDRETRDLTGNGKDLRMTLAHIKDQKE
MICA*083-E3-L95-pre-GC-suf-G-suf2-	MICA*083	E3	95	95	GC	G		LHSLREIRVCEIHEDNSTRSSQHFYYDGELFLSQNLETEEWTMPQSSRAQTLAMNVRNFLKEDAMKTKTHYHAMHADCLQELRRYLESGVVLRRT
MICA*083-E4-L92-pre-TG-suf--suf2-	MICA*083	E4	92	92	TG			PPMVNVTRSEASEGNITVTCRASGFYPWNITLSWRQDGVSLSHDTQQWGDVLPDGNGTYQTWVATRICQGEEQRFTCYMEHSGNHSTHPVPS
MICA*083-E5-L48-pre-GG-suf-G-suf2-	MICA*083	E5	48	49	GG	G		KVLVLQSHWQTFHVSAV-AAAAAAAAAIFVIIIFYVCCCKKKTSAAEGP
MICA*084-E2-L84-pre-AG-suf-G-suf2-	MICA*084	E2	84	84	AG	G		PHSLRYNLTVLSWDGSVQSGFLAEVHLDGQPFLRCDRQKCRAKPQGQWAEDVLGNKTWDRETRDLTGNGKDLRMTLAHIKDQKE
MICA*084-E3-L95-pre-GC-suf-G-suf2-	MICA*084	E3	95	95	GC	G		LHSLREIRVCEIHEDNSTRSSQHFYYDGELFLSQNLETEEWTMPQSSRAQTLAMNVRNFLKEDAMKTKTHYHAMHADCLQELRRYLKSGVVLRRT
MICA*084-E4-L92-pre-TG-suf--suf2-	MICA*084	E4	92	92	TG			PPMVNVTRSEASEGNITVTCRASGFYPWNITLSWRQDGVSLSHDTQQWGDVLPDGNGTYQTWVATRICQGEEQRFTCYMEHSGNHSTHPVPS
MICA*084-E5-L48-pre-GG-suf-G-suf2-	MICA*084	E5	48	49	GG	G		KVLVLQSHWQTFHVSAV-AAAAAAAAAIFVIIIFYVCCCKKKTSAAEGP
MICA*085-E2-L84-pre-AG-suf-G-suf2-	MICA*085	E2	84	84	AG	G		PHSLRYNLTVLSWDGSVQSGFLAEVHLDGQPFLRYDRQKCRAKPQGQWAEDVLGNKTWDRETRDLTGNGKDLRMTLAHIKDQKE
MICA*085-E3-L95-pre-GC-suf-G-suf2-	MICA*085	E3	95	95	GC	G		LHSLQEIRVCEIHEDNSTRSSQHFYYDGELFLSQNLETEEWTVPQSSRAQTLAMNVRNFLKEDAMKTKTHYHAMHADCLQELRRYLESGVVLRRT
MICA*085-E4-L92-pre-TG-suf-G-suf2-	MICA*085	E4	92	92	TG	G		PPMVNVTRSEASEGNITVTCRASSFYPRNITLTWRQDGVSLSHDTQQWGDVLPDGNGTYQTWVATRICRGEEQRFTCYMEHSGNHSTHPVPS
MICA*085-E5-L44-pre-GG-suf-G-suf2-A	MICA*085	E5	44	49	GG	G	A	KVLVLQSHWQTFHVSAV-----AAGCCYFCYYYFLCPLLXEENISCRGS
MICA*086-E2-L84-pre-AG-suf-G-suf2-	MICA*086	E2	84	84	AG	G		PHSLRYNLTVLSGDGSVQSGFLAEVHLDGQPFLRCDRQKCRAKPQGQWAEDVLGNKTWDRETRDLTGNGKDLRMTLAHIKDQKE
MICA*086-E3-L95-pre-GC-suf-G-suf2-	MICA*086	E3	95	95	GC	G		LHSLQEIRVCEIHEDNSTRSSQHFYYDGELFLSQNLETEEWTMSQSSRAQTLAMNVRNFLKEDAMKTKTHYHAMHADCLQELRRYLKSGVVLRRT
MICA*086-E4-L92-pre-TG-suf-G-suf2-	MICA*086	E4	92	92	TG	G		PPMVNVTRSEASEGNITVTCRASGFYPWNITLSWRQDGVSLSHDTQQWGDVLPDGNGTYQTWVATRICQGEEQRFTCYMEHSGNHSTHPVPS
MICA*086-E5-L48-pre-GG-suf-G-suf2-	MICA*086	E5	48	49	GG	G		KVLVLQSHWQTFHVSAV-AAAAAAAAAIFVIIIFYVCCCKKKTSAAEGP
