MICB*001-E1-L23-pre--suf-G-suf2-	MICB*001	E1	23	23		G		MGLGRVLLFLAVAFPFAPPAAAA
MICB*001-E2-L84-pre-AG-suf-G-suf2-	MICB*001	E2	84	94	AG	G		PHSLRYNLMVLSQDESVQSGFLAEGHLDGQPFLRYDRQKRRAKPQGQWAEDVLGAKTWDTETEDLTENGQDLRRTLTHIKDQKG----------
MICB*001-E3-L95-pre-GC-suf-G-suf2-	MICB*001	E3	95	95	GC	G		LHSLQEIRVCEIHEDSSTRGSRHFYYDGELFLSQNLETQESTVPQSSRAQTLAMNVTNFWKEDAMKTKTHYRAMQADCLQKLQRYLKSGVAIRRT
MICB*001-E4-L92-pre-TG-suf-G-suf2-	MICB*001	E4	92	92	TG	G		PPMVNVTCSEVSEGNITVTCRASSFYPRNITLTWRQDGVSLSHNTQQWGDVLPDGNGTYQTWVATRIRQGEEQRFTCYMEHSGNHGTHPVPS
MICB*001-E5-L43-pre-GG-suf-G-suf2-	MICB*001	E5	43	43	GG	G		KVLVLQSQRTDFPYVSAAMPCFVIIIILCVPCCKKKTSAAEGP
MICB*001-E6-L42-pre-AG-suf--suf2-	MICB*001	E6	42	42	AG			LVSLQVLDQHPVGTGDHRDAAQLGFQPLMSATGSTGSTEGAX
MICB*002:01-E1-L23-pre--suf-G-suf2-	MICB*002:01	E1	23	23		G		MGLGRVLLFLAVAFPFAPPAAAA
MICB*002:01-E2-L84-pre-AG-suf-G-suf2-	MICB*002:01	E2	84	94	AG	G		PHSLRYNLMVLSQDGSVQSGFLAEGHLDGQPFLRYDRQKRRAKPQGQWAEDVLGAETWDTETEDLTENGQDLRRTLTHIKDQKG----------
MICB*002:01-E3-L95-pre-GC-suf-G-suf2-	MICB*002:01	E3	95	95	GC	G		LHSLQEIRVCEIHEDSSTRGSRHFYYNGELFLSQNLETQESTVPQSSRAQTLAMNVTNFWKEDAMKTKTHYRAMQADCLQKLQRYLKSGVAIRRT
MICB*002:01-E4-L92-pre-TG-suf-G-suf2-	MICB*002:01	E4	92	92	TG	G		PPMVNVTCSEVSEGNITVTCRASSFYPRNITLTWRQDGVSLSHNTQQWGDVLPDGNGTYQTWVATRIRQGEEQRFTCYMEHSGNHGTHPVPS
MICB*002:01-E5-L43-pre-GG-suf-G-suf2-	MICB*002:01	E5	43	43	GG	G		KALVLQSQRTDFPYVSAAMPCFVIIIILCVPCCKKKTSAAEGP
MICB*002:01-E6-L42-pre-AG-suf--suf2-	MICB*002:01	E6	42	42	AG			LVSLQVLDQHPVGTGDHRDAAQLGFQPLMSATGSTGSTEGAX
MICB*003-E1-L23-pre--suf-G-suf2-	MICB*003	E1	23	23		G		MGLGRVLLFLAVAFPFAPPAAAA
MICB*003-E2-L84-pre-AG-suf-G-suf2-	MICB*003	E2	84	94	AG	G		PHSLRYNLMVLSQDGSVQSGFLAEGHLDGQPFLRYDRQKRRAKPQGQWAEDVLGAKTWDTETEDLTENGQDLRRTLTHIKDQKG----------
MICB*003-E3-L95-pre-GC-suf-G-suf2-	MICB*003	E3	95	95	GC	G		LHSLQEIRVCEIHEDSSTRGSRHFYYDGELFLSQNLETQESTVPQSSRAQTLAMNVTNFWKEDAMKTKTHYRAMQADCLQKLQRYLKSGVAIRRT
MICB*003-E4-L92-pre-TG-suf-G-suf2-	MICB*003	E4	92	92	TG	G		PPMVNVICSEVSEGNITVTCRASSFYPRNITLTWRQDGVSLSHNTQQWGDVLPDGNGTYQTWVATRIRQGEEQRFTCYMEHSGNHGTHPVPS
MICB*003-E5-L43-pre-GG-suf-G-suf2-	MICB*003	E5	43	43	GG	G		KALVLQSQRTDFPYVSAAMPCFVIIIILCVPCCKKKTSAAEGP
MICB*003-E6-L42-pre-AG-suf--suf2-	MICB*003	E6	42	42	AG			LVSLQVLDQHPVGTGDHRDAAQLGFQPLMSATGSTGSTEGTX
MICB*004:01-E1-L23-pre--suf-G-suf2-	MICB*004:01	E1	23	23		G		MGLGRVLLFLAVAFPFAPPAAAA
MICB*004:01-E2-L84-pre-AG-suf-G-suf2-	MICB*004:01	E2	84	94	AG	G		PHSLRYNLMVLSQDGSVQSGFLAEGHLDGQPFLRYDRQKRRAKPQGQWAENVLGAKTWDTETEDLTENGQDLRRTLTHIKDQKG----------
MICB*004:01-E3-L95-pre-GC-suf-G-suf2-	MICB*004:01	E3	95	95	GC	G		LHSLQEIRVCEIHEDSSTRGSRHFYYDGELFLSQNLETQESTVPQSSRAQTLAMNVTNFWKEDAMKTKTHYRAMQADCLQKLQRYLKSGVAIRRT
MICB*004:01-E4-L92-pre-TG-suf-G-suf2-	MICB*004:01	E4	92	92	TG	G		PPMVNVTCSEVSEGNITVTCRASSFYPRNITLTWRQDGVSLSHNTQQWGDVLPDGNGTYQTWVATRIRQGEEQRFTCYMEHSGNHGTHPVPS
MICB*004:01-E5-L43-pre-GG-suf-G-suf2-	MICB*004:01	E5	43	43	GG	G		KALVLQSQRTDFPYVSAAMPCFVIIIILCVPCCKKKTSAAEGP
MICB*004:01-E6-L42-pre-AG-suf--suf2-	MICB*004:01	E6	42	42	AG			LVSLQVLDQHPVGTGDHRDAAQLGFQPLMSATGSTGSTEGTX
MICB*005:01-E2-L84-pre-AG-suf-G-suf2-	MICB*005:01	E2	84	94	AG	G		PHSLRYNLMVLSQDGSVQSGFLAEGHLDGQPFLRYDRQKRRAKPQGQWAEDVLGAKTWDTETEDLTENGQDLRRTLTHIKDQKG----------
MICB*005:01-E3-L95-pre-GC-suf-G-suf2-	MICB*005:01	E3	95	95	GC	G		LHSLQEIRVCEIHEDSSTRGSRHFYYDGELFLSQNLETQESTVPQSSRAQTLAMNVTNFWKEDAMKTKTHYRAMQADCLQKLQRYLKSGVAIRRT
MICB*005:01-E4-L92-pre-TG-suf-G-suf2-	MICB*005:01	E4	92	92	TG	G		PPMVNVTCSEVSEGNITVTCRASSFYPRNITLTWRQDGVSLSHNTQQWGDVLPDGNGTYQTWVATRIRQGEEQRFTCYMEHSGNHGTHPVPS
MICB*005:01-E5-L43-pre-GG-suf-*-suf2-	MICB*005:01	E5	43	43	GG	*		KALVLQSQRTDFPYVSAAMPCFVIIIILCVPCCKKKTSAAEGP
MICB*005:02-E1-L23-pre--suf-G-suf2-	MICB*005:02	E1	23	23		G		MGLGRVLLFLAVAFPFAPPAAAA
MICB*005:02-E2-L84-pre-AG-suf-G-suf2-	MICB*005:02	E2	84	94	AG	G		PHSLRYNLMVLSQDGSVQSGFLAEGHLDGQPFLRYDRQKRRAKPQGQWAEDVLGAKTWDTETEDLTENGQDLRRTLTHIKDQKG----------
MICB*005:02-E3-L95-pre-GC-suf-G-suf2-	MICB*005:02	E3	95	95	GC	G		LHSLQEIRVCEIHEDSSTRGSRHFYYDGELFLSQNLETQESTVPQSSRAQTLAMNVTNFWKEDAMKTKTHYRAMQADCLQKLQRYLKSGVAIRRT
MICB*005:02-E4-L92-pre-TG-suf-G-suf2-	MICB*005:02	E4	92	92	TG	G		PPMVNVTCSEVSEGNITVTCRASSFYPRNITLTWRQDGVSLSHNTQQWGDVLPDGNGTYQTWVATRIRQGEEQRFTCYMEHSGNHGTHPVPS
MICB*005:02-E5-L43-pre-GG-suf-G-suf2-	MICB*005:02	E5	43	43	GG	G		KALVLQSQRTDFPYVSAAMPCFVIIIILCVPCCKKKTSAAEGP
MICB*005:02-E6-L42-pre-AG-suf--suf2-	MICB*005:02	E6	42	42	AG			LVSLQVLDQHPVGTGDHRDAAQLGFQPLMSATGSTGSTEGAX
MICB*005:03-E2-L84-pre-AG-suf-G-suf2-	MICB*005:03	E2	84	94	AG	G		PHSLRYNLMVLSQDGSVQSGFLAEGHLDGQPFLRYDRQKRRAKPQGQWAEDVLGAKTWDTETEDLTENGQDLRRTLTHIKDQKG----------
MICB*005:03-E3-L95-pre-GC-suf-G-suf2-	MICB*005:03	E3	95	95	GC	G		LHSLQEIRVCEIHEDSSTRGSRHFYYDGELFLSQNLETQESTVPQSSRAQTLAMNVTNFWKEDAMKTKTHYRAMQADCLQKLQRYLKSGVAIRRT
MICB*005:03-E4-L92-pre-TG-suf-G-suf2-	MICB*005:03	E4	92	92	TG	G		PPMVNVTCSEVSEGNITVTCRASSFYPRNITLTWRQDGVSLSHNTQQWGDVLPDGNGTYQTWVATRIRQGEEQRFTCYMEHSGNHGTHPVPS
MICB*005:03-E5-L43-pre-GG-suf-G-suf2-	MICB*005:03	E5	43	43	GG	G		KALVLQSQRTDFPYVSAAMPCFVIIIILCVPCCKKKTSAAEGP
MICB*005:03-E6-L42-pre-AG-suf--suf2-	MICB*005:03	E6	42	42	AG			LVSLQVLDQHPVGTGDHRDAAQLGFQPLMSATGSTGSTEGAX
MICB*005:04-E2-L84-pre-AG-suf-G-suf2-	MICB*005:04	E2	84	94	AG	G		PHSLRYNLMVLSQDGSVQSGFLAEGHLDGQPFLRYDRQKRRAKPQGQWAEDVLGAKTWDTETEDLTENGQDLRRTLTHIKDQKG----------
MICB*005:04-E3-L95-pre-GC-suf-G-suf2-	MICB*005:04	E3	95	95	GC	G		LHSLQEIRVCEIHEDSSTRGSRHFYYDGELFLSQNLETQESTVPQSSRAQTLAMNVTNFWKEDAMKTKTHYRAMQADCLQKLQRYLKSGVAIRRT
MICB*005:04-E4-L92-pre-TG-suf-G-suf2-	MICB*005:04	E4	92	92	TG	G		PPMVNVTCSEVSEGNITVTCRASSFYPRNITLTWRQDGVSLSHNTQQWGDVLPDGNGTYQTWVATRIRQGEEQRFTCYMEHSGNHGTHPVPS
MICB*005:04-E5-L43-pre-GG-suf-G-suf2-	MICB*005:04	E5	43	43	GG	G		KALVLQSQRTDFPYVSAAMPCFVIIIILCVPCCKKKTSAAEGP
MICB*005:05-E2-L84-pre-AG-suf-G-suf2-	MICB*005:05	E2	84	94	AG	G		PHSLRYNLMVLSQDGSVQSGFLAEGHLDGQPFLRYDRQKRRAKPQGQWAEDVLGAKTWDTETEDLTENGQDLRRTLTHIKDQKG----------
MICB*005:05-E3-L95-pre-GC-suf-G-suf2-	MICB*005:05	E3	95	95	GC	G		LHSLQEIRVCEIHEDSSTRGSRHFYYDGELFLSQNLETQESTVPQSSRAQTLAMNVTNFWKEDAMKTKTHYRAMQADCLQKLQRYLKSGVAIRRT
MICB*005:05-E4-L92-pre-TG-suf-G-suf2-	MICB*005:05	E4	92	92	TG	G		PPMVNVTCSEVSEGNITVTCRASSFYPRNITLTWRQDGVSLSHNTQQWGDVLPDGNGTYQTWVATRIRQGEEQRFTCYMEHSGNHGTHPVPS
MICB*005:06-E2-L84-pre-AG-suf-G-suf2-	MICB*005:06	E2	84	94	AG	G		PHSLRYNLMVLSQDGSVQSGFLAEGHLDGQPFLRYDRQKRRAKPQGQWAEDVLGAKTWDTETEDLTENGQDLRRTLTHIKDQKG----------
MICB*005:06-E3-L95-pre-GC-suf-G-suf2-	MICB*005:06	E3	95	95	GC	G		LHSLQEIRVCEIHEDSSTRGSRHFYYDGELFLSQNLETQESTVPQSSRAQTLAMNVTNFWKEDAMKTKTHYRAMQADCLQKLQRYLKSGVAIRRT
MICB*005:06-E4-L92-pre-TG-suf-G-suf2-	MICB*005:06	E4	92	92	TG	G		PPMVNVTCSEVSEGNITVTCRASSFYPRNITLTWRQDGVSLSHNTQQWGDVLPDGNGTYQTWVATRIRQGEEQRFTCYMEHSGNHGTHPVPS
MICB*005:06-E5-L43-pre-GG-suf-G-suf2-	MICB*005:06	E5	43	43	GG	G		KALVLQSQRTDFPYVSAAMPCFVIIIILCVPCCKKKTSAAEGP
MICB*005:06-E6-L42-pre-AG-suf--suf2-	MICB*005:06	E6	42	42	AG			LVSLQVLDQHPVGTGDHRDAAQLGFQPLMSATGSTGSTEGAX
MICB*005:07-E2-L84-pre-AG-suf-G-suf2-	MICB*005:07	E2	84	94	AG	G		PHSLRYNLMVLSQDGSVQSGFLAEGHLDGQPFLRYDRQKRRAKPQGQWAEDVLGAKTWDTETEDLTENGQDLRRTLTHIKDQKG----------
MICB*005:07-E3-L95-pre-GC-suf-G-suf2-	MICB*005:07	E3	95	95	GC	G		LHSLQEIRVCEIHEDSSTRGSRHFYYDGELFLSQNLETQESTVPQSSRAQTLAMNVTNFWKEDAMKTKTHYRAMQADCLQKLQRYLKSGVAIRRT
MICB*005:07-E4-L92-pre-TG-suf-G-suf2-	MICB*005:07	E4	92	92	TG	G		PPMVNVTCSEVSEGNITVTCRASSFYPRNITLTWRQDGVSLSHNTQQWGDVLPDGNGTYQTWVATRIRQGEEQRFTCYMEHSGNHGTHPVPS
MICB*005:07-E5-L43-pre-GG-suf-G-suf2-	MICB*005:07	E5	43	43	GG	G		KALVLQSQRTDFPYVSAAMPCFVIIIILCVPCCKKKTSAAEGP
MICB*005:07-E6-L42-pre-AG-suf--suf2-	MICB*005:07	E6	42	42	AG			LVSLQVLDQHPVGTGDHRDAAQLGFQPLMSATGSTGSTEGAX
MICB*005:08-E2-L84-pre-AG-suf-G-suf2-	MICB*005:08	E2	84	94	AG	G		PHSLRYNLMVLSQDGSVQSGFLAEGHLDGQPFLRYDRQKRRAKPQGQWAEDVLGAKTWDTETEDLTENGQDLRRTLTHIKDQKG----------
MICB*005:08-E3-L95-pre-GC-suf-G-suf2-	MICB*005:08	E3	95	95	GC	G		LHSLQEIRVCEIHEDSSTRGSRHFYYDGELFLSQNLETQESTVPQSSRAQTLAMNVTNFWKEDAMKTKTHYRAMQADCLQKLQRYLKSGVAIRRT
MICB*005:08-E4-L92-pre-TG-suf-G-suf2-	MICB*005:08	E4	92	92	TG	G		PPMVNVTCSEVSEGNITVTCRASSFYPRNITLTWRQDGVSLSHNTQQWGDVLPDGNGTYQTWVATRIRQGEEQRFTCYMEHSGNHGTHPVPS
MICB*005:08-E5-L43-pre-GG-suf-G-suf2-	MICB*005:08	E5	43	43	GG	G		KALVLQSQRTDFPYVSAAMPCFVIIIILCVPCCKKKTSAAEGP
MICB*005:08-E6-L42-pre-AG-suf--suf2-	MICB*005:08	E6	42	42	AG			LVSLQVLDQHPVGTGDHRDAAQLGFQPLMSATGSTGSTEGAX
MICB*006-E2-L84-pre-AG-suf-G-suf2-	MICB*006	E2	84	94	AG	G		PHSLRYNLMVLSQDGSVQSGFLAEGHLDGQPFLRYDRQKRRAKPQGQWAEDVLGAKTWDTETEDLTENGQDLRRTLTHIKDQKG----------
MICB*006-E3-L95-pre-GC-suf-G-suf2-	MICB*006	E3	95	95	GC	G		LHSLQEIRVCEIHEDSSTRGSRHFYYDGELFLSQNLETQESTVPQSSRAQTLAMNVTNFWKEDAMKTKTHYRAMQADCLQKLQRYLKSGVAIRRT
MICB*006-E4-L92-pre-TG-suf-G-suf2-	MICB*006	E4	92	92	TG	G		PPMVNVTCSKVSEGNITVTCRASSFYPRNITLTWRQDGVSLSHNTQQWGDVLPDGNGTYQTWVATRIRQGEEQRFTCYMEHSGNHGTHPVPS
MICB*006-E5-L43-pre-GG-suf-*-suf2-	MICB*006	E5	43	43	GG	*		KALVLQSQRTDFPYVSAAMPCFVIIIILCVPCCKKKTSAAEGP
MICB*007-E2-L84-pre-AG-suf-G-suf2-	MICB*007	E2	84	94	AG	G		PHSLRYNLMVLSQDGSVQSGFLAEGHLDGQPFLRYDRQKRRAKPQGQWAEDVLGAETWDTETEDLTENGQDLRRTLTHIKDQKG----------
MICB*007-E3-L95-pre-GC-suf-G-suf2-	MICB*007	E3	95	95	GC	G		LHSLQEIRVCEIHEDSSTRGSRHFYYNGELFLSQNLETQESTVPQSSRAQTLAMNVTNFWKEDAMKTKTHYRAMQADCLQKLQRYLKSGVAIRRT
MICB*007-E4-L92-pre-TG-suf-G-suf2-	MICB*007	E4	92	92	TG	G		PPMVNVTCSEVSEGNITVTCRASSFYPRNITLTWRQDGVSLSHNTQQWGDVLPDGNGTYQTWVATRIRQGEEQKFTCYMEHSGNHGTHPVPS
MICB*007-E5-L43-pre-GG-suf-G-suf2-	MICB*007	E5	43	43	GG	G		KALVLQSQRTDFPYVSAAMPCFVIIIILCVPCCKKKTSAAEGP
MICB*008-E1-L23-pre--suf-G-suf2-	MICB*008	E1	23	23		G		MGLGRVLLFLAVAFPFAPPAAAA
MICB*008-E2-L84-pre-AG-suf-G-suf2-	MICB*008	E2	84	94	AG	G		PHSLRYNLMVLSQDGSVQSGFLAEGHLDGQPFLRYDRQKRRAKPQGQWAEDVLGAETWDTETEDLTENGQDLRRTLTHIKDQKG----------
MICB*008-E3-L95-pre-GC-suf-G-suf2-	MICB*008	E3	95	95	GC	G		LHSLQEIRVCEMHEDSSTRGSRHFYYNGELFLSQNLETQESTVPQSSRAQTLAMNVTNFWKEDAMKTKTHYRAMQADCLQKLQRYLKSGVAIRRT
MICB*008-E4-L92-pre-TG-suf-G-suf2-	MICB*008	E4	92	92	TG	G		PPMVNVTCSEVSEGNITVTCRASSFYPRNITLTWRQDGVSLSHNTQQWGDVLPDGNGTYQTWVATRIRQGEEQRFTCYMEHSGNHGTHPVPS
MICB*008-E5-L43-pre-GG-suf-G-suf2-	MICB*008	E5	43	43	GG	G		KALVLQSQRTDFPYVSAAMPCFVIIIILCVPCCKKKTSAAEGP
MICB*008-E6-L42-pre-AG-suf--suf2-	MICB*008	E6	42	42	AG			LVSLQVLDQHPVGTGDHRDAAQLGFQPLMSATGSTGSTEGAX
MICB*009N-E2-L84-pre-AG-suf-G-suf2-	MICB*009N	E2	84	94	AG	G		PHSLRYNLMVLSQDGSVQSGFLAEGHLDGQPFLRYDRQKRRAKPQGQWAEDVLGAKTWDTETEDLTENGQDLRRTLTHIKDQKG----------
MICB*009N-E3-L95-pre-GC-suf-G-suf2-	MICB*009N	E3	95	95	GC	G		LHSLQEIRVCEIHEDSSTRGSRHFYYDGELFLSQNLETQESTVPQSSRAQTLAMNVTNFWKEDAMKTKTHYRAMQADCLQKLQXYLKSGVAIRRT
MICB*009N-E4-L92-pre-TG-suf-G-suf2-	MICB*009N	E4	92	92	TG	G		PPMVNVICSEVSEGNITVTCRASSFYPRNITLTWRQDGVSLSHNTQQWGDVLPDGNGTYQTWVATRIRQGEEQRFTCYMEHSGNHGTHPVPS
MICB*009N-E5-L43-pre-GG-suf-G-suf2-	MICB*009N	E5	43	43	GG	G		KALVLQSQRTDFPYVSAAMPCFVIIIILCVPCCKKKTSAAEGP
MICB*010-E2-L84-pre-AG-suf-G-suf2-	MICB*010	E2	84	94	AG	G		PHSLRYNLMVLSQDGSVQSGFLAEGHLDGQPFLRYDRQKRRAKPQGQWAEDVLGAKTWDTETEDLTENGQDLRRTLTHIKDQKG----------
MICB*010-E3-L95-pre-GC-suf-G-suf2-	MICB*010	E3	95	95	GC	G		LHSLQEIRVCEIHEDSSTRGSRHFYYDGELFLSQNLETQESTVPQSSRAQTLAMNVTNFWKEDAMKTKTHYRAMQADCLQKLQRYLKSGVAIRRT
MICB*010-E4-L92-pre-TG-suf-G-suf2-	MICB*010	E4	92	92	TG	G		PPMVNVTCSEVSEGNITVTCRASSFYPRNITLTWRQDGVSLSHNTQQWGDVLPDGNGTYQTWVATRIRQGEEQRFTCYMEHSGNHGTHPVPS
MICB*010-E5-L43-pre-GG-suf-G-suf2-	MICB*010	E5	43	43	GG	G		KALVLQSQRTDFPYVSAAMPCFVIIIILCVPCCKKKTSAAEGP
MICB*010-E6-L42-pre-AG-suf--suf2-	MICB*010	E6	42	42	AG			LVSLQVLDQHPVGTGDHRDAAQLGFQPLMSATGSTGSTEGTX
MICB*011-E2-L84-pre-AG-suf-G-suf2-	MICB*011	E2	84	94	AG	G		PHSLRYNLMVLSQDGSVQSGFLAEGHLDGQPFLRYDRQKRRAKHQGQWAEDVLGAKTWDTETEDLTENGQDLRRTLTHIKDQKG----------
MICB*011-E3-L95-pre-GC-suf-G-suf2-	MICB*011	E3	95	95	GC	G		LHSLQEIRVCEIHEDSSTRGSRHFYYDGELFLSQNLETQESTVPQSSRAQTLAMNVTNFWKEDAMKTKTHYRAMQADCLQKLQRYLKSGVAIRRT
MICB*011-E4-L92-pre-TG-suf-G-suf2-	MICB*011	E4	92	92	TG	G		PPMVNVTCSEVSEGNITVTCRASSFYPRNITLTWRQDGVSLSHNTQQWGDVLPDGNGTYQTWVATRIRQGEEQRFTCYMEHSGNHGTHPVPS
MICB*011-E5-L43-pre-GG-suf-G-suf2-	MICB*011	E5	43	43	GG	G		KALVLQSQRTDFPYVSAAMPCFVIIIILCVPCCKKKTSAAEGP
MICB*011-E6-L42-pre-AG-suf--suf2-	MICB*011	E6	42	42	AG			LVSLQVLDQHPVGTGDHRDAAQLGFQPLMSATGSTGSTEGTX
MICB*012-E2-L84-pre-AG-suf-G-suf2-	MICB*012	E2	84	94	AG	G		PHSLRYNLMVLSQDGSVQSGFLAEGHLDGQPFLRYDRQKRRAKPQGQWAEDVLGAKTWDTETEDLTENGQDLRRTLTHIKGQKG----------
MICB*012-E3-L95-pre-GC-suf-G-suf2-	MICB*012	E3	95	95	GC	G		LHSLQEIRVCEIHEDSSTRGSRHFYYDGELFLSQNLETQESTVPQSSRAQTLAMNVTNFWKEDAMKTKTHYRAMQADCLQKLQRYLKSGVAIRRT
MICB*012-E4-L92-pre-TG-suf-G-suf2-	MICB*012	E4	92	92	TG	G		PPMVNVTCSEVSEGNITVTCRASSFYPRNITLTWRQDGVSLSHNTQQWGDVLPDGNGTYQTWVATRIRQGEEQRFTCYMEHSGNHGTHPVPS
MICB*012-E5-L43-pre-GG-suf-G-suf2-	MICB*012	E5	43	43	GG	G		KALVLQSQRTDFPYVSAAMPCFVIIIILCVPCCKKKTSAAEGP
MICB*012-E6-L42-pre-AG-suf--suf2-	MICB*012	E6	42	42	AG			LVSLQVLDQHPVGTGDHRDAAQLGFQPLMSATGSTGSTEGAX
MICB*013-E2-L84-pre-AG-suf-G-suf2-	MICB*013	E2	84	94	AG	G		PHSLRYNLMVLSQDGSVQSGFLAEGHLDGQPFLRYDRQKRRAKPQGQWAEDVLGAKTWDTETEDLTENGQDLRRTLTHIKDQKG----------
MICB*013-E3-L95-pre-GC-suf-G-suf2-	MICB*013	E3	95	95	GC	G		LHSLQEIRVCEIHEDSSTRGSRHFYYDGELFLSQNLETQESTVPQSSRAQTLAMNVTNFWKEDAMKTKTHYRAMQADCLQKLQRYLKSGVAIRRT
MICB*013-E4-L92-pre-TG-suf-G-suf2-	MICB*013	E4	92	92	TG	G		PPMVNVTCSEVSEGNITVTCRASSFYPRNITLTWRQDGVSLSHNTQQWGDVLPDGNGTYQTWVATRIRQGEEQRFTCYMEHSGNHSTHPVPS
MICB*013-E5-L43-pre-GG-suf-G-suf2-	MICB*013	E5	43	43	GG	G		KALVLQSQRTDFPYVSAAMPCFVIIIILCVPCCKKKTSAAEGP
MICB*014-E2-L84-pre-AG-suf-G-suf2-	MICB*014	E2	84	94	AG	G		PHSLRYNLMVLSQDGSVQSGFLAEGHLDGQPFLRYDRQKRRAKPQGQWAEDVLGAETWDTETEDLTENGQDLRRTLTHIKDQKG----------
MICB*014-E3-L95-pre-GC-suf-G-suf2-	MICB*014	E3	95	95	GC	G		LHSLQEIRVCEIHEDSSTRGSRHFYYNGELFLSQNLETQESTVPQSSRAQTLAMNVTNFWKEDAMKTKTHYRAMQADCLQKLQRYLKSGVAIRRT
MICB*014-E4-L92-pre-TG-suf-G-suf2-	MICB*014	E4	92	92	TG	G		PPMVNVTCSEVSEGNITVTCRASSFYPRNITLTWRQDGVSLSHNTQQWGDVLPDGNGTYQTWVATRIRQGEEQRFTCYMEHSGNHSTHPVPS
MICB*014-E5-L43-pre-GG-suf-G-suf2-	MICB*014	E5	43	43	GG	G		KALVLQSQRTDFPYVSAAMPCFVIIIILCVPCCKKKTSAAEGP
MICB*015-E2-L84-pre-AG-suf-G-suf2-	MICB*015	E2	84	94	AG	G		PHSLRYNLMVLSQDGSVQSGFLAEGHLDGQPFLRYDRQKRRAKPQGQWAEDVLGAETWDTETEDLTENGQDLRRTLTHIKDQKG----------
MICB*015-E3-L95-pre-GC-suf-G-suf2-	MICB*015	E3	95	95	GC	G		LHSLQEIRVCEIHEDSSTRGSRHFYYNGELFLSQNLETQESTVPQSSRAQTLAMNVTNFWKEDAMKTKTHYRAMQADCLQKLQRYLKSGVAIRRT
MICB*015-E4-L92-pre-TG-suf-G-suf2-	MICB*015	E4	92	92	TG	G		PPMVNVTCSKVSEGNITVTCRASSFYPRNITLTWRQDGVSLSHNTQQWGDVLPDGNGTYQTWVATRIRQGEEQRFTCYMEHSGNHSTHPVPS
MICB*015-E5-L43-pre-GG-suf-*-suf2-	MICB*015	E5	43	43	GG	*		KALVLQSQRTDFPYVSAAMPCFVIIIILCVPCCKKKTSAAEGP
MICB*016-E2-L84-pre-AG-suf-G-suf2-	MICB*016	E2	84	94	AG	G		PHSLRYNLMVLSQDGSVQSGFLAEGHLDGQPFLRYDRQKRRAKPQGQWAEDVLGAETWDTETEDLTENGQDLRRTLTHIKDQKG----------
MICB*016-E3-L95-pre-GC-suf-G-suf2-	MICB*016	E3	95	95	GC	G		LHSLQEIRVCEIHEDSSTRGSRHFYYDGELFLSQNLETQESTVPQSSRAQTLAMNVTNFWKEDAMKTKTHYRAMQADCLQKLQRYLKSGVAIRRT
MICB*016-E4-L92-pre-TG-suf-G-suf2-	MICB*016	E4	92	92	TG	G		PPMVNVTCSEVSEGNITVTCRASSFYPRNITLTWRQDGVSLSHNTQQWGDVLPDGNGTYQTWVATRIRQGEEQRFTCYMEHSGNHSTHPVPS
MICB*018-E2-L84-pre-AG-suf-G-suf2-	MICB*018	E2	84	94	AG	G		PHSLRYNLMVLSQDGSVQSGFLAEGHLDGQPFLRYDRQKRRAKPQGQWAEDVLGAKTWDTETEDLTENGQDLRRTLTHIKDQKG----------
MICB*018-E3-L95-pre-GC-suf-G-suf2-	MICB*018	E3	95	95	GC	G		LHSLQEIRVCEIHEDSSTRGSRHFYYNGELFLSQNLETQESTVPQSSRAQTLAMNVTNFWKEDAMKTKTHYRAMQADCLQKLQRYLKSGVAIRRT
MICB*018-E4-L92-pre-TG-suf-G-suf2-	MICB*018	E4	92	92	TG	G		PPMVNVTCSEVSEGNITVTCRASSFYPRNITLTWRQDGVSLSHNTQQWGDVLPDGNGTYQTWVATRIRQGEEQRFTCYMEHSGNHGTHPVPS
MICB*019-E2-L84-pre-AG-suf-G-suf2-	MICB*019	E2	84	94	AG	G		PHSLRYNLMVLSQDGSVQSGFLAEGHLDGQPFLRYDRQKRRAKPQGQWAEDVLGAETWDTETEDLTENGQDLRRTLTHIKDQKG----------
MICB*019-E3-L95-pre-GC-suf-G-suf2-	MICB*019	E3	95	95	GC	G		LHSLQEIRVCEIHEDSSTRGSRHFYYDGELFLSQNLETQESTVPQSSRAQTLAMNVTNFWKEDAMKTKTHYRAMQADCLQKLQRYLKSGVAIRRT
MICB*019-E4-L92-pre-TG-suf-G-suf2-	MICB*019	E4	92	92	TG	G		PPMVNVTCSEVSEGNITVTCRASSFYPRNITLTWRQDGVSLSHNTQQWGDVLPDGNGTYQTWVATRIRQGEEQRFTCYMEHSGNHGTHPVPS
MICB*020-E2-L84-pre-AG-suf-G-suf2-	MICB*020	E2	84	94	AG	G		PHSLRYNLMVLSQDGSVQSGFLAEGHLDGQPFLRYDRQKRRAKPQGQWAENVLGAKTWDTETEDLTENGQDLRRTLTHIKDQKG----------
MICB*020-E3-L95-pre-GC-suf-G-suf2-	MICB*020	E3	95	95	GC	G		LHSLQEIRVCEIHEDSSTRGSRHFYYNGELFLSQNLETQESTVPQSSRAQTLAMNVTNFWKEDAMKTKTHYRAMQADCLQKLQRYLKSGVAIRRT
MICB*020-E4-L92-pre-TG-suf-G-suf2-	MICB*020	E4	92	92	TG	G		PPMVNVTCSEVSEGNITVTCRASSFYPRNITLTWRQDGVSLSHNTQQWGDVLPDGNGTYQTWVATRIRQGEEQRFTCYMEHSGNHGTHPVPS
MICB*021N-E2-L83-pre-AG-suf-G-suf2-GA	MICB*021N	E2	83	94	AG	G	GA	PHSLRYNLMVLSQDGSVQSGFLAEGHLDGQPFLRYDRQKRRAKPR-----DSGQKMSWELRP------GTQRPRTXQRMGKTSGGPXLISRTRK
MICB*021N-E3-L95-pre-GC-suf-G-suf2-	MICB*021N	E3	95	95	GC	G		LHSLQEIRVCEIHEDSSTRGSRHFYYDGELFLSQNLETQESTVPQSSRAQTLAMNVTNFWKEDAMKTKTHYRAMQADCLQKLQRYLKSGVAIRRT
MICB*021N-E4-L92-pre-TG-suf-G-suf2-	MICB*021N	E4	92	92	TG	G		PPMVNVTCSEVSEGNITVTCRASSFYPRNITLTWRQDGVSLSHNTQQWGDVLPDGNGTYQTWVATRIRQGEEQRFTCYMEHSGNHGTHPVPS
MICB*022-E2-L84-pre-AG-suf-G-suf2-	MICB*022	E2	84	94	AG	G		PHSLRYNLMVLSQDGSVQSGFLAEGHLDGQPFLRYDRQKRRAKPQGQWAEDVLGAETWDTETEGLTENGQDLRRTLTHIKDQKG----------
MICB*022-E3-L95-pre-GC-suf-G-suf2-	MICB*022	E3	95	95	GC	G		LHSLQEIRVCEIHEDSSTRGSRHFYYNGELFLSQNLETQESTVPQSSRAQTLAMNVTNFWKEDAMKTKTHYRAMQADCLQKLQRYLKSGVAIRRT
MICB*022-E4-L92-pre-TG-suf-G-suf2-	MICB*022	E4	92	92	TG	G		PPMVNVTCSEVSEGNITVTCRASSFYPRNITLTWRQDGVSLSHNTQQWGDVLPDGNGTYQTWVATRIRQGEEQRFTCYMEHSGNHGTHPVPS
MICB*023-E2-L84-pre-AG-suf-G-suf2-	MICB*023	E2	84	94	AG	G		PHSLHYNLMVLSQDGSVQSGFLAEGHLDGQPFLRYDRQKRRAKPQGQWAEDVLGAKTWDTETEDLTENGQDLRRTLTHIKDQKG----------
MICB*023-E3-L95-pre-GC-suf-G-suf2-	MICB*023	E3	95	95	GC	G		LHSLQEIRVCEIHEDSSTRGSRHFYYDGELFLSQNLETQESTVPQSSRAQTLAMNVTNFWKEDAMKTKTHYRAMQADCLQKLQRYLKSGVAIRRT
MICB*023-E4-L92-pre-TG-suf-G-suf2-	MICB*023	E4	92	92	TG	G		PPMVNVTCSEVSEGNITVTCRASSFYPRNITLTWRQDGVSLSHNTQQWGDVLPDGNGTYQTWVATRIRQGEEQRFTCYMEHSGNHGTHPVPS
MICB*023-E5-L43-pre-GG-suf-G-suf2-	MICB*023	E5	43	43	GG	G		KALVLQSQRTDFPYVSAAMPCFVIIIILCVPCCKKKTSAAEGP
MICB*023-E6-L42-pre-AG-suf--suf2-	MICB*023	E6	42	42	AG			LVSLQVLDQHPVGTGDHRDAAQLGFQPLMSATGSTGSTEGAX
MICB*024-E2-L84-pre-AG-suf-G-suf2-	MICB*024	E2	84	94	AG	G		PHSLRYNLMVLSQDGSVQSGFLAEGHLDGQSFLRYDRQKRRAKPQGQWAENVLGAKTWDTETEDLTENGQDLRRTLTHIKDQKG----------
MICB*024-E3-L95-pre-GC-suf-G-suf2-	MICB*024	E3	95	95	GC	G		LHSLQEIRVCEIHEDSSTRGSRHFYYDGELFLSQNLETQESTVPQSSRAQTLAMNVTNFWKEDAMKTKTHYRAMQADCLQKLQRYLKSGVAIRRT
MICB*024-E4-L92-pre-TG-suf-G-suf2-	MICB*024	E4	92	92	TG	G		PPMVNVTCSEVSEGNITVTCRASSFYPRNITLTWRQDGVSLSHNTQQWGDVLPDGNGTYQTWVATRIRQGEEQRFTCYMEHSGNHGTHPVPS
MICB*025-E2-L84-pre-AG-suf-G-suf2-	MICB*025	E2	84	94	AG	G		PHSLRYNLMVLSQDGSVQSGFLAEGHLDGQPFLRYDRQKRRAKPQGQWAENVLGAKTWDTETEDLTENGQDLRRTLTHIKDQKG----------
MICB*025-E3-L95-pre-GC-suf-G-suf2-	MICB*025	E3	95	95	GC	G		LHSLQEIRVCEIHEDSSTRGSRHFYYDGELFLSQNLETQESTVPQSSRAQTLAMNVTNFWEEDAMKTKTHYRAMQADCLQKLQRYLKSGVAIRRT
MICB*025-E4-L92-pre-TG-suf-G-suf2-	MICB*025	E4	92	92	TG	G		PPMVNVTCSEVSEGNITVTCRASSFYPRNITLTWRQDGVSLSHNTQQWGDVLPDGNGTYQTWVATRIRQGEEQRFTCYMEHSGNHGTHPVPS
MICB*026-E2-L84-pre-AG-suf-G-suf2-	MICB*026	E2	84	94	AG	G		PHSLRYNLMVLSQDGSVQSGFLAEGHLDGQPFLRYDRQKRRAKPQGQWAENVLGAKTWDTETEDLTENGQDLRRTLTHIKDQKG----------
MICB*026-E3-L95-pre-GC-suf-G-suf2-	MICB*026	E3	95	95	GC	G		LHSLQEIRVCEIHEDSSTRGSRHFYYDGELFLSQNLETQESTVPQSSRAQTLAMNVTNFWKEDAMKTKTHYRAMQADCLQKLQRYLKSGVAIRRT
MICB*026-E4-L92-pre-TG-suf-G-suf2-	MICB*026	E4	92	92	TG	G		PPMVNVTCSEVSEGNITVTCRASSFYPRNITLTWRQDGVSLSHNTQQWGDVLPDGNGTYQTWVATRIRQGKEQRFTCYMEHSGNHGTHPVPS
MICB*026-E5-L43-pre-GG-suf-G-suf2-	MICB*026	E5	43	43	GG	G		KALVLQSQRTDFPYVSAAMPCFVIIIILCVPCCKKKTSAAEGP
MICB*026-E6-L42-pre-AG-suf--suf2-	MICB*026	E6	42	42	AG			LVSLQVLDQHPVGTGDHRDAAQLGFQPLMSATGSTGSTEGTX
MICB*027-E2-L84-pre-AG-suf-G-suf2-	MICB*027	E2	84	94	AG	G		PHSLRYNLMVLSQDGSVQSGFLAEGHLDGQPFLRYDRQKRRAKPQGQWAEDVLGAKTWDTETEDLTENGQDLRRTLTHIKDQKG----------
MICB*027-E3-L95-pre-GC-suf-G-suf2-	MICB*027	E3	95	95	GC	G		LHSLQEIRVCEIHEDSSTRGSRHFYYDGELFLSQNLETQESTVPQSSRAQTLAMNVTNFWKEDAMKTKTHYRAMQADCLQKLQRYLKSGVAIRRT
MICB*027-E4-L92-pre-TG-suf-G-suf2-	MICB*027	E4	92	92	TG	G		PPMVNVTCSEVSEGNITVTCRASSFYPRNITLTWRQDGVSLSHNTQQWGDVLPDGNGTYQTWVATRIRQGEEQRFTCYMEHSRNHGTHPVPS
MICB*027-E5-L43-pre-GG-suf-G-suf2-	MICB*027	E5	43	43	GG	G		KALVLQSQRTDFPYVSAAMPCFVIIIILCVPCCKKKTSAAEGP
MICB*027-E6-L42-pre-AG-suf--suf2-	MICB*027	E6	42	42	AG			LVSLQVLDQHPVGTGDHRDAAQLGFQPLMSATGSTGSTEGAX
MICB*028-E2-L84-pre-AG-suf-G-suf2-	MICB*028	E2	84	94	AG	G		PHSLRYNLMVLSQDGSVQSGFLAEGHLDGQPFLRYDRQKRRAKPQGQWAENVLGAKTWDTETEDLTENGQDLRRTLTHIKDQKG----------
MICB*028-E3-L95-pre-GC-suf-G-suf2-	MICB*028	E3	95	95	GC	G		LHSLQEIRVCEIHEDSSTRGSRHFYYDGELFLSQNLETQESTVPQSSRAQTLAMNVTNFWKEDAMKTKTHYRAMQADCLQKLQRYLKSGVAIRRT
MICB*028-E4-L92-pre-TG-suf-G-suf2-	MICB*028	E4	92	92	TG	G		PPMVNVTCSEVSEGNITVTCRASSFYPRNITLTWRQDGVSLSHNTQQWGDVLPDGNGTYQTWVATRIRQGEEQRFTCYMEHSGNHGTHPVPS
MICB*028-E5-L43-pre-GG-suf-G-suf2-	MICB*028	E5	43	43	GG	G		KALVLQSQRTDFPYVSAAMPCFVIIIILCVPCCKKKTSAAEGP
MICB*028-E6-L42-pre-AG-suf--suf2-	MICB*028	E6	42	42	AG			LVSLQVLDQHPVGTGDHRDAAQLGFQPLMSATGSTGSTEGAX
MICB*029-E2-L84-pre-AG-suf-G-suf2-	MICB*029	E2	84	94	AG	G		PHSLRYNLMVLSQDGSVQSGFLAEGHLDGQPFLRYDRQKRRAKPQGQWAEDVLGAETWDTETEDLTENGQDLRRTLTHIKDQKG----------
MICB*029-E3-L95-pre-GC-suf-G-suf2-	MICB*029	E3	95	95	GC	G		LHSLQEIRVCEIHEDSSTRGSRHFYYNGELFLSQNLETQESTVPQSSRAQTLAMNVTNFWKEDAMKTKTHYRAMQADCLQKLQRYLKSGVAIRRT
MICB*029-E4-L92-pre-TG-suf-G-suf2-	MICB*029	E4	92	92	TG	G		PPMVNVTCSEVSEGNITVTCRASSFYPRNITLTWRQDGLSLSHNTQQWGDVLPDGNGTYQTWVATRIRQGEEQRFTCYMEHSGNHGTHPVPS
MICB*029-E5-L43-pre-GG-suf-G-suf2-	MICB*029	E5	43	43	GG	G		KALVLQSQRTDFPYVSAAMPCFVIIIILCVPCCKKKTSAAEGP
MICB*029-E6-L42-pre-AG-suf--suf2-	MICB*029	E6	42	42	AG			LVSLQVLDQHPVGTGDHRDAAQLGFQPLMSATGSTGSTEGAX
MICB*030-E2-L84-pre-AG-suf-G-suf2-	MICB*030	E2	84	94	AG	G		PHSLRYNLMVLSQDGSVQSGFLAEGHLDGQPFLRYDRQKRRAKPQGQWAEDVLGAKTWDTETEDLTENGQDLRRTLTHIKDQKG----------
MICB*030-E3-L95-pre-GC-suf-G-suf2-	MICB*030	E3	95	95	GC	G		LHSLQEIRVCEIHEDRSTRGSRHFYYDGELFLSQNLETQESTVPQSSRAQTLAMNVTNFWKEDAMKTKTHYRAMQADCLQKLQRYLKSGVAIRRT
MICB*030-E4-L92-pre-TG-suf-G-suf2-	MICB*030	E4	92	92	TG	G		PPMVNVTCSEVSEGNITVTCRASSFYPRNITLTWRQDGVSLSHNTQQWGDVLPDGNGTYQTWVATRIRQGEEQRFTCYMEHSGNHGTHPVPS
MICB*031-E2-L84-pre-AG-suf-G-suf2-	MICB*031	E2	84	94	AG	G		PHSLRYNLMVLSQDGSVQSGFLAEGHLDGQPFLRYDRQKCRAKPQGQWAEDVLGAETWDTETEDLTENGQDLRRTLTHIKDQKG----------
MICB*031-E3-L95-pre-GC-suf-G-suf2-	MICB*031	E3	95	95	GC	G		LHSLQEIRVCEIHEDSSTRGSRHFYYNGELFLSQNLETQESTVPQSSRAQTLAMNVTNFWKEDAMKTKTHYRAMQADCLQKLQRYLKSGVAIRRT
MICB*031-E4-L92-pre-TG-suf-G-suf2-	MICB*031	E4	92	92	TG	G		PPMVNVTCSEVSEGNITVTCRASSFYPRNITLTWRQDGVSLSHNTQQWGDVLPDGNGTYQTWVATRIRQGEEQRFTCYMEHSGNHGTHPVPS
