TAP1*01:01-E1-L199-pre--suf-G-suf2-	TAP1*01:01	E1	199	199		G		MASSRCPAPRGCRCLPGASLAWLGTVLLLLADWVLLRTALPRIFSLLVPTALPLLRVWAVGLSRWAVLWLGACGVLRATVGSKSENAGAQGWLAALKPLAAALGLALPGLALFRELISWGAPGSADSTRLLHWGSHPTAFVVSYAAALPAAALWHKLGSLWVPGGQGGSGNPVRRLLGCLGSETRRLSLFLVLVVLSSL
TAP1*01:01-E10-L45-pre-AG-suf--suf2-	TAP1*01:01	E10	45	45	AG			VDEAGSQLSGGQRQAVALARALIRKPCVLILDDATSALDANSQLQ
TAP1*01:01-E11-L69-pre--suf--suf2-	TAP1*01:01	E11	69	69				VEQLLYESPERYSRSVLLITQHLSLVEQADHILFLEGGAIREGGTHQQLMEKKGCYWAMVQAPADAPEX
TAP1*01:01-E2-L37-pre-GG-suf-AG-suf2-	TAP1*01:01	E2	37	37	GG	AG		EMAIPFFTGRLTDWILQDGSADTFTRNLTLMSILTIA
TAP1*01:01-E3-L43-pre-T-suf-G-suf2-	TAP1*01:01	E3	43	43	T	G		AVLEFVGDGIYNNTMGHVHSHLQGEVFGAVLRQETEFFQQNQT
TAP1*01:01-E4-L68-pre-GT-suf--suf2-	TAP1*01:01	E4	68	68	GT			NIMSRVTEDTSTLSDSLSENLSLFLWYLVRGLCLLGIMLWGSVSLTMVTLITLPLLFLLPKKVGKWYQ
TAP1*01:01-E5-L66-pre--suf--suf2-	TAP1*01:01	E5	66	66				LLEVQVRESLAKSSQVAIEALSAMPTVRSFANEEGEAQKFREKLQEIKTLNQKEAVAYAVNSWTTS
TAP1*01:01-E6-L43-pre--suf--suf2-	TAP1*01:01	E6	43	43				ISGMLLKVGILYIGGQLVTSGAVSSGNLVTFVLYQMQFTQAVE
TAP1*01:01-E7-L63-pre--suf--suf2-	TAP1*01:01	E7	63	63				VLLSIYPRVQKAVGSSEKIFEYLDRTPRCPPSGLLTPLHLEGLVQFQDVSFAYPNRPDVLVLQ
TAP1*01:01-E8-L58-pre--suf--suf2-	TAP1*01:01	E8	58	58				GLTFTLRPGEVTALVGPNGSGKSTVAALLQNLYQPTGGQLLLDGKPLPQYEHRYLHRQ
TAP1*01:01-E9-L54-pre--suf-G-suf2-	TAP1*01:01	E9	54	54		G		VAAVGQEPQVFGRSLQENIAYGLTQKPTMEEITAAAVKSGAHSFISGLPQGYDT
TAP1*01:02N-E1-L199-pre--suf-G-suf2-	TAP1*01:02N	E1	199	199		G		MASSRCPAPRGCRCLPGASLAWLGTVLLLLADWVLLRTALPRIFSLLVPTALPLLRVWAVGLSRWAVLWLGACGVLRATVGSKSENAGAQGWLAALKPLAAALGLALPGLALFRELISWGAPGSADSTRLLHWGSHPTAFVVSYAAALPAAALWHKLGSLWVPGGQGGSGNPVRRLLGCLGSETRRLSLFLVLVVLSSL
TAP1*01:02N-E10-L45-pre-AG-suf--suf2-	TAP1*01:02N	E10	45	45	AG			VDEAGSQLSGGQRQAVALARALIRKPCVLILDDATSALDANSQLQ
TAP1*01:02N-E11-L69-pre--suf--suf2-	TAP1*01:02N	E11	69	69				VEQLLYESPERYSRSVLLITQHLSLVEQADHILFLEGGAIREGGTHQQLMEKKGCYWAMVQAPADAPEX
TAP1*01:02N-E2-L37-pre-G-suf-AG-suf2-	TAP1*01:02N	E2	37	37	G	AG		EMAIPFFTGRLTDWILQDGSADTFTRNLTLMSILTIA
TAP1*01:02N-E3-L43-pre-T-suf-G-suf2-	TAP1*01:02N	E3	43	43	T	G		AVLEFVGDGIYNNTMGHVHSHLQGEVFGAVLRQETEFFQQNQT
TAP1*01:02N-E4-L68-pre-GT-suf--suf2-	TAP1*01:02N	E4	68	68	GT			NIMSRVTEDTSTLSDSLSENLSLFLWYLVRGLCLLGIMLWGSVSLTMVTLITLPLLFLLPKKVGKWYQ
TAP1*01:02N-E5-L66-pre--suf--suf2-	TAP1*01:02N	E5	66	66				LLEVQVRESLAKSSQVAIEALSAMPTVRSFANEEGEAQKFREKLQEIKTLNQKEAVAYAVNSWTTS
TAP1*01:02N-E6-L43-pre--suf--suf2-	TAP1*01:02N	E6	43	43				ISGMLLKVGILYIGGQLVTSGAVSSGNLVTFVLYQMQFTQAVE
TAP1*01:02N-E7-L63-pre--suf--suf2-	TAP1*01:02N	E7	63	63				VLLSIYPRVQKAVGSSEKIFEYLDRTPRCPPSGLLTPLHLEGLVQFQDVSFAYPNRPDVLVLQ
TAP1*01:02N-E8-L58-pre--suf--suf2-	TAP1*01:02N	E8	58	58				GLTFTLRPGEVTALVGPNGSGKSTVAALLQNLYQPTGGQLLLDGKPLPQYEHRYLHRQ
TAP1*01:02N-E9-L54-pre--suf-G-suf2-	TAP1*01:02N	E9	54	54		G		VAAVGQEPQVFGRSLQENIAYGLTQKPTMEEITAAAVKSGAHSFISGLPQGYDT
TAP1*02:01-E1-L199-pre--suf-G-suf2-	TAP1*02:01	E1	199	199		G		MASSRCPAPRGCRCLPGASLAWLGTVLLLLADWVLLRTALPRIFSLLVPTALPLLRVWAVGLSRWAVLWLGACGVLRATVGSKSENAGAQGWLAALKPLAAALGLALPGLALFRELISWGAPGSADSTRLLHWGSHPTAFVVSYAAALPAAALWHKLGSLWVPGGQGGSGNPVRRLLGCLGSETRRLSLFLVLVVLSSL
TAP1*02:01-E10-L45-pre-AG-suf--suf2-	TAP1*02:01	E10	45	45	AG			VGEAGSQLSGGQRQAVALARALIRKPCVLILDDATSALDANSQLQ
TAP1*02:01-E11-L69-pre--suf--suf2-	TAP1*02:01	E11	69	69				VEQLLYESPERYSRSVLLITQHLSLVEQADHILFLEGGAIREGGTHQQLMEKKGCYWAMVQAPADAPEX
TAP1*02:01-E2-L37-pre-GG-suf-AG-suf2-	TAP1*02:01	E2	37	37	GG	AG		EMAIPFFTGRLTDWILQDGSADTFTRNLTLMSILTIA
TAP1*02:01-E3-L43-pre-T-suf-G-suf2-	TAP1*02:01	E3	43	43	T	G		AVLEFVGDGIYNNTMGHVHSHLQGEVFGAVLRQETEFFQQNQT
TAP1*02:01-E4-L68-pre-GT-suf--suf2-	TAP1*02:01	E4	68	68	GT			NIMSRVTEDTSTLSDSLSENLSLFLWYLVRGLCLLGIMLWGSVSLTMVTLVTLPLLFLLPKKVGKWYQ
TAP1*02:01-E5-L66-pre--suf--suf2-	TAP1*02:01	E5	66	66				LLEVQVRESLAKSSQVAIEALSAMPTVRSFANEEGEAQKFREKLQEIKTLNQKEAVAYAVNSWTTS
TAP1*02:01-E6-L43-pre--suf--suf2-	TAP1*02:01	E6	43	43				ISGMLLKVGILYIGGQLVTSGAVSSGNLVTFVLYQMQFTQAVE
TAP1*02:01-E7-L63-pre--suf--suf2-	TAP1*02:01	E7	63	63				VLLSIYPRVQKAVGSSEKIFEYLDRTPRCPPSGLLTPLHLEGLVQFQDVSFAYPNRPDVLVLQ
TAP1*02:01-E8-L58-pre--suf--suf2-	TAP1*02:01	E8	58	58				GLTFTLRPGEVTALVGPNGSGKSTVAALLQNLYQPTGGQLLLDGKPLPQYEHRYLHRQ
TAP1*02:01-E9-L54-pre--suf-G-suf2-	TAP1*02:01	E9	54	54		G		VAAVGQEPQVFGRSLQENIAYGLTQKPTMEEITAAAVKSGAHSFISGLPQGYDT
TAP1*03:01-E1-L199-pre--suf-G-suf2-	TAP1*03:01	E1	199	199		G		MASSRCPAPRGCRCLPGASLAWLGTVLLLLADWVLLRTALPRIFSLLVPTALPLLRVWAVGLSRWAVLWLGACGVLRATVGSKSENAGAQGWLAALKPLAAALGLALPGLALFRELISWGAPGSADSTRLLHWGSHPTAFVVSYAAALPAAALWHKLGSLWVPGGQGGSGNPVRRLLGCLGSETRRLSLFLVLVVLSSL
TAP1*03:01-E10-L45-pre-AG-suf--suf2-	TAP1*03:01	E10	45	45	AG			VDEAGSQLSGGQRQAVALARALIRKPCVLILDDATSALDANSQLQ
TAP1*03:01-E11-L69-pre--suf--suf2-	TAP1*03:01	E11	69	69				VEQLLYESPERYSRSVLLITQHLSLVEQADHILFLEGGAIREGGTHQQLMEKKGCYWAMVQAPADAPEX
TAP1*03:01-E2-L37-pre-GG-suf-AG-suf2-	TAP1*03:01	E2	37	37	GG	AG		EMAIPFFTGRLTDWILQDGSADTFTRNLTLMSILTIA
TAP1*03:01-E3-L43-pre-T-suf-G-suf2-	TAP1*03:01	E3	43	43	T	G		AVLEFVGDGIYNNTMGHVHSHLQGEVFGAVLRQETEFFQQNQT
TAP1*03:01-E4-L68-pre-GT-suf--suf2-	TAP1*03:01	E4	68	68	GT			NIMSRVTEDTSTLSDSLSENLSLFLWYLVRGLCLLGIMLWGSVSLTMVTLVTLPLLFLLPKKVGKWYQ
TAP1*03:01-E5-L66-pre--suf--suf2-	TAP1*03:01	E5	66	66				LLEVQVRESLAKSSQVAIEALSAMPTVRSFANEEGEAQKFREKLQEIKTLNQKEAVAYAVNSWTTS
TAP1*03:01-E6-L43-pre--suf--suf2-	TAP1*03:01	E6	43	43				ISGMLLKVGILYIGGQLVTSGAVSSGNLVTFVLYQMQFTQAVE
TAP1*03:01-E7-L63-pre--suf--suf2-	TAP1*03:01	E7	63	63				VLLSIYPRVQKAVGSSEKIFEYLDRTPRCPPSGLLTPLHLEGLVQFQDVSFAYPNRPDVLVLQ
TAP1*03:01-E8-L58-pre--suf--suf2-	TAP1*03:01	E8	58	58				GLTFTLRPGEVTALVGPNGSGKSTVAALLQNLYQPTGGQLLLDGKPLPQYEHRYLHRQ
TAP1*03:01-E9-L54-pre--suf-G-suf2-	TAP1*03:01	E9	54	54		G		VAAVGQEPQVFGRSLQENIAYGLTQKPTMEEITAAAVKSGAHSFISGLPQGYDT
TAP1*04:01-E1-L199-pre--suf-G-suf2-	TAP1*04:01	E1	199	199		G		MASSRCPAPRGCRCLPGASLAWLGTVLLLLADWVLLRTALPRIFSLLVPTALPLLRVWAVGLSRWAVLWLGACGVLRATVGSKSENAGAQGWLAALKPLAAALGLALPGLALFRELISWGAPGSADSTRLLHWGSHPTAFVVSYAAALPAAALWHKLGSLWVPGGQGGSGNPVRRLLGCLGSETRRLSLFLVLVVLSSL
TAP1*04:01-E10-L45-pre-AG-suf--suf2-	TAP1*04:01	E10	45	45	AG			VGEAGSQLSGGQQQAVALARALIRKPCVLILDDATSALDANSQLQ
TAP1*04:01-E11-L69-pre--suf--suf2-	TAP1*04:01	E11	69	69				VEQLLYESPERYSRSVLLITQHLSLVEQADHILFLEGGAIREGGTHQQLMEKKGCYWAMVQAPADAPEX
TAP1*04:01-E2-L37-pre-GG-suf-AG-suf2-	TAP1*04:01	E2	37	37	GG	AG		EMAIPFFTGRLTDWILQDGSADTFTRNLTLMSILTIA
TAP1*04:01-E3-L43-pre-T-suf-G-suf2-	TAP1*04:01	E3	43	43	T	G		AVLEFVGDGIYNNTMGHVHSHLQGEVFGAVLRQETEFFQQNQT
TAP1*04:01-E4-L68-pre-GT-suf--suf2-	TAP1*04:01	E4	68	68	GT			NIMSRVTEDTSTLSDSLSENLSLFLWYLVRGLCLLGIMLWGSVSLTMVTLVTLPLLFLLPKKVGKWYQ
TAP1*04:01-E5-L66-pre--suf--suf2-	TAP1*04:01	E5	66	66				LLEVQVRESLAKSSQVAIEALSAMPTVRSFANEEGEAQKFREKLQEIKTLNQKEAVAYAVNSWTTS
TAP1*04:01-E6-L43-pre--suf--suf2-	TAP1*04:01	E6	43	43				ISGMLLKVGILYIGGQLVTSGAVSSGNLVTFVLYQMQFTQALE
TAP1*04:01-E7-L63-pre--suf--suf2-	TAP1*04:01	E7	63	63				VLLSIYPRVQKAVGSSEKIFEYLDRTPRCPPSGLLTPLHLEGLVQFQDVSFAYPNRPDVLVLQ
TAP1*04:01-E8-L58-pre--suf--suf2-	TAP1*04:01	E8	58	58				GLTFTLRPGEVTALVGPNGSGKSTVAALLQNLYQPTGGQLLLDGKPLPQYEHRYLHRQ
TAP1*04:01-E9-L54-pre--suf-G-suf2-	TAP1*04:01	E9	54	54		G		VAAVGQEPQVFGRSLQENIAYGLTQKPTMEEITAAAVKSGAHSFISGLPQGYDT
TAP1*05:01-E1-L199-pre--suf-G-suf2-	TAP1*05:01	E1	199	199		G		MASSRCPAPRGCRCLPGASLAWLGTVLLLLADWVLLRTALPRIFSLLVPTALPLLRVWAVGLSRWAVLWLGACGVLRATVGSKSENAGAQGWLAALKPLAAALGLALPGLALFRELISWGAPGSADSTRLPHWGSHPTAFVVSYAAALPAAALWHKLGSLWVPGGQGGSGNPVRRLLGCLGSETRRLSLFLVLVVLSSL
TAP1*05:01-E10-L45-pre-AG-suf--suf2-	TAP1*05:01	E10	45	45	AG			VGEAGSQLSGGQRQAVALARALIRKPCVLILDDATSALDANSQLQ
TAP1*05:01-E11-L69-pre--suf--suf2-	TAP1*05:01	E11	69	69				VEQLLYESPERYSRSVLLITQHLSLVEQADHILFLEGGAIREGGTHQQLMEKKGCYWAMVQAPADAPEX
TAP1*05:01-E2-L37-pre-GG-suf-AG-suf2-	TAP1*05:01	E2	37	37	GG	AG		EMAIPFFTGRLTDWILQDGSADTFTRNLTLMSILTIA
TAP1*05:01-E3-L43-pre-T-suf-G-suf2-	TAP1*05:01	E3	43	43	T	G		AVLEFVGDGIYNNTMGHVHSHLQGEVFGAVLRQETEFFQQNQT
TAP1*05:01-E4-L68-pre-GT-suf--suf2-	TAP1*05:01	E4	68	68	GT			NIMSRVTEDTSTLSDSLSENLSLFLWYLVRGLCLLGIMLWGSVSLTMVTLVTLPLLFLLPKKVGKWYQ
TAP1*05:01-E5-L66-pre--suf--suf2-	TAP1*05:01	E5	66	66				LLEVQVRESLAKSSQVAIEVLSAMPTVRSFANEEGEAQKFREKLQEIKTLNQKEAVAYAVNSWTTS
TAP1*05:01-E6-L43-pre--suf--suf2-	TAP1*05:01	E6	43	43				ISGMLLKVGILYIGGQLVTSGAVSSGNLVTFVLYQMQFTQAVE
TAP1*05:01-E7-L63-pre--suf--suf2-	TAP1*05:01	E7	63	63				VLLSIYPRVQKAVGSSEKIFEYLDRTPRCPPSGLLTPLHLEGLVQFQDVSFAYPNRPDILVLQ
TAP1*05:01-E8-L58-pre--suf--suf2-	TAP1*05:01	E8	58	58				GLTFTLRPGEVTALVGPNGSGKSTVAALLQNLYQPTGGQLLLDGKPLPQYEHRYLHRQ
TAP1*05:01-E9-L54-pre--suf-G-suf2-	TAP1*05:01	E9	54	54		G		VAAVGQEPQVFGRSLQENIAYGLTQKPTMEEITAAAVKSGAHSFISGLPQGYDT
TAP1*06:01-E1-L199-pre--suf-G-suf2-	TAP1*06:01	E1	199	199		G		MASSRCPAPRGCRCLPGASLAWLGTVLLLLADWVLLRTALPRIFSLLVPTALPLLRVWAVGLSRWAVLWLGACGVLRATGGSKSENAGAQGWLAALKPLAAALGLALPGLALFRELISWGAPGSADSTRLLHWGSHPTAFVVSYAAALPAAALWHKLGSLWVPGGQGGSGNPVRRLLGCLGSETRRLSLFLVLVVLSSL
TAP1*06:01-E10-L45-pre-AG-suf--suf2-	TAP1*06:01	E10	45	45	AG			VDEAGSQLSGGQRQAVALARALIRKPCVLILDDATSALDANSQLQ
TAP1*06:01-E11-L69-pre--suf--suf2-	TAP1*06:01	E11	69	69				VEQLLYESPERYSRSVLLITQHLSLVEQADHILFLEGGAIREGGTHQQLMEKKGCYWAMVQAPADAPEX
TAP1*06:01-E2-L37-pre-GG-suf-AG-suf2-	TAP1*06:01	E2	37	37	GG	AG		EMAIPFFTGRLTDWILQDGSADTFTRNLTLMSILTIA
TAP1*06:01-E3-L43-pre-T-suf-G-suf2-	TAP1*06:01	E3	43	43	T	G		AVLEFVGDGIYNNTMGHVHSHLQGEVFGAVLRQETEFFQQNQT
TAP1*06:01-E4-L68-pre-GT-suf--suf2-	TAP1*06:01	E4	68	68	GT			NIMSRVTEDTSTLSDSLSENLSLFLWYLVRGLCLLGIMLWGSVSLTMVTLITLPLLFLLPKKVGKWYQ
TAP1*06:01-E5-L66-pre--suf--suf2-	TAP1*06:01	E5	66	66				LLEVQVRESLAKSSQVAIEALSAMPTVRSFANEEGEAQKFREKLQEIKTLNQKEAVAYAVNSWTTS
TAP1*06:01-E6-L43-pre--suf--suf2-	TAP1*06:01	E6	43	43				ISGMLLKVGILYIGGQLVTSGAVSSGNLVTFVLYQMQFTQAVE
TAP1*06:01-E7-L63-pre--suf--suf2-	TAP1*06:01	E7	63	63				VLLSIYPRVQKAVGSSEKIFEYLDRTPRCPPSGLLTPLHLEGLVQFQDVSFAYPNRPDVLVLQ
TAP1*06:01-E8-L58-pre--suf--suf2-	TAP1*06:01	E8	58	58				GLTFTLRPGEVTALVGPNGSGKSTVAALLQNLYQPTGGQLLLDGKPLPQYEHRYLHRQ
TAP1*06:01-E9-L54-pre--suf-G-suf2-	TAP1*06:01	E9	54	54		G		VAAVGQEPQVFGRSLQENIAYGLTQKPTMEEITAAAVKSGAHSFISGLPQGYDT
