Y*01:01-E1-L24-pre--suf-G-suf2-	Y*01:01	E1	24	24		G		MAVVAPRTLLLLLSGALALTQTWA
Y*01:01-E2-L89-pre-GC-suf-G-suf2-	Y*01:01	E2	89	89	GC	G		SHSMRYFSTSVSRPGSGEPRFIAVGYVDDTQFVRFDSDAASQRMEPRAPWMEQEEPEYWDRQTQISKTNAQIDLESLRIALRYYNQSEA
Y*01:01-E3-L91-pre-GT-suf-G-suf2-	Y*01:01	E3	91	91	GT	G		SHTIQRMSGCDVGSDGRFLRGYRQDAYDGKDYIALNEDLRSWTAADMAAQITQRKWEAARQAEQLRAYLEGECMEWLRRYLENGKETLQRT
Y*01:01-E4-L91-pre-AC-suf-G-suf2-	Y*01:01	E4	91	113	AC	G		APKTHMTHHAVSDNEATLRCXALSFYPAEITLTWQRDGEDQTQDTELVETRPAGDGIFQ-------KWAA---------------VVVPSGEEQRYTCHVQHEGLPKPLTLRW
Y*01:01-E5-L38-pre-AG-suf-G-suf2-	Y*01:01	E5	38	38	AG	G		PSSHPTIPIVGILAGLVLFGAVIAGAVVAAVMWRRKSS
Y*01:01-E6-L10-pre-AT-suf-A-suf2-	Y*01:01	E6	10	10	AT	A		RKGGSYSQAA
Y*01:01-E7-L15-pre-GC-suf-G-suf2-	Y*01:01	E7	15	15	GC	G		SDIAQGSDVSLTACK
Y*02:01-E1-L24-pre--suf-G-suf2-	Y*02:01	E1	24	24		G		MAVVAPRTLLLLLSGALALTQTWA
Y*02:01-E2-L89-pre-GC-suf-G-suf2-	Y*02:01	E2	89	89	GC	G		SHSMRYFSTSVSRPGSGEPRFIAVGYVDDTQFVRFDSDAASQRMEPRAPWMEQEEPEYWDRQTEISKTNAQIDLESLRIALRYYNQSED
Y*02:01-E4-L91-pre-AC-suf-G-suf2-GG	Y*02:01	E4	91	113	AC	G	GG	PPPRHIX-------------------PTTPSLTMRPPXGAGPXASTLRRSHXPGSGMGRTRPRTRSSWRPGLQGMEPSRSGRLWWCLLDRSRDTPAMCSMRVCPSPSPXD---
Y*02:01-E5-L38-pre-AG-suf-G-suf2-	Y*02:01	E5	38	38	AG	G		PSSQPTIPIVGILAGLVLFGAVIAGAVVAAVMWRRKSS
Y*02:01-E6-L10-pre-AT-suf-A-suf2-	Y*02:01	E6	10	10	AT	A		RKGGSYSQAA
Y*02:01-E7-L15-pre-GC-suf-G-suf2-	Y*02:01	E7	15	15	GC	G		SDSAQGSDVSLTACK
Y*03:01-E1-L24-pre--suf-G-suf2-	Y*03:01	E1	24	24		G		MAVVAPRTLLLLLSGALALTQTWA
Y*03:01-E2-L89-pre-GC-suf-G-suf2-	Y*03:01	E2	89	89	GC	G		SHSMRYFSTSVSRPGSGEPRFIAVGYVDDTQFVRFDSDAASQRMEPRAPWMEQEEPEYWDRQTQISKTNAQIDLESLRIALRYYNQSEA
Y*03:01-E3-L91-pre-GT-suf-G-suf2-	Y*03:01	E3	91	91	GT	G		SHTIQRMSGCDVGSDGRFLRGYRQDAYDGKDYIALNEDLRSWTAADMAAQITQRKWEAARQAEQLRAYLEGECMEWLRRYLENGKETLQRT
Y*03:01-E4-L91-pre-AC-suf-G-suf2-GG	Y*03:01	E4	91	113	AC	G	GG	PPPRHIX-------------------PTTPSLTMRPPXGAGPXASTLRRSHXPGSGMGRTRPRTRSSWRPGLQGMEPSRSGRLWWCLLDRSRDTPAMCSMRVCPSPSPXD---
Y*03:01-E5-L38-pre-AG-suf-G-suf2-	Y*03:01	E5	38	38	AG	G		PSSQPTIPIVGILAGLVLFGAVIAGAVVAAVMWRRKSS
Y*03:01-E6-L10-pre-AT-suf-A-suf2-	Y*03:01	E6	10	10	AT	A		RKGGSYSQAA
Y*03:01-E7-L15-pre-GC-suf-G-suf2-	Y*03:01	E7	15	15	GC	G		SDSAQGSDVSLTACK
